content_id,title,content_type,genre,language,release_date,duration_minutes,content_rating,production_cost,content_status
5001,Golden Legacy,Series,Drama,Hindi,2018-01-02,21,1.1,500001.0,Removed
5002,Silent Empire,Documentary,Comedy,English,2018-01-03,22,1.2,500002.0,Upcoming
5003,Rising Dawn,Sports,Thriller,Tamil,2018-01-04,23,1.3,500003.0,available
5004,Broken Night,Movie,Romance,Kannada,2018-01-05,24,1.4,500004.0,Available
5005,Lost Warriors,Movie,action,Malayalam,2018-01-06,25,1.5,500005.0,Removed
5006,Hidden Destiny,Series,DRAMA,Telugu,2018-01-07,26,1.6,500006.0,Upcoming
5007,Sacred Journey,Documentary,Comedy,Hindi,2018-01-08,27,1.7,500007.0,available
5008,Wild Path,Sports,Horror,English,2018-01-09,28,1.8,500008.0,Available
5009,Iron Truth,Movie,Sci-Fi,Tamil,2018-01-10,29,1.9,500009.0,Removed
5010,Shadow Promise,Movie,Action,Kannada,2018-01-11,30,2.0,500010.0,Upcoming
5011,Burning Secrets,Series,Drama,Malayalam,2018-01-12,31,2.1,500011.0,available
5012,Last Chronicles,Documentary,Comedy,Telugu,2018-01-13,32,2.2,500012.0,Available
5013,First Tales,Sports,Thriller,Hindi,2018-01-14,33,2.3,500013.0,Removed
5014,Final Dreams,Movie,Romance,English,2018-01-15,34,2.4,500014.0,Upcoming
5015,Blue Valley,Movie,action,Tamil,2018-01-16,35,2.5,500015.0,available
5016,Red Mountain,Series,DRAMA,Kannada,2018-01-17,36,2.6,500016.0,Available
5017,Black River,Documentary,Comedy,,2018-01-18,37,2.7,500017.0,Removed
5018,White Sky,Sports,Horror,Telugu,2018-01-19,38,2.8,500018.0,Upcoming
5019,Crimson Ocean,Movie,Sci-Fi,Hindi,2018-01-20,39,2.9,500019.0,available
5020,Storm Horizon,Movie,Action,English,2018-01-21,40,3.0,500020.0,Available
5021,Fire Legacy,Series,Drama,Tamil,2018-01-22,41,3.1,500021.0,Removed
5022,Ice Empire,Documentary,Comedy,Kannada,2018-01-23,42,3.2,500022.0,Upcoming
5023,Steel Dawn,Sports,Thriller,Malayalam,2018-01-24,43,3.3,500023.0,available
5024,Thunder Night,Movie,Romance,Telugu,2018-01-25,44,3.4,500024.0,Available
5025,Dark Warriors,Movie,action,Hindi,2018-01-26,45,3.5,500025.0,Removed
5026,Golden Destiny,Series,DRAMA,English,2018-01-27,46,3.6,500026.0,Upcoming
5027,Silent Journey,Documentary,Comedy,Tamil,2018-01-28,47,3.7,500027.0,available
5028,Rising Path,Sports,Horror,Kannada,2018-01-29,48,3.8,500028.0,Available
5029,Broken Truth,Movie,Sci-Fi,Malayalam,2018-01-30,49,3.9,500029.0,Removed
5030,Lost Promise,Movie,Action,Telugu,2018-01-31,50,4.0,500030.0,Upcoming
5031,Hidden Secrets,Series,Drama,Hindi,2018-02-01,51,4.1,500031.0,available
5032,Sacred Chronicles,Documentary,Comedy,English,2018-02-02,52,4.2,500032.0,Available
5033,Wild Tales,Sports,Thriller,Tamil,2018-02-03,53,4.3,500033.0,Removed
5034,Iron Dreams,Movie,Romance,,2018-02-04,54,4.4,500034.0,Upcoming
5035,Shadow Valley,Movie,action,Malayalam,2018-02-05,55,4.5,500035.0,available
5036,Burning Mountain,Series,DRAMA,Telugu,2018-02-06,56,4.6,500036.0,Available
5037,Last River,Documentary,Comedy,Hindi,2018-02-07,57,4.7,500037.0,Removed
5038,First Sky,Sports,Horror,English,2018-02-08,58,4.8,500038.0,Upcoming
5039,Final Ocean,Movie,Sci-Fi,Tamil,2018-02-09,59,4.9,500039.0,available
5040,Blue Horizon,Movie,Action,Kannada,2018-02-10,60,1.0,500040.0,Available
5041,Red Legacy,Series,Drama,Malayalam,2018-02-11,61,1.1,500041.0,Removed
5042,Black Empire,Documentary,Comedy,Telugu,2018-02-12,62,1.2,500042.0,Upcoming
5043,White Dawn,Sports,Thriller,Hindi,2018-02-13,63,1.3,500043.0,available
5044,Crimson Night,Movie,Romance,English,2018-02-14,64,1.4,500044.0,Available
5045,Storm Warriors,Movie,action,Tamil,2018-02-15,65,1.5,500045.0,Removed
5046,Fire Destiny,Series,DRAMA,Kannada,2018-02-16,66,1.6,500046.0,Upcoming
5047,Ice Journey,Documentary,Comedy,Malayalam,2018-02-17,67,1.7,500047.0,available
5048,Steel Path,Sports,Horror,Telugu,2018-02-18,68,1.8,500048.0,Available
5049,Thunder Truth,Movie,Sci-Fi,Hindi,2018-02-19,69,1.9,500049.0,Removed
5050,Dark Promise,Movie,Action,English,2018-02-20,70,2.0,500050.0,Upcoming
5051,Golden Secrets,Series,Drama,,2018-02-21,71,2.1,500051.0,available
5052,Silent Chronicles,Documentary,Comedy,Kannada,2018-02-22,72,2.2,500052.0,Available
5053,Rising Tales,Sports,Thriller,Malayalam,2018-02-23,73,2.3,500053.0,Removed
5054,Broken Dreams,Movie,Romance,Telugu,2018-02-24,74,2.4,500054.0,Upcoming
5055,Lost Valley,Movie,action,Hindi,2018-02-25,75,2.5,500055.0,available
5056,Hidden Mountain,Series,DRAMA,English,2018-02-26,76,2.6,500056.0,Available
5057,Sacred River,Documentary,Comedy,Tamil,2018-02-27,77,2.7,500057.0,Removed
5058,Wild Sky,Sports,Horror,Kannada,2018-02-28,78,2.8,500058.0,Upcoming
5059,Iron Ocean,Movie,Sci-Fi,Malayalam,2018-03-01,79,2.9,500059.0,available
5060,Shadow Horizon,Movie,Action,Telugu,2018-03-02,80,3.0,500060.0,Available
5061,Burning Legacy,Series,Drama,Hindi,2018-03-03,81,3.1,500061.0,Removed
5062,Last Empire,Documentary,Comedy,English,2018-03-04,82,3.2,500062.0,Upcoming
5063,First Dawn,Sports,Thriller,Tamil,2018-03-05,83,3.3,500063.0,available
5064,Final Night,Movie,Romance,Kannada,2018-03-06,84,3.4,500064.0,Available
5065,Blue Warriors,Movie,action,Malayalam,2018-03-07,85,3.5,500065.0,Removed
5066,Red Destiny,Series,DRAMA,Telugu,2018-03-08,86,3.6,500066.0,Upcoming
5067,Black Journey,Documentary,Comedy,Hindi,2018-03-09,87,3.7,500067.0,available
5068,White Path,Sports,Horror,,2018-03-10,88,3.8,500068.0,Available
5069,Crimson Truth,Movie,Sci-Fi,Tamil,2018-03-11,89,3.9,500069.0,Removed
5070,Storm Promise,Movie,Action,Kannada,2018-03-12,90,4.0,500070.0,Upcoming
5071,Fire Secrets,Series,Drama,Malayalam,2018-03-13,91,4.1,500071.0,available
5072,Ice Chronicles,Documentary,Comedy,Telugu,2018-03-14,92,4.2,500072.0,Available
5073,Steel Tales,Sports,Thriller,Hindi,2018-03-15,93,4.3,500073.0,Removed
5074,Thunder Dreams,Movie,Romance,English,2018-03-16,94,4.4,500074.0,Upcoming
5075,Dark Valley,Movie,action,Tamil,2018-03-17,95,4.5,500075.0,available
5076,Golden Mountain,Series,DRAMA,Kannada,2018-03-18,96,4.6,500076.0,Available
5077,Silent River,Documentary,Comedy,Malayalam,2018-03-19,97,4.7,500077.0,Removed
5078,Rising Sky,Sports,Horror,Telugu,2018-03-20,98,4.8,500078.0,Upcoming
5079,Broken Ocean,Movie,Sci-Fi,Hindi,2018-03-21,99,4.9,500079.0,available
5080,Lost Horizon,Movie,Action,English,2018-03-22,100,1.0,500080.0,Available
5081,Hidden Legacy,Series,Drama,Tamil,2018-03-23,101,1.1,500081.0,Removed
5082,Sacred Empire,Documentary,Comedy,Kannada,2018-03-24,102,1.2,500082.0,Upcoming
5083,Wild Dawn,Sports,Thriller,Malayalam,2018-03-25,103,1.3,500083.0,available
5084,Iron Night,Movie,Romance,Telugu,2018-03-26,104,1.4,500084.0,Available
5085,Shadow Warriors,Movie,action,,2018-03-27,105,1.5,500085.0,Removed
5086,Burning Destiny,Series,DRAMA,English,2018-03-28,106,1.6,500086.0,Upcoming
5087,Last Journey,Documentary,Comedy,Tamil,2018-03-29,107,1.7,500087.0,available
5088,First Path,Sports,Horror,Kannada,2018-03-30,108,1.8,500088.0,Available
5089,Final Truth,Movie,Sci-Fi,Malayalam,2018-03-31,109,1.9,500089.0,Removed
5090,Blue Promise,Movie,Action,Telugu,2018-04-01,110,2.0,500090.0,Upcoming
5091,Red Secrets,Series,Drama,Hindi,2018-04-02,111,2.1,500091.0,available
5092,Black Chronicles,Documentary,Comedy,English,2018-04-03,112,2.2,500092.0,Available
5093,White Tales,Sports,Thriller,Tamil,2018-04-04,113,2.3,500093.0,Removed
5094,Crimson Dreams,Movie,Romance,Kannada,2018-04-05,114,2.4,500094.0,Upcoming
5095,Storm Valley,Movie,action,Malayalam,2018-04-06,115,2.5,500095.0,available
5096,Fire Mountain,Series,DRAMA,Telugu,2018-04-07,116,2.6,500096.0,Available
5097,Ice River,Documentary,Comedy,Hindi,2018-04-08,117,2.7,500097.0,Removed
5098,Steel Sky,Sports,Horror,English,2018-04-09,118,2.8,500098.0,Upcoming
5099,Thunder Ocean,Movie,Sci-Fi,Tamil,2018-04-10,119,2.9,500099.0,available
5100,Dark Horizon,Movie,Action,Kannada,2018-04-11,120,3.0,500100.0,Available
5101,Golden Legacy,Series,Drama,Malayalam,2018-04-12,121,3.1,500101.0,Removed
5102,Silent Empire,Documentary,Comedy,,2018-04-13,122,3.2,500102.0,Upcoming
5103,Rising Dawn,Sports,Thriller,Hindi,2018-04-14,123,3.3,500103.0,available
5104,Broken Night,Movie,Romance,English,2018-04-15,124,3.4,500104.0,Available
5105,Lost Warriors,Movie,action,Tamil,2018-04-16,125,3.5,500105.0,Removed
5106,Hidden Destiny,Series,DRAMA,Kannada,2018-04-17,126,3.6,500106.0,Upcoming
5107,Sacred Journey,Documentary,Comedy,Malayalam,2018-04-18,127,3.7,500107.0,available
5108,Wild Path,Sports,Horror,Telugu,2018-04-19,128,3.8,500108.0,Available
5109,Iron Truth,Movie,Sci-Fi,Hindi,2018-04-20,129,3.9,500109.0,Removed
5110,Shadow Promise,Movie,Action,English,2018-04-21,130,4.0,500110.0,Upcoming
5111,Burning Secrets,Series,Drama,Tamil,2018-04-22,131,4.1,500111.0,available
5112,Last Chronicles,Documentary,Comedy,Kannada,2018-04-23,132,4.2,500112.0,Available
5113,First Tales,Sports,Thriller,Malayalam,2018-04-24,133,4.3,500113.0,Removed
5114,Final Dreams,Movie,Romance,Telugu,2018-04-25,134,4.4,500114.0,Upcoming
5115,Blue Valley,Movie,action,Hindi,2018-04-26,135,4.5,500115.0,available
5116,Red Mountain,Series,DRAMA,English,2018-04-27,136,4.6,500116.0,Available
5117,Black River,Documentary,Comedy,Tamil,2018-04-28,137,4.7,500117.0,Removed
5118,White Sky,Sports,Horror,Kannada,2018-04-29,138,4.8,500118.0,Upcoming
5119,Crimson Ocean,Movie,Sci-Fi,,2018-04-30,139,4.9,500119.0,available
5120,Storm Horizon,Movie,Action,Telugu,2018-05-01,140,1.0,500120.0,Available
5121,Fire Legacy,Series,Drama,Hindi,2018-05-02,141,1.1,500121.0,Removed
5122,Ice Empire,Documentary,Comedy,English,2018-05-03,142,1.2,500122.0,Upcoming
5123,Steel Dawn,Sports,Thriller,Tamil,2018-05-04,143,1.3,500123.0,available
5124,Thunder Night,Movie,Romance,Kannada,2018-05-05,144,1.4,500124.0,Available
5125,Dark Warriors,Movie,action,Malayalam,2018-05-06,145,1.5,500125.0,Removed
5126,Golden Destiny,Series,DRAMA,Telugu,2018-05-07,146,1.6,500126.0,Upcoming
5127,Silent Journey,Documentary,Comedy,Hindi,2018-05-08,147,1.7,500127.0,available
5128,Rising Path,Sports,Horror,English,2018-05-09,148,1.8,500128.0,Available
5129,Broken Truth,Movie,Sci-Fi,Tamil,2018-05-10,149,1.9,500129.0,Removed
5130,Lost Promise,Movie,Action,Kannada,2018-05-11,150,2.0,500130.0,Upcoming
5131,Hidden Secrets,Series,Drama,Malayalam,2018-05-12,151,2.1,500131.0,available
5132,Sacred Chronicles,Documentary,Comedy,Telugu,2018-05-13,152,2.2,500132.0,Available
5133,Wild Tales,Sports,Thriller,Hindi,2018-05-14,153,2.3,500133.0,Removed
5134,Iron Dreams,Movie,Romance,English,2018-05-15,154,2.4,500134.0,Upcoming
5135,Shadow Valley,Movie,action,Tamil,2018-05-16,155,2.5,500135.0,available
5136,Burning Mountain,Series,DRAMA,,2018-05-17,156,2.6,500136.0,Available
5137,Last River,Documentary,Comedy,Malayalam,2018-05-18,157,2.7,500137.0,Removed
5138,First Sky,Sports,Horror,Telugu,2018-05-19,158,2.8,500138.0,Upcoming
5139,Final Ocean,Movie,Sci-Fi,Hindi,2018-05-20,159,2.9,500139.0,available
5140,Blue Horizon,Movie,Action,English,2018-05-21,160,3.0,500140.0,Available
5141,Red Legacy,Series,Drama,Tamil,2018-05-22,161,3.1,500141.0,Removed
5142,Black Empire,Documentary,Comedy,Kannada,2018-05-23,162,3.2,500142.0,Upcoming
5143,White Dawn,Sports,Thriller,Malayalam,2018-05-24,163,3.3,500143.0,available
5144,Crimson Night,Movie,Romance,Telugu,2018-05-25,164,3.4,500144.0,Available
5145,Storm Warriors,Movie,action,Hindi,2018-05-26,165,3.5,500145.0,Removed
5146,Fire Destiny,Series,DRAMA,English,2018-05-27,166,3.6,500146.0,Upcoming
5147,Ice Journey,Documentary,Comedy,Tamil,2018-05-28,167,3.7,500147.0,available
5148,Steel Path,Sports,Horror,Kannada,2018-05-29,168,3.8,500148.0,Available
5149,Thunder Truth,Movie,Sci-Fi,Malayalam,2018-05-30,169,3.9,500149.0,Removed
5150,Dark Promise,Movie,Action,Telugu,2018-05-31,170,4.0,500150.0,Upcoming
5151,Golden Secrets,Series,Drama,Hindi,2018-06-01,171,4.1,500151.0,available
5152,Silent Chronicles,Documentary,Comedy,English,2018-06-02,172,4.2,500152.0,Available
5153,Rising Tales,Sports,Thriller,,2018-06-03,173,4.3,500153.0,Removed
5154,Broken Dreams,Movie,Romance,Kannada,2018-06-04,174,4.4,500154.0,Upcoming
5155,Lost Valley,Movie,action,Malayalam,2018-06-05,175,4.5,500155.0,available
5156,Hidden Mountain,Series,DRAMA,Telugu,2018-06-06,176,4.6,500156.0,Available
5157,Sacred River,Documentary,Comedy,Hindi,2018-06-07,177,4.7,500157.0,Removed
5158,Wild Sky,Sports,Horror,English,2018-06-08,178,4.8,500158.0,Upcoming
5159,Iron Ocean,Movie,Sci-Fi,Tamil,2018-06-09,179,4.9,500159.0,available
5160,Shadow Horizon,Movie,Action,Kannada,2018-06-10,180,1.0,500160.0,Available
5161,Burning Legacy,Series,Drama,Malayalam,2018-06-11,181,1.1,500161.0,Removed
5162,Last Empire,Documentary,Comedy,Telugu,2018-06-12,182,1.2,500162.0,Upcoming
5163,First Dawn,Sports,Thriller,Hindi,2018-06-13,183,1.3,500163.0,available
5164,Final Night,Movie,Romance,English,2018-06-14,184,1.4,500164.0,Available
5165,Blue Warriors,Movie,action,Tamil,2018-06-15,185,1.5,500165.0,Removed
5166,Red Destiny,Series,DRAMA,Kannada,2018-06-16,186,1.6,500166.0,Upcoming
5167,Black Journey,Documentary,Comedy,Malayalam,2018-06-17,187,1.7,500167.0,available
5168,White Path,Sports,Horror,Telugu,2018-06-18,188,1.8,500168.0,Available
5169,Crimson Truth,Movie,Sci-Fi,Hindi,2018-06-19,189,1.9,500169.0,Removed
5170,Storm Promise,Movie,Action,,2018-06-20,190,2.0,500170.0,Upcoming
5171,Fire Secrets,Series,Drama,Tamil,2018-06-21,191,2.1,500171.0,available
5172,Ice Chronicles,Documentary,Comedy,Kannada,2018-06-22,192,2.2,500172.0,Available
5173,Steel Tales,Sports,Thriller,Malayalam,2018-06-23,193,2.3,500173.0,Removed
5174,Thunder Dreams,Movie,Romance,Telugu,2018-06-24,194,2.4,500174.0,Upcoming
5175,Dark Valley,Movie,action,Hindi,2018-06-25,195,2.5,500175.0,available
5176,Golden Mountain,Series,DRAMA,English,2018-06-26,196,2.6,500176.0,Available
5177,Silent River,Documentary,Comedy,Tamil,2018-06-27,197,2.7,500177.0,Removed
5178,Rising Sky,Sports,Horror,Kannada,2018-06-28,198,2.8,500178.0,Upcoming
5179,Broken Ocean,Movie,Sci-Fi,Malayalam,2018-06-29,199,2.9,500179.0,available
5180,Lost Horizon,Movie,Action,Telugu,2018-06-30,200,3.0,500180.0,Available
5181,Hidden Legacy,Series,Drama,Hindi,2018-07-01,201,3.1,500181.0,Removed
5182,Sacred Empire,Documentary,Comedy,English,2018-07-02,202,3.2,500182.0,Upcoming
5183,Wild Dawn,Sports,Thriller,Tamil,2018-07-03,203,3.3,500183.0,available
5184,Iron Night,Movie,Romance,Kannada,2018-07-04,204,3.4,500184.0,Available
5185,Shadow Warriors,Movie,action,Malayalam,2018-07-05,205,3.5,500185.0,Removed
5186,Burning Destiny,Series,DRAMA,Telugu,2018-07-06,206,3.6,500186.0,Upcoming
5187,Last Journey,Documentary,Comedy,,2018-07-07,207,3.7,500187.0,available
5188,First Path,Sports,Horror,English,2018-07-08,208,3.8,500188.0,Available
5189,Final Truth,Movie,Sci-Fi,Tamil,2018-07-09,209,3.9,500189.0,Removed
5190,Blue Promise,Movie,Action,Kannada,2018-07-10,210,4.0,500190.0,Upcoming
5191,Red Secrets,Series,Drama,Malayalam,2018-07-11,211,4.1,500191.0,available
5192,Black Chronicles,Documentary,Comedy,Telugu,2018-07-12,212,4.2,500192.0,Available
5193,White Tales,Sports,Thriller,Hindi,2018-07-13,213,4.3,500193.0,Removed
5194,Crimson Dreams,Movie,Romance,English,2018-07-14,214,4.4,500194.0,Upcoming
5195,Storm Valley,Movie,action,Tamil,2018-07-15,215,4.5,500195.0,available
5196,Fire Mountain,Series,DRAMA,Kannada,2018-07-16,216,4.6,500196.0,Available
5197,Ice River,Documentary,Comedy,Malayalam,2018-07-17,217,4.7,500197.0,Removed
5198,Steel Sky,Sports,Horror,Telugu,2018-07-18,218,4.8,500198.0,Upcoming
5199,Thunder Ocean,Movie,Sci-Fi,Hindi,2018-07-19,219,4.9,500199.0,available
5200,Dark Horizon,Movie,Action,English,2018-07-20,220,1.0,500200.0,Available
5201,Golden Legacy,Series,Drama,Tamil,2018-07-21,221,1.1,500201.0,Removed
5202,Silent Empire,Documentary,Comedy,Kannada,2018-07-22,222,1.2,500202.0,Upcoming
5203,Rising Dawn,Sports,Thriller,Malayalam,2018-07-23,223,1.3,500203.0,available
5204,Broken Night,Movie,Romance,,2018-07-24,224,1.4,500204.0,Available
5205,Lost Warriors,Movie,action,Hindi,2018-07-25,225,1.5,500205.0,Removed
5206,Hidden Destiny,Series,DRAMA,English,2018-07-26,226,1.6,500206.0,Upcoming
5207,Sacred Journey,Documentary,Comedy,Tamil,2018-07-27,227,1.7,500207.0,available
5208,Wild Path,Sports,Horror,Kannada,2018-07-28,228,1.8,500208.0,Available
5209,Iron Truth,Movie,Sci-Fi,Malayalam,2018-07-29,229,1.9,500209.0,Removed
5210,Shadow Promise,Movie,Action,Telugu,2018-07-30,230,2.0,500210.0,Upcoming
5211,Burning Secrets,Series,Drama,Hindi,2018-07-31,231,2.1,500211.0,available
5212,Last Chronicles,Documentary,Comedy,English,2018-08-01,232,2.2,500212.0,Available
5213,First Tales,Sports,Thriller,Tamil,2018-08-02,233,2.3,500213.0,Removed
5214,Final Dreams,Movie,Romance,Kannada,2018-08-03,234,2.4,500214.0,Upcoming
5215,Blue Valley,Movie,action,Malayalam,2018-08-04,235,2.5,500215.0,available
5216,Red Mountain,Series,DRAMA,Telugu,2018-08-05,236,2.6,500216.0,Available
5217,Black River,Documentary,Comedy,Hindi,2018-08-06,237,2.7,500217.0,Removed
5218,White Sky,Sports,Horror,English,2018-08-07,238,2.8,500218.0,Upcoming
5219,Crimson Ocean,Movie,Sci-Fi,Tamil,2018-08-08,239,2.9,500219.0,available
5220,Storm Horizon,Movie,Action,Kannada,2018-08-09,240,3.0,500220.0,Available
5221,Fire Legacy,Series,Drama,,2018-08-10,20,3.1,500221.0,Removed
5222,Ice Empire,Documentary,Comedy,Telugu,2018-08-11,21,3.2,500222.0,Upcoming
5223,Steel Dawn,Sports,Thriller,Hindi,2018-08-12,22,3.3,500223.0,available
5224,Thunder Night,Movie,Romance,English,2018-08-13,23,3.4,500224.0,Available
5225,Dark Warriors,Movie,action,Tamil,2018-08-14,24,3.5,500225.0,Removed
5226,Golden Destiny,Series,DRAMA,Kannada,2018-08-15,25,3.6,500226.0,Upcoming
5227,Silent Journey,Documentary,Comedy,Malayalam,2018-08-16,26,3.7,500227.0,available
5228,Rising Path,Sports,Horror,Telugu,2018-08-17,27,3.8,500228.0,Available
5229,Broken Truth,Movie,Sci-Fi,Hindi,2018-08-18,28,3.9,500229.0,Removed
5230,Lost Promise,Movie,Action,English,2018-08-19,29,4.0,500230.0,Upcoming
5231,Hidden Secrets,Series,Drama,Tamil,2018-08-20,30,4.1,500231.0,available
5232,Sacred Chronicles,Documentary,Comedy,Kannada,2018-08-21,31,4.2,500232.0,Available
5233,Wild Tales,Sports,Thriller,Malayalam,2018-08-22,32,4.3,500233.0,Removed
5234,Iron Dreams,Movie,Romance,Telugu,2018-08-23,33,4.4,500234.0,Upcoming
5235,Shadow Valley,Movie,action,Hindi,2018-08-24,34,4.5,500235.0,available
5236,Burning Mountain,Series,DRAMA,English,2018-08-25,35,4.6,500236.0,Available
5237,Last River,Documentary,Comedy,Tamil,2018-08-26,36,4.7,500237.0,Removed
5238,First Sky,Sports,Horror,,2018-08-27,37,4.8,500238.0,Upcoming
5239,Final Ocean,Movie,Sci-Fi,Malayalam,2018-08-28,38,4.9,500239.0,available
5240,Blue Horizon,Movie,Action,Telugu,2018-08-29,39,1.0,500240.0,Available
5241,Red Legacy,Series,Drama,Hindi,2018-08-30,40,1.1,500241.0,Removed
5242,Black Empire,Documentary,Comedy,English,2018-08-31,41,1.2,500242.0,Upcoming
5243,White Dawn,Sports,Thriller,Tamil,2018-09-01,42,1.3,500243.0,available
5244,Crimson Night,Movie,Romance,Kannada,2018-09-02,43,1.4,500244.0,Available
5245,Storm Warriors,Movie,action,Malayalam,2018-09-03,44,1.5,500245.0,Removed
5246,Fire Destiny,Series,DRAMA,Telugu,2018-09-04,45,1.6,500246.0,Upcoming
5247,Ice Journey,Documentary,Comedy,Hindi,2018-09-05,46,1.7,500247.0,available
5248,Steel Path,Sports,Horror,English,2018-09-06,47,1.8,500248.0,Available
5249,Thunder Truth,Movie,Sci-Fi,Tamil,2018-09-07,48,1.9,500249.0,Removed
5250,Dark Promise,Movie,Action,Kannada,2018-09-08,49,2.0,500250.0,Upcoming
5251,Golden Secrets,Series,Drama,Malayalam,2018-09-09,50,2.1,500251.0,available
5252,Silent Chronicles,Documentary,Comedy,Telugu,2018-09-10,51,2.2,500252.0,Available
5253,Rising Tales,Sports,Thriller,Hindi,2018-09-11,52,2.3,500253.0,Removed
5254,Broken Dreams,Movie,Romance,English,2018-09-12,53,2.4,500254.0,Upcoming
5255,Lost Valley,Movie,action,,2018-09-13,54,2.5,500255.0,available
5256,Hidden Mountain,Series,DRAMA,Kannada,2018-09-14,55,2.6,500256.0,Available
5257,Sacred River,Documentary,Comedy,Malayalam,2018-09-15,56,2.7,500257.0,Removed
5258,Wild Sky,Sports,Horror,Telugu,2018-09-16,57,2.8,500258.0,Upcoming
5259,Iron Ocean,Movie,Sci-Fi,Hindi,2018-09-17,58,2.9,500259.0,available
5260,Shadow Horizon,Movie,Action,English,2018-09-18,59,3.0,500260.0,Available
5261,Burning Legacy,Series,Drama,Tamil,2018-09-19,60,3.1,500261.0,Removed
5262,Last Empire,Documentary,Comedy,Kannada,2018-09-20,61,3.2,500262.0,Upcoming
5263,First Dawn,Sports,Thriller,Malayalam,2018-09-21,62,3.3,500263.0,available
5264,Final Night,Movie,Romance,Telugu,2018-09-22,63,3.4,500264.0,Available
5265,Blue Warriors,Movie,action,Hindi,2018-09-23,64,3.5,500265.0,Removed
5266,Red Destiny,Series,DRAMA,English,2018-09-24,65,3.6,500266.0,Upcoming
5267,Black Journey,Documentary,Comedy,Tamil,2018-09-25,66,3.7,500267.0,available
5268,White Path,Sports,Horror,Kannada,2018-09-26,67,3.8,500268.0,Available
5269,Crimson Truth,Movie,Sci-Fi,Malayalam,2018-09-27,68,3.9,500269.0,Removed
5270,Storm Promise,Movie,Action,Telugu,2018-09-28,69,4.0,500270.0,Upcoming
5271,Fire Secrets,Series,Drama,Hindi,2018-09-29,70,4.1,500271.0,available
5272,Ice Chronicles,Documentary,Comedy,,2018-09-30,71,4.2,500272.0,Available
5273,Steel Tales,Sports,Thriller,Tamil,2018-10-01,72,4.3,500273.0,Removed
5274,Thunder Dreams,Movie,Romance,Kannada,2018-10-02,73,4.4,500274.0,Upcoming
5275,Dark Valley,Movie,action,Malayalam,2018-10-03,74,4.5,500275.0,available
5276,Golden Mountain,Series,DRAMA,Telugu,2018-10-04,75,4.6,500276.0,Available
5277,Silent River,Documentary,Comedy,Hindi,2018-10-05,76,4.7,500277.0,Removed
5278,Rising Sky,Sports,Horror,English,2018-10-06,77,4.8,500278.0,Upcoming
5279,Broken Ocean,Movie,Sci-Fi,Tamil,2018-10-07,78,4.9,500279.0,available
5280,Lost Horizon,Movie,Action,Kannada,2018-10-08,79,1.0,500280.0,Available
5281,Hidden Legacy,Series,Drama,Malayalam,2018-10-09,80,1.1,500281.0,Removed
5282,Sacred Empire,Documentary,Comedy,Telugu,2018-10-10,81,1.2,500282.0,Upcoming
5283,Wild Dawn,Sports,Thriller,Hindi,2018-10-11,82,1.3,500283.0,available
5284,Iron Night,Movie,Romance,English,2018-10-12,83,1.4,500284.0,Available
5285,Shadow Warriors,Movie,action,Tamil,2018-10-13,84,1.5,500285.0,Removed
5286,Burning Destiny,Series,DRAMA,Kannada,2018-10-14,85,1.6,500286.0,Upcoming
5287,Last Journey,Documentary,Comedy,Malayalam,2018-10-15,86,1.7,500287.0,available
5288,First Path,Sports,Horror,Telugu,2018-10-16,87,1.8,500288.0,Available
5289,Final Truth,Movie,Sci-Fi,,2018-10-17,88,1.9,500289.0,Removed
5290,Blue Promise,Movie,Action,English,2018-10-18,89,2.0,500290.0,Upcoming
5291,Red Secrets,Series,Drama,Tamil,2018-10-19,90,2.1,500291.0,available
5292,Black Chronicles,Documentary,Comedy,Kannada,2018-10-20,91,2.2,500292.0,Available
5293,White Tales,Sports,Thriller,Malayalam,2018-10-21,92,2.3,500293.0,Removed
5294,Crimson Dreams,Movie,Romance,Telugu,2018-10-22,93,2.4,500294.0,Upcoming
5295,Storm Valley,Movie,action,Hindi,2018-10-23,94,2.5,500295.0,available
5296,Fire Mountain,Series,DRAMA,English,2018-10-24,95,2.6,500296.0,Available
5297,Ice River,Documentary,Comedy,Tamil,2018-10-25,96,2.7,500297.0,Removed
5298,Steel Sky,Sports,Horror,Kannada,2018-10-26,97,2.8,500298.0,Upcoming
5299,Thunder Ocean,Movie,Sci-Fi,Malayalam,2018-10-27,98,2.9,500299.0,available
5300,Dark Horizon,Movie,Action,Telugu,2018-10-28,99,3.0,500300.0,Available
5301,Golden Legacy,Series,Drama,Hindi,2018-10-29,100,3.1,500301.0,Removed
5302,Silent Empire,Documentary,Comedy,English,2018-10-30,101,3.2,500302.0,Upcoming
5303,Rising Dawn,Sports,Thriller,Tamil,2018-10-31,102,3.3,500303.0,available
5304,Broken Night,Movie,Romance,Kannada,2018-11-01,103,3.4,500304.0,Available
5305,Lost Warriors,Movie,action,Malayalam,2018-11-02,104,3.5,500305.0,Removed
5306,Hidden Destiny,Series,DRAMA,,2018-11-03,105,3.6,500306.0,Upcoming
5307,Sacred Journey,Documentary,Comedy,Hindi,2018-11-04,106,3.7,500307.0,available
5308,Wild Path,Sports,Horror,English,2018-11-05,107,3.8,500308.0,Available
5309,Iron Truth,Movie,Sci-Fi,Tamil,2018-11-06,108,3.9,500309.0,Removed
5310,Shadow Promise,Movie,Action,Kannada,2018-11-07,109,4.0,500310.0,Upcoming
5311,Burning Secrets,Series,Drama,Malayalam,2018-11-08,110,4.1,500311.0,available
5312,Last Chronicles,Documentary,Comedy,Telugu,2018-11-09,111,4.2,500312.0,Available
5313,First Tales,Sports,Thriller,Hindi,2018-11-10,112,4.3,500313.0,Removed
5314,Final Dreams,Movie,Romance,English,2018-11-11,113,4.4,500314.0,Upcoming
5315,Blue Valley,Movie,action,Tamil,2018-11-12,114,4.5,500315.0,available
5316,Red Mountain,Series,DRAMA,Kannada,2018-11-13,115,4.6,500316.0,Available
5317,Black River,Documentary,Comedy,Malayalam,2018-11-14,116,4.7,500317.0,Removed
5318,White Sky,Sports,Horror,Telugu,2018-11-15,117,4.8,500318.0,Upcoming
5319,Crimson Ocean,Movie,Sci-Fi,Hindi,2018-11-16,118,4.9,500319.0,available
5320,Storm Horizon,Movie,Action,English,2018-11-17,119,1.0,500320.0,Available
5321,Fire Legacy,Series,Drama,Tamil,2018-11-18,120,1.1,500321.0,Removed
5322,Ice Empire,Documentary,Comedy,Kannada,2018-11-19,121,1.2,500322.0,Upcoming
5323,Steel Dawn,Sports,Thriller,,2018-11-20,122,1.3,500323.0,available
5324,Thunder Night,Movie,Romance,Telugu,2018-11-21,123,1.4,500324.0,Available
5325,Dark Warriors,Movie,action,Hindi,2018-11-22,124,1.5,500325.0,Removed
5326,Golden Destiny,Series,DRAMA,English,2018-11-23,125,1.6,500326.0,Upcoming
5327,Silent Journey,Documentary,Comedy,Tamil,2018-11-24,126,1.7,500327.0,available
5328,Rising Path,Sports,Horror,Kannada,2018-11-25,127,1.8,500328.0,Available
5329,Broken Truth,Movie,Sci-Fi,Malayalam,2018-11-26,128,1.9,500329.0,Removed
5330,Lost Promise,Movie,Action,Telugu,2018-11-27,129,2.0,500330.0,Upcoming
5331,Hidden Secrets,Series,Drama,Hindi,2018-11-28,130,2.1,500331.0,available
5332,Sacred Chronicles,Documentary,Comedy,English,2018-11-29,131,2.2,500332.0,Available
5333,Wild Tales,Sports,Thriller,Tamil,2018-11-30,132,2.3,500333.0,Removed
5334,Iron Dreams,Movie,Romance,Kannada,2018-12-01,133,2.4,500334.0,Upcoming
5335,Shadow Valley,Movie,action,Malayalam,2018-12-02,134,2.5,500335.0,available
5336,Burning Mountain,Series,DRAMA,Telugu,2018-12-03,135,2.6,500336.0,Available
5337,Last River,Documentary,Comedy,Hindi,2018-12-04,136,2.7,500337.0,Removed
5338,First Sky,Sports,Horror,English,2018-12-05,137,2.8,500338.0,Upcoming
5339,Final Ocean,Movie,Sci-Fi,Tamil,2018-12-06,138,2.9,500339.0,available
5340,Blue Horizon,Movie,Action,,2018-12-07,139,3.0,500340.0,Available
5341,Red Legacy,Series,Drama,Malayalam,2018-12-08,140,3.1,500341.0,Removed
5342,Black Empire,Documentary,Comedy,Telugu,2018-12-09,141,3.2,500342.0,Upcoming
5343,White Dawn,Sports,Thriller,Hindi,2018-12-10,142,3.3,500343.0,available
5344,Crimson Night,Movie,Romance,English,2018-12-11,143,3.4,500344.0,Available
5345,Storm Warriors,Movie,action,Tamil,2018-12-12,144,3.5,500345.0,Removed
5346,Fire Destiny,Series,DRAMA,Kannada,2018-12-13,145,3.6,500346.0,Upcoming
5347,Ice Journey,Documentary,Comedy,Malayalam,2018-12-14,146,3.7,500347.0,available
5348,Steel Path,Sports,Horror,Telugu,2018-12-15,147,3.8,500348.0,Available
5349,Thunder Truth,Movie,Sci-Fi,Hindi,2018-12-16,148,3.9,500349.0,Removed
5350,Dark Promise,Movie,Action,English,2018-12-17,149,4.0,500350.0,Upcoming
5351,Golden Secrets,Series,Drama,Tamil,2018-12-18,150,4.1,500351.0,available
5352,Silent Chronicles,Documentary,Comedy,Kannada,2018-12-19,151,4.2,500352.0,Available
5353,Rising Tales,Sports,Thriller,Malayalam,2018-12-20,152,4.3,500353.0,Removed
5354,Broken Dreams,Movie,Romance,Telugu,2018-12-21,153,4.4,500354.0,Upcoming
5355,Lost Valley,Movie,action,Hindi,2018-12-22,154,4.5,500355.0,available
5356,Hidden Mountain,Series,DRAMA,English,2018-12-23,155,4.6,500356.0,Available
5357,Sacred River,Documentary,Comedy,,2018-12-24,156,4.7,500357.0,Removed
5358,Wild Sky,Sports,Horror,Kannada,2018-12-25,157,4.8,500358.0,Upcoming
5359,Iron Ocean,Movie,Sci-Fi,Malayalam,2018-12-26,158,4.9,500359.0,available
5360,Shadow Horizon,Movie,Action,Telugu,2018-12-27,159,1.0,500360.0,Available
5361,Burning Legacy,Series,Drama,Hindi,2018-12-28,160,1.1,500361.0,Removed
5362,Last Empire,Documentary,Comedy,English,2018-12-29,161,1.2,500362.0,Upcoming
5363,First Dawn,Sports,Thriller,Tamil,2018-12-30,162,1.3,500363.0,available
5364,Final Night,Movie,Romance,Kannada,2018-12-31,163,1.4,500364.0,Available
5365,Blue Warriors,Movie,action,Malayalam,2019-01-01,164,1.5,500365.0,Removed
5366,Red Destiny,Series,DRAMA,Telugu,2019-01-02,165,1.6,500366.0,Upcoming
5367,Black Journey,Documentary,Comedy,Hindi,2019-01-03,166,1.7,500367.0,available
5368,White Path,Sports,Horror,English,2019-01-04,167,1.8,500368.0,Available
5369,Crimson Truth,Movie,Sci-Fi,Tamil,2019-01-05,168,1.9,500369.0,Removed
5370,Storm Promise,Movie,Action,Kannada,2019-01-06,169,2.0,500370.0,Upcoming
5371,Fire Secrets,Series,Drama,Malayalam,2019-01-07,170,2.1,500371.0,available
5372,Ice Chronicles,Documentary,Comedy,Telugu,2019-01-08,171,2.2,500372.0,Available
5373,Steel Tales,Sports,Thriller,Hindi,2019-01-09,172,2.3,500373.0,Removed
5374,Thunder Dreams,Movie,Romance,,2019-01-10,173,2.4,500374.0,Upcoming
5375,Dark Valley,Movie,action,Tamil,2019-01-11,174,2.5,500375.0,available
5376,Golden Mountain,Series,DRAMA,Kannada,2019-01-12,175,2.6,500376.0,Available
5377,Silent River,Documentary,Comedy,Malayalam,2019-01-13,176,2.7,500377.0,Removed
5378,Rising Sky,Sports,Horror,Telugu,2019-01-14,177,2.8,500378.0,Upcoming
5379,Broken Ocean,Movie,Sci-Fi,Hindi,2019-01-15,178,2.9,500379.0,available
5380,Lost Horizon,Movie,Action,English,2019-01-16,179,3.0,500380.0,Available
5381,Hidden Legacy,Series,Drama,Tamil,2019-01-17,180,3.1,500381.0,Removed
5382,Sacred Empire,Documentary,Comedy,Kannada,2019-01-18,181,3.2,500382.0,Upcoming
5383,Wild Dawn,Sports,Thriller,Malayalam,2019-01-19,182,3.3,500383.0,available
5384,Iron Night,Movie,Romance,Telugu,2019-01-20,183,3.4,500384.0,Available
5385,Shadow Warriors,Movie,action,Hindi,2019-01-21,184,3.5,500385.0,Removed
5386,Burning Destiny,Series,DRAMA,English,2019-01-22,185,3.6,500386.0,Upcoming
5387,Last Journey,Documentary,Comedy,Tamil,2019-01-23,186,3.7,500387.0,available
5388,First Path,Sports,Horror,Kannada,2019-01-24,187,3.8,500388.0,Available
5389,Final Truth,Movie,Sci-Fi,Malayalam,2019-01-25,188,3.9,500389.0,Removed
5390,Blue Promise,Movie,Action,Telugu,2019-01-26,189,4.0,500390.0,Upcoming
5391,Red Secrets,Series,Drama,,2019-01-27,190,4.1,500391.0,available
5392,Black Chronicles,Documentary,Comedy,English,2019-01-28,191,4.2,500392.0,Available
5393,White Tales,Sports,Thriller,Tamil,2019-01-29,192,4.3,500393.0,Removed
5394,Crimson Dreams,Movie,Romance,Kannada,2019-01-30,193,4.4,500394.0,Upcoming
5395,Storm Valley,Movie,action,Malayalam,2019-01-31,194,4.5,500395.0,available
5396,Fire Mountain,Series,DRAMA,Telugu,2019-02-01,195,4.6,500396.0,Available
5397,Ice River,Documentary,Comedy,Hindi,2019-02-02,196,4.7,500397.0,Removed
5398,Steel Sky,Sports,Horror,English,2019-02-03,197,4.8,500398.0,Upcoming
5399,Thunder Ocean,Movie,Sci-Fi,Tamil,2019-02-04,198,4.9,500399.0,available
5400,Dark Horizon,Movie,Action,Kannada,2019-02-05,199,1.0,500400.0,Available
5401,Golden Legacy,Series,Drama,Malayalam,2019-02-06,200,1.1,500401.0,Removed
5402,Silent Empire,Documentary,Comedy,Telugu,2019-02-07,201,1.2,500402.0,Upcoming
5403,Rising Dawn,Sports,Thriller,Hindi,2019-02-08,202,1.3,500403.0,available
5404,Broken Night,Movie,Romance,English,2019-02-09,203,1.4,500404.0,Available
5405,Lost Warriors,Movie,action,Tamil,2019-02-10,204,1.5,500405.0,Removed
5406,Hidden Destiny,Series,DRAMA,Kannada,2019-02-11,205,1.6,500406.0,Upcoming
5407,Sacred Journey,Documentary,Comedy,Malayalam,2019-02-12,206,1.7,500407.0,available
5408,Wild Path,Sports,Horror,,2019-02-13,207,1.8,500408.0,Available
5409,Iron Truth,Movie,Sci-Fi,Hindi,2019-02-14,208,1.9,500409.0,Removed
5410,Shadow Promise,Movie,Action,English,2019-02-15,209,2.0,500410.0,Upcoming
5411,Burning Secrets,Series,Drama,Tamil,2019-02-16,210,2.1,500411.0,available
5412,Last Chronicles,Documentary,Comedy,Kannada,2019-02-17,211,2.2,500412.0,Available
5413,First Tales,Sports,Thriller,Malayalam,2019-02-18,212,2.3,500413.0,Removed
5414,Final Dreams,Movie,Romance,Telugu,2019-02-19,213,2.4,500414.0,Upcoming
5415,Blue Valley,Movie,action,Hindi,2019-02-20,214,2.5,500415.0,available
5416,Red Mountain,Series,DRAMA,English,2019-02-21,215,2.6,500416.0,Available
5417,Black River,Documentary,Comedy,Tamil,2019-02-22,216,2.7,500417.0,Removed
5418,White Sky,Sports,Horror,Kannada,2019-02-23,217,2.8,500418.0,Upcoming
5419,Crimson Ocean,Movie,Sci-Fi,Malayalam,2019-02-24,218,2.9,500419.0,available
5420,Storm Horizon,Movie,Action,Telugu,2019-02-25,219,3.0,500420.0,Available
5421,Fire Legacy,Series,Drama,Hindi,2019-02-26,220,3.1,500421.0,Removed
5422,Ice Empire,Documentary,Comedy,English,2019-02-27,221,3.2,500422.0,Upcoming
5423,Steel Dawn,Sports,Thriller,Tamil,2019-02-28,222,3.3,500423.0,available
5424,Thunder Night,Movie,Romance,Kannada,2019-03-01,223,3.4,500424.0,Available
5425,Dark Warriors,Movie,action,,2019-03-02,224,3.5,500425.0,Removed
5426,Golden Destiny,Series,DRAMA,Telugu,2019-03-03,225,3.6,500426.0,Upcoming
5427,Silent Journey,Documentary,Comedy,Hindi,2019-03-04,226,3.7,500427.0,available
5428,Rising Path,Sports,Horror,English,2019-03-05,227,3.8,500428.0,Available
5429,Broken Truth,Movie,Sci-Fi,Tamil,2019-03-06,228,3.9,500429.0,Removed
5430,Lost Promise,Movie,Action,Kannada,2019-03-07,229,4.0,500430.0,Upcoming
5431,Hidden Secrets,Series,Drama,Malayalam,2019-03-08,230,4.1,500431.0,available
5432,Sacred Chronicles,Documentary,Comedy,Telugu,2019-03-09,231,4.2,500432.0,Available
5433,Wild Tales,Sports,Thriller,Hindi,2019-03-10,232,4.3,500433.0,Removed
5434,Iron Dreams,Movie,Romance,English,2019-03-11,233,4.4,500434.0,Upcoming
5435,Shadow Valley,Movie,action,Tamil,2019-03-12,234,4.5,500435.0,available
5436,Burning Mountain,Series,DRAMA,Kannada,2019-03-13,235,4.6,500436.0,Available
5437,Last River,Documentary,Comedy,Malayalam,2019-03-14,236,4.7,500437.0,Removed
5438,First Sky,Sports,Horror,Telugu,2019-03-15,237,4.8,500438.0,Upcoming
5439,Final Ocean,Movie,Sci-Fi,Hindi,2019-03-16,238,4.9,500439.0,available
5440,Blue Horizon,Movie,Action,English,2019-03-17,239,1.0,500440.0,Available
5441,Red Legacy,Series,Drama,Tamil,2019-03-18,240,1.1,500441.0,Removed
5442,Black Empire,Documentary,Comedy,,2019-03-19,20,1.2,500442.0,Upcoming
5443,White Dawn,Sports,Thriller,Malayalam,2019-03-20,21,1.3,500443.0,available
5444,Crimson Night,Movie,Romance,Telugu,2019-03-21,22,1.4,500444.0,Available
5445,Storm Warriors,Movie,action,Hindi,2019-03-22,23,1.5,500445.0,Removed
5446,Fire Destiny,Series,DRAMA,English,2019-03-23,24,1.6,500446.0,Upcoming
5447,Ice Journey,Documentary,Comedy,Tamil,2019-03-24,25,1.7,500447.0,available
5448,Steel Path,Sports,Horror,Kannada,2019-03-25,26,1.8,500448.0,Available
5449,Thunder Truth,Movie,Sci-Fi,Malayalam,2019-03-26,27,1.9,500449.0,Removed
5450,Dark Promise,Movie,Action,Telugu,2019-03-27,28,2.0,500450.0,Upcoming
5451,Golden Secrets,Series,Drama,Hindi,2019-03-28,29,2.1,500451.0,available
5452,Silent Chronicles,Documentary,Comedy,English,2019-03-29,30,2.2,500452.0,Available
5453,Rising Tales,Sports,Thriller,Tamil,2019-03-30,31,2.3,500453.0,Removed
5454,Broken Dreams,Movie,Romance,Kannada,2019-03-31,32,2.4,500454.0,Upcoming
5455,Lost Valley,Movie,action,Malayalam,2019-04-01,33,2.5,500455.0,available
5456,Hidden Mountain,Series,DRAMA,Telugu,2019-04-02,34,2.6,500456.0,Available
5457,Sacred River,Documentary,Comedy,Hindi,2019-04-03,35,2.7,500457.0,Removed
5458,Wild Sky,Sports,Horror,English,2019-04-04,36,2.8,500458.0,Upcoming
5459,Iron Ocean,Movie,Sci-Fi,,2019-04-05,37,2.9,500459.0,available
5460,Shadow Horizon,Movie,Action,Kannada,2019-04-06,38,3.0,500460.0,Available
5461,Burning Legacy,Series,Drama,Malayalam,2019-04-07,39,3.1,500461.0,Removed
5462,Last Empire,Documentary,Comedy,Telugu,2019-04-08,40,3.2,500462.0,Upcoming
5463,First Dawn,Sports,Thriller,Hindi,2019-04-09,41,3.3,500463.0,available
5464,Final Night,Movie,Romance,English,2019-04-10,42,3.4,500464.0,Available
5465,Blue Warriors,Movie,action,Tamil,2019-04-11,43,3.5,500465.0,Removed
5466,Red Destiny,Series,DRAMA,Kannada,2019-04-12,44,3.6,500466.0,Upcoming
5467,Black Journey,Documentary,Comedy,Malayalam,2019-04-13,45,3.7,500467.0,available
5468,White Path,Sports,Horror,Telugu,2019-04-14,46,3.8,500468.0,Available
5469,Crimson Truth,Movie,Sci-Fi,Hindi,2019-04-15,47,3.9,500469.0,Removed
5470,Storm Promise,Movie,Action,English,2019-04-16,48,4.0,500470.0,Upcoming
5471,Fire Secrets,Series,Drama,Tamil,2019-04-17,49,4.1,500471.0,available
5472,Ice Chronicles,Documentary,Comedy,Kannada,2019-04-18,50,4.2,500472.0,Available
5473,Steel Tales,Sports,Thriller,Malayalam,2019-04-19,51,4.3,500473.0,Removed
5474,Thunder Dreams,Movie,Romance,Telugu,2019-04-20,52,4.4,500474.0,Upcoming
5475,Dark Valley,Movie,action,Hindi,2019-04-21,53,4.5,500475.0,available
5476,Golden Mountain,Series,DRAMA,,2019-04-22,54,4.6,500476.0,Available
5477,Silent River,Documentary,Comedy,Tamil,2019-04-23,55,4.7,500477.0,Removed
5478,Rising Sky,Sports,Horror,Kannada,2019-04-24,56,4.8,500478.0,Upcoming
5479,Broken Ocean,Movie,Sci-Fi,Malayalam,2019-04-25,57,4.9,500479.0,available
5480,Lost Horizon,Movie,Action,Telugu,2019-04-26,58,1.0,500480.0,Available
5481,Hidden Legacy,Series,Drama,Hindi,2019-04-27,59,1.1,500481.0,Removed
5482,Sacred Empire,Documentary,Comedy,English,2019-04-28,60,1.2,500482.0,Upcoming
5483,Wild Dawn,Sports,Thriller,Tamil,2019-04-29,61,1.3,500483.0,available
5484,Iron Night,Movie,Romance,Kannada,2019-04-30,62,1.4,500484.0,Available
5485,Shadow Warriors,Movie,action,Malayalam,2019-05-01,63,1.5,500485.0,Removed
5486,Burning Destiny,Series,DRAMA,Telugu,2019-05-02,64,1.6,500486.0,Upcoming
5487,Last Journey,Documentary,Comedy,Hindi,2019-05-03,65,1.7,500487.0,available
5488,First Path,Sports,Horror,English,2019-05-04,66,1.8,500488.0,Available
5489,Final Truth,Movie,Sci-Fi,Tamil,2019-05-05,67,1.9,500489.0,Removed
5490,Blue Promise,Movie,Action,Kannada,2019-05-06,68,2.0,500490.0,Upcoming
5491,Red Secrets,Series,Drama,Malayalam,2019-05-07,69,2.1,500491.0,available
5492,Black Chronicles,Documentary,Comedy,Telugu,2019-05-08,70,2.2,500492.0,Available
5493,White Tales,Sports,Thriller,,2019-05-09,71,2.3,500493.0,Removed
5494,Crimson Dreams,Movie,Romance,English,2019-05-10,72,2.4,500494.0,Upcoming
5495,Storm Valley,Movie,action,Tamil,2019-05-11,73,2.5,500495.0,available
5496,Fire Mountain,Series,DRAMA,Kannada,2019-05-12,74,2.6,500496.0,Available
5497,Ice River,Documentary,Comedy,Malayalam,2019-05-13,75,2.7,500497.0,Removed
5498,Steel Sky,Sports,Horror,Telugu,2019-05-14,76,2.8,500498.0,Upcoming
5499,Thunder Ocean,Movie,Sci-Fi,Hindi,2019-05-15,77,2.9,500499.0,available
5500,Dark Horizon,Movie,Action,English,2019-05-16,78,3.0,500500.0,Available
5501,Golden Legacy,Series,Drama,Tamil,2019-05-17,79,3.1,500501.0,Removed
5502,Silent Empire,Documentary,Comedy,Kannada,2019-05-18,80,3.2,500502.0,Upcoming
5503,Rising Dawn,Sports,Thriller,Malayalam,2019-05-19,81,3.3,500503.0,available
5504,Broken Night,Movie,Romance,Telugu,2019-05-20,82,3.4,500504.0,Available
5505,Lost Warriors,Movie,action,Hindi,2019-05-21,83,3.5,500505.0,Removed
5506,Hidden Destiny,Series,DRAMA,English,2019-05-22,84,3.6,500506.0,Upcoming
5507,Sacred Journey,Documentary,Comedy,Tamil,2019-05-23,85,3.7,500507.0,available
5508,Wild Path,Sports,Horror,Kannada,2019-05-24,86,3.8,500508.0,Available
5509,Iron Truth,Movie,Sci-Fi,Malayalam,2019-05-25,87,3.9,500509.0,Removed
5510,Shadow Promise,Movie,Action,,2019-05-26,88,4.0,500510.0,Upcoming
5511,Burning Secrets,Series,Drama,Hindi,2019-05-27,89,4.1,500511.0,available
5512,Last Chronicles,Documentary,Comedy,English,2019-05-28,90,4.2,500512.0,Available
5513,First Tales,Sports,Thriller,Tamil,2019-05-29,91,4.3,500513.0,Removed
5514,Final Dreams,Movie,Romance,Kannada,2019-05-30,92,4.4,500514.0,Upcoming
5515,Blue Valley,Movie,action,Malayalam,2019-05-31,93,4.5,500515.0,available
5516,Red Mountain,Series,DRAMA,Telugu,2019-06-01,94,4.6,500516.0,Available
5517,Black River,Documentary,Comedy,Hindi,2019-06-02,95,4.7,500517.0,Removed
5518,White Sky,Sports,Horror,English,2019-06-03,96,4.8,500518.0,Upcoming
5519,Crimson Ocean,Movie,Sci-Fi,Tamil,2019-06-04,97,4.9,500519.0,available
5520,Storm Horizon,Movie,Action,Kannada,2019-06-05,98,1.0,500520.0,Available
5521,Fire Legacy,Series,Drama,Malayalam,2019-06-06,99,1.1,500521.0,Removed
5522,Ice Empire,Documentary,Comedy,Telugu,2019-06-07,100,1.2,500522.0,Upcoming
5523,Steel Dawn,Sports,Thriller,Hindi,2019-06-08,101,1.3,500523.0,available
5524,Thunder Night,Movie,Romance,English,2019-06-09,102,1.4,500524.0,Available
5525,Dark Warriors,Movie,action,Tamil,2019-06-10,103,1.5,500525.0,Removed
5526,Golden Destiny,Series,DRAMA,Kannada,2019-06-11,104,1.6,500526.0,Upcoming
5527,Silent Journey,Documentary,Comedy,,2019-06-12,105,1.7,500527.0,available
5528,Rising Path,Sports,Horror,Telugu,2019-06-13,106,1.8,500528.0,Available
5529,Broken Truth,Movie,Sci-Fi,Hindi,2019-06-14,107,1.9,500529.0,Removed
5530,Lost Promise,Movie,Action,English,2019-06-15,108,2.0,500530.0,Upcoming
5531,Hidden Secrets,Series,Drama,Tamil,2019-06-16,109,2.1,500531.0,available
5532,Sacred Chronicles,Documentary,Comedy,Kannada,2019-06-17,110,2.2,500532.0,Available
5533,Wild Tales,Sports,Thriller,Malayalam,2019-06-18,111,2.3,500533.0,Removed
5534,Iron Dreams,Movie,Romance,Telugu,2019-06-19,112,2.4,500534.0,Upcoming
5535,Shadow Valley,Movie,action,Hindi,2019-06-20,113,2.5,500535.0,available
5536,Burning Mountain,Series,DRAMA,English,2019-06-21,114,2.6,500536.0,Available
5537,Last River,Documentary,Comedy,Tamil,2019-06-22,115,2.7,500537.0,Removed
5538,First Sky,Sports,Horror,Kannada,2019-06-23,116,2.8,500538.0,Upcoming
5539,Final Ocean,Movie,Sci-Fi,Malayalam,2019-06-24,117,2.9,500539.0,available
5540,Blue Horizon,Movie,Action,Telugu,2019-06-25,118,3.0,500540.0,Available
5541,Red Legacy,Series,Drama,Hindi,2019-06-26,119,3.1,500541.0,Removed
5542,Black Empire,Documentary,Comedy,English,2019-06-27,120,3.2,500542.0,Upcoming
5543,White Dawn,Sports,Thriller,Tamil,2019-06-28,121,3.3,500543.0,available
5544,Crimson Night,Movie,Romance,,2019-06-29,122,3.4,500544.0,Available
5545,Storm Warriors,Movie,action,Malayalam,2019-06-30,123,3.5,500545.0,Removed
5546,Fire Destiny,Series,DRAMA,Telugu,2019-07-01,124,3.6,500546.0,Upcoming
5547,Ice Journey,Documentary,Comedy,Hindi,2019-07-02,125,3.7,500547.0,available
5548,Steel Path,Sports,Horror,English,2019-07-03,126,3.8,500548.0,Available
5549,Thunder Truth,Movie,Sci-Fi,Tamil,2019-07-04,127,3.9,500549.0,Removed
5550,Dark Promise,Movie,Action,Kannada,2019-07-05,128,4.0,500550.0,Upcoming
5551,Golden Secrets,Series,Drama,Malayalam,2019-07-06,129,4.1,500551.0,available
5552,Silent Chronicles,Documentary,Comedy,Telugu,2019-07-07,130,4.2,500552.0,Available
5553,Rising Tales,Sports,Thriller,Hindi,2019-07-08,131,4.3,500553.0,Removed
5554,Broken Dreams,Movie,Romance,English,2019-07-09,132,4.4,500554.0,Upcoming
5555,Lost Valley,Movie,action,Tamil,2019-07-10,133,4.5,500555.0,available
5556,Hidden Mountain,Series,DRAMA,Kannada,2019-07-11,134,4.6,500556.0,Available
5557,Sacred River,Documentary,Comedy,Malayalam,2019-07-12,135,4.7,500557.0,Removed
5558,Wild Sky,Sports,Horror,Telugu,2019-07-13,136,4.8,500558.0,Upcoming
5559,Iron Ocean,Movie,Sci-Fi,Hindi,2019-07-14,137,4.9,500559.0,available
5560,Shadow Horizon,Movie,Action,English,2019-07-15,138,1.0,500560.0,Available
5561,Burning Legacy,Series,Drama,,2019-07-16,139,1.1,500561.0,Removed
5562,Last Empire,Documentary,Comedy,Kannada,2019-07-17,140,1.2,500562.0,Upcoming
5563,First Dawn,Sports,Thriller,Malayalam,2019-07-18,141,1.3,500563.0,available
5564,Final Night,Movie,Romance,Telugu,2019-07-19,142,1.4,500564.0,Available
5565,Blue Warriors,Movie,action,Hindi,2019-07-20,143,1.5,500565.0,Removed
5566,Red Destiny,Series,DRAMA,English,2019-07-21,144,1.6,500566.0,Upcoming
5567,Black Journey,Documentary,Comedy,Tamil,2019-07-22,145,1.7,500567.0,available
5568,White Path,Sports,Horror,Kannada,2019-07-23,146,1.8,500568.0,Available
5569,Crimson Truth,Movie,Sci-Fi,Malayalam,2019-07-24,147,1.9,500569.0,Removed
5570,Storm Promise,Movie,Action,Telugu,2019-07-25,148,2.0,500570.0,Upcoming
5571,Fire Secrets,Series,Drama,Hindi,2019-07-26,149,2.1,500571.0,available
5572,Ice Chronicles,Documentary,Comedy,English,2019-07-27,150,2.2,500572.0,Available
5573,Steel Tales,Sports,Thriller,Tamil,2019-07-28,151,2.3,500573.0,Removed
5574,Thunder Dreams,Movie,Romance,Kannada,2019-07-29,152,2.4,500574.0,Upcoming
5575,Dark Valley,Movie,action,Malayalam,2019-07-30,153,2.5,500575.0,available
5576,Golden Mountain,Series,DRAMA,Telugu,2019-07-31,154,2.6,500576.0,Available
5577,Silent River,Documentary,Comedy,Hindi,2019-08-01,155,2.7,500577.0,Removed
5578,Rising Sky,Sports,Horror,,2019-08-02,156,2.8,500578.0,Upcoming
5579,Broken Ocean,Movie,Sci-Fi,Tamil,2019-08-03,157,2.9,500579.0,available
5580,Lost Horizon,Movie,Action,Kannada,2019-08-04,158,3.0,500580.0,Available
5581,Hidden Legacy,Series,Drama,Malayalam,2019-08-05,159,3.1,500581.0,Removed
5582,Sacred Empire,Documentary,Comedy,Telugu,2019-08-06,160,3.2,500582.0,Upcoming
5583,Wild Dawn,Sports,Thriller,Hindi,2019-08-07,161,3.3,500583.0,available
5584,Iron Night,Movie,Romance,English,2019-08-08,162,3.4,500584.0,Available
5585,Shadow Warriors,Movie,action,Tamil,2019-08-09,163,3.5,500585.0,Removed
5586,Burning Destiny,Series,DRAMA,Kannada,2019-08-10,164,3.6,500586.0,Upcoming
5587,Last Journey,Documentary,Comedy,Malayalam,2019-08-11,165,3.7,500587.0,available
5588,First Path,Sports,Horror,Telugu,2019-08-12,166,3.8,500588.0,Available
5589,Final Truth,Movie,Sci-Fi,Hindi,2019-08-13,167,3.9,500589.0,Removed
5590,Blue Promise,Movie,Action,English,2019-08-14,168,4.0,500590.0,Upcoming
5591,Red Secrets,Series,Drama,Tamil,2019-08-15,169,4.1,500591.0,available
5592,Black Chronicles,Documentary,Comedy,Kannada,2019-08-16,170,4.2,500592.0,Available
5593,White Tales,Sports,Thriller,Malayalam,2019-08-17,171,4.3,500593.0,Removed
5594,Crimson Dreams,Movie,Romance,Telugu,2019-08-18,172,4.4,500594.0,Upcoming
5595,Storm Valley,Movie,action,,2019-08-19,173,4.5,500595.0,available
5596,Fire Mountain,Series,DRAMA,English,2019-08-20,174,4.6,500596.0,Available
5597,Ice River,Documentary,Comedy,Tamil,2019-08-21,175,4.7,500597.0,Removed
5598,Steel Sky,Sports,Horror,Kannada,2019-08-22,176,4.8,500598.0,Upcoming
5599,Thunder Ocean,Movie,Sci-Fi,Malayalam,2019-08-23,177,4.9,500599.0,available
5600,Dark Horizon,Movie,Action,Telugu,2019-08-24,178,1.0,500600.0,Available
5601,Golden Legacy,Series,Drama,Hindi,2019-08-25,179,1.1,500601.0,Removed
5602,Silent Empire,Documentary,Comedy,English,2019-08-26,180,1.2,500602.0,Upcoming
5603,Rising Dawn,Sports,Thriller,Tamil,2019-08-27,181,1.3,500603.0,available
5604,Broken Night,Movie,Romance,Kannada,2019-08-28,182,1.4,500604.0,Available
5605,Lost Warriors,Movie,action,Malayalam,2019-08-29,183,1.5,500605.0,Removed
5606,Hidden Destiny,Series,DRAMA,Telugu,2019-08-30,184,1.6,500606.0,Upcoming
5607,Sacred Journey,Documentary,Comedy,Hindi,2019-08-31,185,1.7,500607.0,available
5608,Wild Path,Sports,Horror,English,2019-09-01,186,1.8,500608.0,Available
5609,Iron Truth,Movie,Sci-Fi,Tamil,2019-09-02,187,1.9,500609.0,Removed
5610,Shadow Promise,Movie,Action,Kannada,2019-09-03,188,2.0,500610.0,Upcoming
5611,Burning Secrets,Series,Drama,Malayalam,2019-09-04,189,2.1,500611.0,available
5612,Last Chronicles,Documentary,Comedy,,2019-09-05,190,2.2,500612.0,Available
5613,First Tales,Sports,Thriller,Hindi,2019-09-06,191,2.3,500613.0,Removed
5614,Final Dreams,Movie,Romance,English,2019-09-07,192,2.4,500614.0,Upcoming
5615,Blue Valley,Movie,action,Tamil,2019-09-08,193,2.5,500615.0,available
5616,Red Mountain,Series,DRAMA,Kannada,2019-09-09,194,2.6,500616.0,Available
5617,Black River,Documentary,Comedy,Malayalam,2019-09-10,195,2.7,500617.0,Removed
5618,White Sky,Sports,Horror,Telugu,2019-09-11,196,2.8,500618.0,Upcoming
5619,Crimson Ocean,Movie,Sci-Fi,Hindi,2019-09-12,197,2.9,500619.0,available
5620,Storm Horizon,Movie,Action,English,2019-09-13,198,3.0,500620.0,Available
5621,Fire Legacy,Series,Drama,Tamil,2019-09-14,199,3.1,500621.0,Removed
5622,Ice Empire,Documentary,Comedy,Kannada,2019-09-15,200,3.2,500622.0,Upcoming
5623,Steel Dawn,Sports,Thriller,Malayalam,2019-09-16,201,3.3,500623.0,available
5624,Thunder Night,Movie,Romance,Telugu,2019-09-17,202,3.4,500624.0,Available
5625,Dark Warriors,Movie,action,Hindi,2019-09-18,203,3.5,500625.0,Removed
5626,Golden Destiny,Series,DRAMA,English,2019-09-19,204,3.6,500626.0,Upcoming
5627,Silent Journey,Documentary,Comedy,Tamil,2019-09-20,205,3.7,500627.0,available
5628,Rising Path,Sports,Horror,Kannada,2019-09-21,206,3.8,500628.0,Available
5629,Broken Truth,Movie,Sci-Fi,,2019-09-22,207,3.9,500629.0,Removed
5630,Lost Promise,Movie,Action,Telugu,2019-09-23,208,4.0,500630.0,Upcoming
5631,Hidden Secrets,Series,Drama,Hindi,2019-09-24,209,4.1,500631.0,available
5632,Sacred Chronicles,Documentary,Comedy,English,2019-09-25,210,4.2,500632.0,Available
5633,Wild Tales,Sports,Thriller,Tamil,2019-09-26,211,4.3,500633.0,Removed
5634,Iron Dreams,Movie,Romance,Kannada,2019-09-27,212,4.4,500634.0,Upcoming
5635,Shadow Valley,Movie,action,Malayalam,2019-09-28,213,4.5,500635.0,available
5636,Burning Mountain,Series,DRAMA,Telugu,2019-09-29,214,4.6,500636.0,Available
5637,Last River,Documentary,Comedy,Hindi,2019-09-30,215,4.7,500637.0,Removed
5638,First Sky,Sports,Horror,English,2019-10-01,216,4.8,500638.0,Upcoming
5639,Final Ocean,Movie,Sci-Fi,Tamil,2019-10-02,217,4.9,500639.0,available
5640,Blue Horizon,Movie,Action,Kannada,2019-10-03,218,1.0,500640.0,Available
5641,Red Legacy,Series,Drama,Malayalam,2019-10-04,219,1.1,500641.0,Removed
5642,Black Empire,Documentary,Comedy,Telugu,2019-10-05,220,1.2,500642.0,Upcoming
5643,White Dawn,Sports,Thriller,Hindi,2019-10-06,221,1.3,500643.0,available
5644,Crimson Night,Movie,Romance,English,2019-10-07,222,1.4,500644.0,Available
5645,Storm Warriors,Movie,action,Tamil,2019-10-08,223,1.5,500645.0,Removed
5646,Fire Destiny,Series,DRAMA,,2019-10-09,224,1.6,500646.0,Upcoming
5647,Ice Journey,Documentary,Comedy,Malayalam,2019-10-10,225,1.7,500647.0,available
5648,Steel Path,Sports,Horror,Telugu,2019-10-11,226,1.8,500648.0,Available
5649,Thunder Truth,Movie,Sci-Fi,Hindi,2019-10-12,227,1.9,500649.0,Removed
5650,Dark Promise,Movie,Action,English,2019-10-13,228,2.0,500650.0,Upcoming
5651,Golden Secrets,Series,Drama,Tamil,2019-10-14,229,2.1,500651.0,available
5652,Silent Chronicles,Documentary,Comedy,Kannada,2019-10-15,230,2.2,500652.0,Available
5653,Rising Tales,Sports,Thriller,Malayalam,2019-10-16,231,2.3,500653.0,Removed
5654,Broken Dreams,Movie,Romance,Telugu,2019-10-17,232,2.4,500654.0,Upcoming
5655,Lost Valley,Movie,action,Hindi,2019-10-18,233,2.5,500655.0,available
5656,Hidden Mountain,Series,DRAMA,English,2019-10-19,234,2.6,500656.0,Available
5657,Sacred River,Documentary,Comedy,Tamil,2019-10-20,235,2.7,500657.0,Removed
5658,Wild Sky,Sports,Horror,Kannada,2019-10-21,236,2.8,500658.0,Upcoming
5659,Iron Ocean,Movie,Sci-Fi,Malayalam,2019-10-22,237,2.9,500659.0,available
5660,Shadow Horizon,Movie,Action,Telugu,2019-10-23,238,3.0,500660.0,Available
5661,Burning Legacy,Series,Drama,Hindi,2019-10-24,239,3.1,500661.0,Removed
5662,Last Empire,Documentary,Comedy,English,2019-10-25,240,3.2,500662.0,Upcoming
5663,First Dawn,Sports,Thriller,,2019-10-26,20,3.3,500663.0,available
5664,Final Night,Movie,Romance,Kannada,2019-10-27,21,3.4,500664.0,Available
5665,Blue Warriors,Movie,action,Malayalam,2019-10-28,22,3.5,500665.0,Removed
5666,Red Destiny,Series,DRAMA,Telugu,2019-10-29,23,3.6,500666.0,Upcoming
5667,Black Journey,Documentary,Comedy,Hindi,2019-10-30,24,3.7,500667.0,available
5668,White Path,Sports,Horror,English,2019-10-31,25,3.8,500668.0,Available
5669,Crimson Truth,Movie,Sci-Fi,Tamil,2019-11-01,26,3.9,500669.0,Removed
5670,Storm Promise,Movie,Action,Kannada,2019-11-02,27,4.0,500670.0,Upcoming
5671,Fire Secrets,Series,Drama,Malayalam,2019-11-03,28,4.1,500671.0,available
5672,Ice Chronicles,Documentary,Comedy,Telugu,2019-11-04,29,4.2,500672.0,Available
5673,Steel Tales,Sports,Thriller,Hindi,2019-11-05,30,4.3,500673.0,Removed
5674,Thunder Dreams,Movie,Romance,English,2019-11-06,31,4.4,500674.0,Upcoming
5675,Dark Valley,Movie,action,Tamil,2019-11-07,32,4.5,500675.0,available
5676,Golden Mountain,Series,DRAMA,Kannada,2019-11-08,33,4.6,500676.0,Available
5677,Silent River,Documentary,Comedy,Malayalam,2019-11-09,34,4.7,500677.0,Removed
5678,Rising Sky,Sports,Horror,Telugu,2019-11-10,35,4.8,500678.0,Upcoming
5679,Broken Ocean,Movie,Sci-Fi,Hindi,2019-11-11,36,4.9,500679.0,available
5680,Lost Horizon,Movie,Action,,2019-11-12,37,1.0,500680.0,Available
5681,Hidden Legacy,Series,Drama,Tamil,2019-11-13,38,1.1,500681.0,Removed
5682,Sacred Empire,Documentary,Comedy,Kannada,2019-11-14,39,1.2,500682.0,Upcoming
5683,Wild Dawn,Sports,Thriller,Malayalam,2019-11-15,40,1.3,500683.0,available
5684,Iron Night,Movie,Romance,Telugu,2019-11-16,41,1.4,500684.0,Available
5685,Shadow Warriors,Movie,action,Hindi,2019-11-17,42,1.5,500685.0,Removed
5686,Burning Destiny,Series,DRAMA,English,2019-11-18,43,1.6,500686.0,Upcoming
5687,Last Journey,Documentary,Comedy,Tamil,2019-11-19,44,1.7,500687.0,available
5688,First Path,Sports,Horror,Kannada,2019-11-20,45,1.8,500688.0,Available
5689,Final Truth,Movie,Sci-Fi,Malayalam,2019-11-21,46,1.9,500689.0,Removed
5690,Blue Promise,Movie,Action,Telugu,2019-11-22,47,2.0,500690.0,Upcoming
5691,Red Secrets,Series,Drama,Hindi,2019-11-23,48,2.1,500691.0,available
5692,Black Chronicles,Documentary,Comedy,English,2019-11-24,49,2.2,500692.0,Available
5693,White Tales,Sports,Thriller,Tamil,2019-11-25,50,2.3,500693.0,Removed
5694,Crimson Dreams,Movie,Romance,Kannada,2019-11-26,51,2.4,500694.0,Upcoming
5695,Storm Valley,Movie,action,Malayalam,2019-11-27,52,2.5,500695.0,available
5696,Fire Mountain,Series,DRAMA,Telugu,2019-11-28,53,2.6,500696.0,Available
5697,Ice River,Documentary,Comedy,,2019-11-29,54,2.7,500697.0,Removed
5698,Steel Sky,Sports,Horror,English,2019-11-30,55,2.8,500698.0,Upcoming
5699,Thunder Ocean,Movie,Sci-Fi,Tamil,2019-12-01,56,2.9,500699.0,available
5700,Dark Horizon,Movie,Action,Kannada,2019-12-02,57,3.0,500700.0,Available
5701,Golden Legacy,Series,Drama,Malayalam,2019-12-03,58,3.1,500701.0,Removed
5702,Silent Empire,Documentary,Comedy,Telugu,2019-12-04,59,3.2,500702.0,Upcoming
5703,Rising Dawn,Sports,Thriller,Hindi,2019-12-05,60,3.3,500703.0,available
5704,Broken Night,Movie,Romance,English,2019-12-06,61,3.4,500704.0,Available
5705,Lost Warriors,Movie,action,Tamil,2019-12-07,62,3.5,500705.0,Removed
5706,Hidden Destiny,Series,DRAMA,Kannada,2019-12-08,63,3.6,500706.0,Upcoming
5707,Sacred Journey,Documentary,Comedy,Malayalam,2019-12-09,64,3.7,500707.0,available
5708,Wild Path,Sports,Horror,Telugu,2019-12-10,65,3.8,500708.0,Available
5709,Iron Truth,Movie,Sci-Fi,Hindi,2019-12-11,66,3.9,500709.0,Removed
5710,Shadow Promise,Movie,Action,English,2019-12-12,67,4.0,500710.0,Upcoming
5711,Burning Secrets,Series,Drama,Tamil,2019-12-13,68,4.1,500711.0,available
5712,Last Chronicles,Documentary,Comedy,Kannada,2019-12-14,69,4.2,500712.0,Available
5713,First Tales,Sports,Thriller,Malayalam,2019-12-15,70,4.3,500713.0,Removed
5714,Final Dreams,Movie,Romance,,2019-12-16,71,4.4,500714.0,Upcoming
5715,Blue Valley,Movie,action,Hindi,2019-12-17,72,4.5,500715.0,available
5716,Red Mountain,Series,DRAMA,English,2019-12-18,73,4.6,500716.0,Available
5717,Black River,Documentary,Comedy,Tamil,2019-12-19,74,4.7,500717.0,Removed
5718,White Sky,Sports,Horror,Kannada,2019-12-20,75,4.8,500718.0,Upcoming
5719,Crimson Ocean,Movie,Sci-Fi,Malayalam,2019-12-21,76,4.9,500719.0,available
5720,Storm Horizon,Movie,Action,Telugu,2019-12-22,77,1.0,500720.0,Available
5721,Fire Legacy,Series,Drama,Hindi,2019-12-23,78,1.1,500721.0,Removed
5722,Ice Empire,Documentary,Comedy,English,2019-12-24,79,1.2,500722.0,Upcoming
5723,Steel Dawn,Sports,Thriller,Tamil,2019-12-25,80,1.3,500723.0,available
5724,Thunder Night,Movie,Romance,Kannada,2019-12-26,81,1.4,500724.0,Available
5725,Dark Warriors,Movie,action,Malayalam,2019-12-27,82,1.5,500725.0,Removed
5726,Golden Destiny,Series,DRAMA,Telugu,2019-12-28,83,1.6,500726.0,Upcoming
5727,Silent Journey,Documentary,Comedy,Hindi,2019-12-29,84,1.7,500727.0,available
5728,Rising Path,Sports,Horror,English,2019-12-30,85,1.8,500728.0,Available
5729,Broken Truth,Movie,Sci-Fi,Tamil,2019-12-31,86,1.9,500729.0,Removed
5730,Lost Promise,Movie,Action,Kannada,2020-01-01,87,2.0,500730.0,Upcoming
5731,Hidden Secrets,Series,Drama,,2020-01-02,88,2.1,500731.0,available
5732,Sacred Chronicles,Documentary,Comedy,Telugu,2020-01-03,89,2.2,500732.0,Available
5733,Wild Tales,Sports,Thriller,Hindi,2020-01-04,90,2.3,500733.0,Removed
5734,Iron Dreams,Movie,Romance,English,2020-01-05,91,2.4,500734.0,Upcoming
5735,Shadow Valley,Movie,action,Tamil,2020-01-06,92,2.5,500735.0,available
5736,Burning Mountain,Series,DRAMA,Kannada,2020-01-07,93,2.6,500736.0,Available
5737,Last River,Documentary,Comedy,Malayalam,2020-01-08,94,2.7,500737.0,Removed
5738,First Sky,Sports,Horror,Telugu,2020-01-09,95,2.8,500738.0,Upcoming
5739,Final Ocean,Movie,Sci-Fi,Hindi,2020-01-10,96,2.9,500739.0,available
5740,Blue Horizon,Movie,Action,English,2020-01-11,97,3.0,500740.0,Available
5741,Red Legacy,Series,Drama,Tamil,2020-01-12,98,3.1,500741.0,Removed
5742,Black Empire,Documentary,Comedy,Kannada,2020-01-13,99,3.2,500742.0,Upcoming
5743,White Dawn,Sports,Thriller,Malayalam,2020-01-14,100,3.3,500743.0,available
5744,Crimson Night,Movie,Romance,Telugu,2020-01-15,101,3.4,500744.0,Available
5745,Storm Warriors,Movie,action,Hindi,2020-01-16,102,3.5,500745.0,Removed
5746,Fire Destiny,Series,DRAMA,English,2020-01-17,103,3.6,500746.0,Upcoming
5747,Ice Journey,Documentary,Comedy,Tamil,2020-01-18,104,3.7,500747.0,available
5748,Steel Path,Sports,Horror,,2020-01-19,105,3.8,500748.0,Available
5749,Thunder Truth,Movie,Sci-Fi,Malayalam,2020-01-20,106,3.9,500749.0,Removed
5750,Dark Promise,Movie,Action,Telugu,2020-01-21,107,4.0,500750.0,Upcoming
5751,Golden Secrets,Series,Drama,Hindi,2020-01-22,108,4.1,500751.0,available
5752,Silent Chronicles,Documentary,Comedy,English,2020-01-23,109,4.2,500752.0,Available
5753,Rising Tales,Sports,Thriller,Tamil,2020-01-24,110,4.3,500753.0,Removed
5754,Broken Dreams,Movie,Romance,Kannada,2020-01-25,111,4.4,500754.0,Upcoming
5755,Lost Valley,Movie,action,Malayalam,2020-01-26,112,4.5,500755.0,available
5756,Hidden Mountain,Series,DRAMA,Telugu,2020-01-27,113,4.6,500756.0,Available
5757,Sacred River,Documentary,Comedy,Hindi,2020-01-28,114,4.7,500757.0,Removed
5758,Wild Sky,Sports,Horror,English,2020-01-29,115,4.8,500758.0,Upcoming
5759,Iron Ocean,Movie,Sci-Fi,Tamil,2020-01-30,116,4.9,500759.0,available
5760,Shadow Horizon,Movie,Action,Kannada,2020-01-31,117,1.0,500760.0,Available
5761,Burning Legacy,Series,Drama,Malayalam,2020-02-01,118,1.1,500761.0,Removed
5762,Last Empire,Documentary,Comedy,Telugu,2020-02-02,119,1.2,500762.0,Upcoming
5763,First Dawn,Sports,Thriller,Hindi,2020-02-03,120,1.3,500763.0,available
5764,Final Night,Movie,Romance,English,2020-02-04,121,1.4,500764.0,Available
5765,Blue Warriors,Movie,action,,2020-02-05,122,1.5,500765.0,Removed
5766,Red Destiny,Series,DRAMA,Kannada,2020-02-06,123,1.6,500766.0,Upcoming
5767,Black Journey,Documentary,Comedy,Malayalam,2020-02-07,124,1.7,500767.0,available
5768,White Path,Sports,Horror,Telugu,2020-02-08,125,1.8,500768.0,Available
5769,Crimson Truth,Movie,Sci-Fi,Hindi,2020-02-09,126,1.9,500769.0,Removed
5770,Storm Promise,Movie,Action,English,2020-02-10,127,2.0,500770.0,Upcoming
5771,Fire Secrets,Series,Drama,Tamil,2020-02-11,128,2.1,500771.0,available
5772,Ice Chronicles,Documentary,Comedy,Kannada,2020-02-12,129,2.2,500772.0,Available
5773,Steel Tales,Sports,Thriller,Malayalam,2020-02-13,130,2.3,500773.0,Removed
5774,Thunder Dreams,Movie,Romance,Telugu,2020-02-14,131,2.4,500774.0,Upcoming
5775,Dark Valley,Movie,action,Hindi,2020-02-15,132,2.5,500775.0,available
5776,Golden Mountain,Series,DRAMA,English,2020-02-16,133,2.6,500776.0,Available
5777,Silent River,Documentary,Comedy,Tamil,2020-02-17,134,2.7,500777.0,Removed
5778,Rising Sky,Sports,Horror,Kannada,2020-02-18,135,2.8,500778.0,Upcoming
5779,Broken Ocean,Movie,Sci-Fi,Malayalam,2020-02-19,136,2.9,500779.0,available
5780,Lost Horizon,Movie,Action,Telugu,2020-02-20,137,3.0,500780.0,Available
5781,Hidden Legacy,Series,Drama,Hindi,2020-02-21,138,3.1,500781.0,Removed
5782,Sacred Empire,Documentary,Comedy,,2020-02-22,139,3.2,500782.0,Upcoming
5783,Wild Dawn,Sports,Thriller,Tamil,2020-02-23,140,3.3,500783.0,available
5784,Iron Night,Movie,Romance,Kannada,2020-02-24,141,3.4,500784.0,Available
5785,Shadow Warriors,Movie,action,Malayalam,2020-02-25,142,3.5,500785.0,Removed
5786,Burning Destiny,Series,DRAMA,Telugu,2020-02-26,143,3.6,500786.0,Upcoming
5787,Last Journey,Documentary,Comedy,Hindi,2020-02-27,144,3.7,500787.0,available
5788,First Path,Sports,Horror,English,2020-02-28,145,3.8,500788.0,Available
5789,Final Truth,Movie,Sci-Fi,Tamil,2020-02-29,146,3.9,500789.0,Removed
5790,Blue Promise,Movie,Action,Kannada,2020-03-01,147,4.0,500790.0,Upcoming
5791,Red Secrets,Series,Drama,Malayalam,2020-03-02,148,4.1,500791.0,available
5792,Black Chronicles,Documentary,Comedy,Telugu,2020-03-03,149,4.2,500792.0,Available
5793,White Tales,Sports,Thriller,Hindi,2020-03-04,150,4.3,500793.0,Removed
5794,Crimson Dreams,Movie,Romance,English,2020-03-05,151,4.4,500794.0,Upcoming
5795,Storm Valley,Movie,action,Tamil,2020-03-06,152,4.5,500795.0,available
5796,Fire Mountain,Series,DRAMA,Kannada,2020-03-07,153,4.6,500796.0,Available
5797,Ice River,Documentary,Comedy,Malayalam,2020-03-08,154,4.7,500797.0,Removed
5798,Steel Sky,Sports,Horror,Telugu,2020-03-09,155,4.8,500798.0,Upcoming
5799,Thunder Ocean,Movie,Sci-Fi,,2020-03-10,156,4.9,500799.0,available
5800,Dark Horizon,Movie,Action,English,2020-03-11,157,1.0,500800.0,Available
5801,Golden Legacy,Series,Drama,Tamil,2020-03-12,158,1.1,500801.0,Removed
5802,Silent Empire,Documentary,Comedy,Kannada,2020-03-13,159,1.2,500802.0,Upcoming
5803,Rising Dawn,Sports,Thriller,Malayalam,2020-03-14,160,1.3,500803.0,available
5804,Broken Night,Movie,Romance,Telugu,2020-03-15,161,1.4,500804.0,Available
5805,Lost Warriors,Movie,action,Hindi,2020-03-16,162,1.5,500805.0,Removed
5806,Hidden Destiny,Series,DRAMA,English,2020-03-17,163,1.6,500806.0,Upcoming
5807,Sacred Journey,Documentary,Comedy,Tamil,2020-03-18,164,1.7,500807.0,available
5808,Wild Path,Sports,Horror,Kannada,2020-03-19,165,1.8,500808.0,Available
5809,Iron Truth,Movie,Sci-Fi,Malayalam,2020-03-20,166,1.9,500809.0,Removed
5810,Shadow Promise,Movie,Action,Telugu,2020-03-21,167,2.0,500810.0,Upcoming
5811,Burning Secrets,Series,Drama,Hindi,2020-03-22,168,2.1,500811.0,available
5812,Last Chronicles,Documentary,Comedy,English,2020-03-23,169,2.2,500812.0,Available
5813,First Tales,Sports,Thriller,Tamil,2020-03-24,170,2.3,500813.0,Removed
5814,Final Dreams,Movie,Romance,Kannada,2020-03-25,171,2.4,500814.0,Upcoming
5815,Blue Valley,Movie,action,Malayalam,2020-03-26,172,2.5,500815.0,available
5816,Red Mountain,Series,DRAMA,,2020-03-27,173,2.6,500816.0,Available
5817,Black River,Documentary,Comedy,Hindi,2020-03-28,174,2.7,500817.0,Removed
5818,White Sky,Sports,Horror,English,2020-03-29,175,2.8,500818.0,Upcoming
5819,Crimson Ocean,Movie,Sci-Fi,Tamil,2020-03-30,176,2.9,500819.0,available
5820,Storm Horizon,Movie,Action,Kannada,2020-03-31,177,3.0,500820.0,Available
5821,Fire Legacy,Series,Drama,Malayalam,2020-04-01,178,3.1,500821.0,Removed
5822,Ice Empire,Documentary,Comedy,Telugu,2020-04-02,179,3.2,500822.0,Upcoming
5823,Steel Dawn,Sports,Thriller,Hindi,2020-04-03,180,3.3,500823.0,available
5824,Thunder Night,Movie,Romance,English,2020-04-04,181,3.4,500824.0,Available
5825,Dark Warriors,Movie,action,Tamil,2020-04-05,182,3.5,500825.0,Removed
5826,Golden Destiny,Series,DRAMA,Kannada,2020-04-06,183,3.6,500826.0,Upcoming
5827,Silent Journey,Documentary,Comedy,Malayalam,2020-04-07,184,3.7,500827.0,available
5828,Rising Path,Sports,Horror,Telugu,2020-04-08,185,3.8,500828.0,Available
5829,Broken Truth,Movie,Sci-Fi,Hindi,2020-04-09,186,3.9,500829.0,Removed
5830,Lost Promise,Movie,Action,English,2020-04-10,187,4.0,500830.0,Upcoming
5831,Hidden Secrets,Series,Drama,Tamil,2020-04-11,188,4.1,500831.0,available
5832,Sacred Chronicles,Documentary,Comedy,Kannada,2020-04-12,189,4.2,500832.0,Available
5833,Wild Tales,Sports,Thriller,,2020-04-13,190,4.3,500833.0,Removed
5834,Iron Dreams,Movie,Romance,Telugu,2020-04-14,191,4.4,500834.0,Upcoming
5835,Shadow Valley,Movie,action,Hindi,2020-04-15,192,4.5,500835.0,available
5836,Burning Mountain,Series,DRAMA,English,2020-04-16,193,4.6,500836.0,Available
5837,Last River,Documentary,Comedy,Tamil,2020-04-17,194,4.7,500837.0,Removed
5838,First Sky,Sports,Horror,Kannada,2020-04-18,195,4.8,500838.0,Upcoming
5839,Final Ocean,Movie,Sci-Fi,Malayalam,2020-04-19,196,4.9,500839.0,available
5840,Blue Horizon,Movie,Action,Telugu,2020-04-20,197,1.0,500840.0,Available
5841,Red Legacy,Series,Drama,Hindi,2020-04-21,198,1.1,500841.0,Removed
5842,Black Empire,Documentary,Comedy,English,2020-04-22,199,1.2,500842.0,Upcoming
5843,White Dawn,Sports,Thriller,Tamil,2020-04-23,200,1.3,500843.0,available
5844,Crimson Night,Movie,Romance,Kannada,2020-04-24,201,1.4,500844.0,Available
5845,Storm Warriors,Movie,action,Malayalam,2020-04-25,202,1.5,500845.0,Removed
5846,Fire Destiny,Series,DRAMA,Telugu,2020-04-26,203,1.6,500846.0,Upcoming
5847,Ice Journey,Documentary,Comedy,Hindi,2020-04-27,204,1.7,500847.0,available
5848,Steel Path,Sports,Horror,English,2020-04-28,205,1.8,500848.0,Available
5849,Thunder Truth,Movie,Sci-Fi,Tamil,2020-04-29,206,1.9,500849.0,Removed
5850,Dark Promise,Movie,Action,,2020-04-30,207,2.0,500850.0,Upcoming
5851,Golden Secrets,Series,Drama,Malayalam,2020-05-01,208,2.1,500851.0,available
5852,Silent Chronicles,Documentary,Comedy,Telugu,2020-05-02,209,2.2,500852.0,Available
5853,Rising Tales,Sports,Thriller,Hindi,2020-05-03,210,2.3,500853.0,Removed
5854,Broken Dreams,Movie,Romance,English,2020-05-04,211,2.4,500854.0,Upcoming
5855,Lost Valley,Movie,action,Tamil,2020-05-05,212,2.5,500855.0,available
5856,Hidden Mountain,Series,DRAMA,Kannada,2020-05-06,213,2.6,500856.0,Available
5857,Sacred River,Documentary,Comedy,Malayalam,2020-05-07,214,2.7,500857.0,Removed
5858,Wild Sky,Sports,Horror,Telugu,2020-05-08,215,2.8,500858.0,Upcoming
5859,Iron Ocean,Movie,Sci-Fi,Hindi,2020-05-09,216,2.9,500859.0,available
5860,Shadow Horizon,Movie,Action,English,2020-05-10,217,3.0,500860.0,Available
5861,Burning Legacy,Series,Drama,Tamil,2020-05-11,218,3.1,500861.0,Removed
5862,Last Empire,Documentary,Comedy,Kannada,2020-05-12,219,3.2,500862.0,Upcoming
5863,First Dawn,Sports,Thriller,Malayalam,2020-05-13,220,3.3,500863.0,available
5864,Final Night,Movie,Romance,Telugu,2020-05-14,221,3.4,500864.0,Available
5865,Blue Warriors,Movie,action,Hindi,2020-05-15,222,3.5,500865.0,Removed
5866,Red Destiny,Series,DRAMA,English,2020-05-16,223,3.6,500866.0,Upcoming
5867,Black Journey,Documentary,Comedy,,2020-05-17,224,3.7,500867.0,available
5868,White Path,Sports,Horror,Kannada,2020-05-18,225,3.8,500868.0,Available
5869,Crimson Truth,Movie,Sci-Fi,Malayalam,2020-05-19,226,3.9,500869.0,Removed
5870,Storm Promise,Movie,Action,Telugu,2020-05-20,227,4.0,500870.0,Upcoming
5871,Fire Secrets,Series,Drama,Hindi,2020-05-21,228,4.1,500871.0,available
5872,Ice Chronicles,Documentary,Comedy,English,2020-05-22,229,4.2,500872.0,Available
5873,Steel Tales,Sports,Thriller,Tamil,2020-05-23,230,4.3,500873.0,Removed
5874,Thunder Dreams,Movie,Romance,Kannada,2020-05-24,231,4.4,500874.0,Upcoming
5875,Dark Valley,Movie,action,Malayalam,2020-05-25,232,4.5,500875.0,available
5876,Golden Mountain,Series,DRAMA,Telugu,2020-05-26,233,4.6,500876.0,Available
5877,Silent River,Documentary,Comedy,Hindi,2020-05-27,234,4.7,500877.0,Removed
5878,Rising Sky,Sports,Horror,English,2020-05-28,235,4.8,500878.0,Upcoming
5879,Broken Ocean,Movie,Sci-Fi,Tamil,2020-05-29,236,4.9,500879.0,available
5880,Lost Horizon,Movie,Action,Kannada,2020-05-30,237,1.0,500880.0,Available
5881,Hidden Legacy,Series,Drama,Malayalam,2020-05-31,238,1.1,500881.0,Removed
5882,Sacred Empire,Documentary,Comedy,Telugu,2020-06-01,239,1.2,500882.0,Upcoming
5883,Wild Dawn,Sports,Thriller,Hindi,2020-06-02,240,1.3,500883.0,available
5884,Iron Night,Movie,Romance,,2020-06-03,20,1.4,500884.0,Available
5885,Shadow Warriors,Movie,action,Tamil,2020-06-04,21,1.5,500885.0,Removed
5886,Burning Destiny,Series,DRAMA,Kannada,2020-06-05,22,1.6,500886.0,Upcoming
5887,Last Journey,Documentary,Comedy,Malayalam,2020-06-06,23,1.7,500887.0,available
5888,First Path,Sports,Horror,Telugu,2020-06-07,24,1.8,500888.0,Available
5889,Final Truth,Movie,Sci-Fi,Hindi,2020-06-08,25,1.9,500889.0,Removed
5890,Blue Promise,Movie,Action,English,2020-06-09,26,2.0,500890.0,Upcoming
5891,Red Secrets,Series,Drama,Tamil,2020-06-10,27,2.1,500891.0,available
5892,Black Chronicles,Documentary,Comedy,Kannada,2020-06-11,28,2.2,500892.0,Available
5893,White Tales,Sports,Thriller,Malayalam,2020-06-12,29,2.3,500893.0,Removed
5894,Crimson Dreams,Movie,Romance,Telugu,2020-06-13,30,2.4,500894.0,Upcoming
5895,Storm Valley,Movie,action,Hindi,2020-06-14,31,2.5,500895.0,available
5896,Fire Mountain,Series,DRAMA,English,2020-06-15,32,2.6,500896.0,Available
5897,Ice River,Documentary,Comedy,Tamil,2020-06-16,33,2.7,500897.0,Removed
5898,Steel Sky,Sports,Horror,Kannada,2020-06-17,34,2.8,500898.0,Upcoming
5899,Thunder Ocean,Movie,Sci-Fi,Malayalam,2020-06-18,35,2.9,500899.0,available
5900,Dark Horizon,Movie,Action,Telugu,2020-06-19,36,3.0,500900.0,Available
5901,Golden Legacy,Series,Drama,,2020-06-20,37,3.1,500901.0,Removed
5902,Silent Empire,Documentary,Comedy,English,2020-06-21,38,3.2,500902.0,Upcoming
5903,Rising Dawn,Sports,Thriller,Tamil,2020-06-22,39,3.3,500903.0,available
5904,Broken Night,Movie,Romance,Kannada,2020-06-23,40,3.4,500904.0,Available
5905,Lost Warriors,Movie,action,Malayalam,2020-06-24,41,3.5,500905.0,Removed
5906,Hidden Destiny,Series,DRAMA,Telugu,2020-06-25,42,3.6,500906.0,Upcoming
5907,Sacred Journey,Documentary,Comedy,Hindi,2020-06-26,43,3.7,500907.0,available
5908,Wild Path,Sports,Horror,English,2020-06-27,44,3.8,500908.0,Available
5909,Iron Truth,Movie,Sci-Fi,Tamil,2020-06-28,45,3.9,500909.0,Removed
5910,Shadow Promise,Movie,Action,Kannada,2020-06-29,46,4.0,500910.0,Upcoming
5911,Burning Secrets,Series,Drama,Malayalam,2020-06-30,47,4.1,500911.0,available
5912,Last Chronicles,Documentary,Comedy,Telugu,2020-07-01,48,4.2,500912.0,Available
5913,First Tales,Sports,Thriller,Hindi,2020-07-02,49,4.3,500913.0,Removed
5914,Final Dreams,Movie,Romance,English,2020-07-03,50,4.4,500914.0,Upcoming
5915,Blue Valley,Movie,action,Tamil,2020-07-04,51,4.5,500915.0,available
5916,Red Mountain,Series,DRAMA,Kannada,2020-07-05,52,4.6,500916.0,Available
5917,Black River,Documentary,Comedy,Malayalam,2020-07-06,53,4.7,500917.0,Removed
5918,White Sky,Sports,Horror,,2020-07-07,54,4.8,500918.0,Upcoming
5919,Crimson Ocean,Movie,Sci-Fi,Hindi,2020-07-08,55,4.9,500919.0,available
5920,Storm Horizon,Movie,Action,English,2020-07-09,56,1.0,500920.0,Available
5921,Fire Legacy,Series,Drama,Tamil,2020-07-10,57,1.1,500921.0,Removed
5922,Ice Empire,Documentary,Comedy,Kannada,2020-07-11,58,1.2,500922.0,Upcoming
5923,Steel Dawn,Sports,Thriller,Malayalam,2020-07-12,59,1.3,500923.0,available
5924,Thunder Night,Movie,Romance,Telugu,2020-07-13,60,1.4,500924.0,Available
5925,Dark Warriors,Movie,action,Hindi,2020-07-14,61,1.5,500925.0,Removed
5926,Golden Destiny,Series,DRAMA,English,2020-07-15,62,1.6,500926.0,Upcoming
5927,Silent Journey,Documentary,Comedy,Tamil,2020-07-16,63,1.7,500927.0,available
5928,Rising Path,Sports,Horror,Kannada,2020-07-17,64,1.8,500928.0,Available
5929,Broken Truth,Movie,Sci-Fi,Malayalam,2020-07-18,65,1.9,500929.0,Removed
5930,Lost Promise,Movie,Action,Telugu,2020-07-19,66,2.0,500930.0,Upcoming
5931,Hidden Secrets,Series,Drama,Hindi,2020-07-20,67,2.1,500931.0,available
5932,Sacred Chronicles,Documentary,Comedy,English,2020-07-21,68,2.2,500932.0,Available
5933,Wild Tales,Sports,Thriller,Tamil,2020-07-22,69,2.3,500933.0,Removed
5934,Iron Dreams,Movie,Romance,Kannada,2020-07-23,70,2.4,500934.0,Upcoming
5935,Shadow Valley,Movie,action,,2020-07-24,71,2.5,500935.0,available
5936,Burning Mountain,Series,DRAMA,Telugu,2020-07-25,72,2.6,500936.0,Available
5937,Last River,Documentary,Comedy,Hindi,2020-07-26,73,2.7,500937.0,Removed
5938,First Sky,Sports,Horror,English,2020-07-27,74,2.8,500938.0,Upcoming
5939,Final Ocean,Movie,Sci-Fi,Tamil,2020-07-28,75,2.9,500939.0,available
5940,Blue Horizon,Movie,Action,Kannada,2020-07-29,76,3.0,500940.0,Available
5941,Red Legacy,Series,Drama,Malayalam,2020-07-30,77,3.1,500941.0,Removed
5942,Black Empire,Documentary,Comedy,Telugu,2020-07-31,78,3.2,500942.0,Upcoming
5943,White Dawn,Sports,Thriller,Hindi,2020-08-01,79,3.3,500943.0,available
5944,Crimson Night,Movie,Romance,English,2020-08-02,80,3.4,500944.0,Available
5945,Storm Warriors,Movie,action,Tamil,2020-08-03,81,3.5,500945.0,Removed
5946,Fire Destiny,Series,DRAMA,Kannada,2020-08-04,82,3.6,500946.0,Upcoming
5947,Ice Journey,Documentary,Comedy,Malayalam,2020-08-05,83,3.7,500947.0,available
5948,Steel Path,Sports,Horror,Telugu,2020-08-06,84,3.8,500948.0,Available
5949,Thunder Truth,Movie,Sci-Fi,Hindi,2020-08-07,85,3.9,500949.0,Removed
5950,Dark Promise,Movie,Action,English,2020-08-08,86,4.0,500950.0,Upcoming
5951,Golden Secrets,Series,Drama,Tamil,2020-08-09,87,4.1,500951.0,available
5952,Silent Chronicles,Documentary,Comedy,,2020-08-10,88,4.2,500952.0,Available
5953,Rising Tales,Sports,Thriller,Malayalam,2020-08-11,89,4.3,500953.0,Removed
5954,Broken Dreams,Movie,Romance,Telugu,2020-08-12,90,4.4,500954.0,Upcoming
5955,Lost Valley,Movie,action,Hindi,2020-08-13,91,4.5,500955.0,available
5956,Hidden Mountain,Series,DRAMA,English,2020-08-14,92,4.6,500956.0,Available
5957,Sacred River,Documentary,Comedy,Tamil,2020-08-15,93,4.7,500957.0,Removed
5958,Wild Sky,Sports,Horror,Kannada,2020-08-16,94,4.8,500958.0,Upcoming
5959,Iron Ocean,Movie,Sci-Fi,Malayalam,2020-08-17,95,4.9,500959.0,available
5960,Shadow Horizon,Movie,Action,Telugu,2020-08-18,96,1.0,500960.0,Available
5961,Burning Legacy,Series,Drama,Hindi,2020-08-19,97,1.1,500961.0,Removed
5962,Last Empire,Documentary,Comedy,English,2020-08-20,98,1.2,500962.0,Upcoming
5963,First Dawn,Sports,Thriller,Tamil,2020-08-21,99,1.3,500963.0,available
5964,Final Night,Movie,Romance,Kannada,2020-08-22,100,1.4,500964.0,Available
5965,Blue Warriors,Movie,action,Malayalam,2020-08-23,101,1.5,500965.0,Removed
5966,Red Destiny,Series,DRAMA,Telugu,2020-08-24,102,1.6,500966.0,Upcoming
5967,Black Journey,Documentary,Comedy,Hindi,2020-08-25,103,1.7,500967.0,available
5968,White Path,Sports,Horror,English,2020-08-26,104,1.8,500968.0,Available
5969,Crimson Truth,Movie,Sci-Fi,,2020-08-27,105,1.9,500969.0,Removed
5970,Storm Promise,Movie,Action,Kannada,2020-08-28,106,2.0,500970.0,Upcoming
5971,Fire Secrets,Series,Drama,Malayalam,2020-08-29,107,2.1,500971.0,available
5972,Ice Chronicles,Documentary,Comedy,Telugu,2020-08-30,108,2.2,500972.0,Available
5973,Steel Tales,Sports,Thriller,Hindi,2020-08-31,109,2.3,500973.0,Removed
5974,Thunder Dreams,Movie,Romance,English,2020-09-01,110,2.4,500974.0,Upcoming
5975,Dark Valley,Movie,action,Tamil,2020-09-02,111,2.5,500975.0,available
5976,Golden Mountain,Series,DRAMA,Kannada,2020-09-03,112,2.6,500976.0,Available
5977,Silent River,Documentary,Comedy,Malayalam,2020-09-04,113,2.7,500977.0,Removed
5978,Rising Sky,Sports,Horror,Telugu,2020-09-05,114,2.8,500978.0,Upcoming
5979,Broken Ocean,Movie,Sci-Fi,Hindi,2020-09-06,115,2.9,500979.0,available
5980,Lost Horizon,Movie,Action,English,2020-09-07,116,3.0,500980.0,Available
5981,Hidden Legacy,Series,Drama,Tamil,2020-09-08,117,3.1,500981.0,Removed
5982,Sacred Empire,Documentary,Comedy,Kannada,2020-09-09,118,3.2,500982.0,Upcoming
5983,Wild Dawn,Sports,Thriller,Malayalam,2020-09-10,119,3.3,500983.0,available
5984,Iron Night,Movie,Romance,Telugu,2020-09-11,120,3.4,500984.0,Available
5985,Shadow Warriors,Movie,action,Hindi,2020-09-12,121,3.5,500985.0,Removed
5986,Burning Destiny,Series,DRAMA,,2020-09-13,122,3.6,500986.0,Upcoming
5987,Last Journey,Documentary,Comedy,Tamil,2020-09-14,123,3.7,500987.0,available
5988,First Path,Sports,Horror,Kannada,2020-09-15,124,3.8,500988.0,Available
5989,Final Truth,Movie,Sci-Fi,Malayalam,2020-09-16,125,3.9,500989.0,Removed
5990,Blue Promise,Movie,Action,Telugu,2020-09-17,126,4.0,500990.0,Upcoming
5991,Red Secrets,Series,Drama,Hindi,2020-09-18,127,4.1,500991.0,available
5992,Black Chronicles,Documentary,Comedy,English,2020-09-19,128,4.2,500992.0,Available
5993,White Tales,Sports,Thriller,Tamil,2020-09-20,129,4.3,500993.0,Removed
5994,Crimson Dreams,Movie,Romance,Kannada,2020-09-21,130,4.4,500994.0,Upcoming
5995,Storm Valley,Movie,action,Malayalam,2020-09-22,131,4.5,500995.0,available
5996,Fire Mountain,Series,DRAMA,Telugu,2020-09-23,132,4.6,500996.0,Available
5997,Ice River,Documentary,Comedy,Hindi,2020-09-24,133,4.7,500997.0,Removed
5998,Steel Sky,Sports,Horror,English,2020-09-25,134,4.8,500998.0,Upcoming
5999,Thunder Ocean,Movie,Sci-Fi,Tamil,2020-09-26,135,4.9,500999.0,available
6000,Dark Horizon,Movie,Action,Kannada,2020-09-27,136,1.0,501000.0,Available
6001,Golden Legacy,Series,Drama,Malayalam,2020-09-28,137,1.1,501001.0,Removed
6002,Silent Empire,Documentary,Comedy,Telugu,2020-09-29,138,1.2,501002.0,Upcoming
6003,Rising Dawn,Sports,Thriller,,2020-09-30,139,1.3,501003.0,available
6004,Broken Night,Movie,Romance,English,2020-10-01,140,1.4,501004.0,Available
6005,Lost Warriors,Movie,action,Tamil,2020-10-02,141,1.5,501005.0,Removed
6006,Hidden Destiny,Series,DRAMA,Kannada,2020-10-03,142,1.6,501006.0,Upcoming
6007,Sacred Journey,Documentary,Comedy,Malayalam,2020-10-04,143,1.7,501007.0,available
6008,Wild Path,Sports,Horror,Telugu,2020-10-05,144,1.8,501008.0,Available
6009,Iron Truth,Movie,Sci-Fi,Hindi,2020-10-06,145,1.9,501009.0,Removed
6010,Shadow Promise,Movie,Action,English,2020-10-07,146,2.0,501010.0,Upcoming
6011,Burning Secrets,Series,Drama,Tamil,2020-10-08,147,2.1,501011.0,available
6012,Last Chronicles,Documentary,Comedy,Kannada,2020-10-09,148,2.2,501012.0,Available
6013,First Tales,Sports,Thriller,Malayalam,2020-10-10,149,2.3,501013.0,Removed
6014,Final Dreams,Movie,Romance,Telugu,2020-10-11,150,2.4,501014.0,Upcoming
6015,Blue Valley,Movie,action,Hindi,2020-10-12,151,2.5,501015.0,available
6016,Red Mountain,Series,DRAMA,English,2020-10-13,152,2.6,501016.0,Available
6017,Black River,Documentary,Comedy,Tamil,2020-10-14,153,2.7,501017.0,Removed
6018,White Sky,Sports,Horror,Kannada,2020-10-15,154,2.8,501018.0,Upcoming
6019,Crimson Ocean,Movie,Sci-Fi,Malayalam,2020-10-16,155,2.9,501019.0,available
6020,Storm Horizon,Movie,Action,,2020-10-17,156,3.0,501020.0,Available
6021,Fire Legacy,Series,Drama,Hindi,2020-10-18,157,3.1,501021.0,Removed
6022,Ice Empire,Documentary,Comedy,English,2020-10-19,158,3.2,501022.0,Upcoming
6023,Steel Dawn,Sports,Thriller,Tamil,2020-10-20,159,3.3,501023.0,available
6024,Thunder Night,Movie,Romance,Kannada,2020-10-21,160,3.4,501024.0,Available
6025,Dark Warriors,Movie,action,Malayalam,2020-10-22,161,3.5,501025.0,Removed
6026,Golden Destiny,Series,DRAMA,Telugu,2020-10-23,162,3.6,501026.0,Upcoming
6027,Silent Journey,Documentary,Comedy,Hindi,2020-10-24,163,3.7,501027.0,available
6028,Rising Path,Sports,Horror,English,2020-10-25,164,3.8,501028.0,Available
6029,Broken Truth,Movie,Sci-Fi,Tamil,2020-10-26,165,3.9,501029.0,Removed
6030,Lost Promise,Movie,Action,Kannada,2020-10-27,166,4.0,501030.0,Upcoming
6031,Hidden Secrets,Series,Drama,Malayalam,2020-10-28,167,4.1,501031.0,available
6032,Sacred Chronicles,Documentary,Comedy,Telugu,2020-10-29,168,4.2,501032.0,Available
6033,Wild Tales,Sports,Thriller,Hindi,2020-10-30,169,4.3,501033.0,Removed
6034,Iron Dreams,Movie,Romance,English,2020-10-31,170,4.4,501034.0,Upcoming
6035,Shadow Valley,Movie,action,Tamil,2020-11-01,171,4.5,501035.0,available
6036,Burning Mountain,Series,DRAMA,Kannada,2020-11-02,172,4.6,501036.0,Available
6037,Last River,Documentary,Comedy,,2020-11-03,173,4.7,501037.0,Removed
6038,First Sky,Sports,Horror,Telugu,2020-11-04,174,4.8,501038.0,Upcoming
6039,Final Ocean,Movie,Sci-Fi,Hindi,2020-11-05,175,4.9,501039.0,available
6040,Blue Horizon,Movie,Action,English,2020-11-06,176,1.0,501040.0,Available
6041,Red Legacy,Series,Drama,Tamil,2020-11-07,177,1.1,501041.0,Removed
6042,Black Empire,Documentary,Comedy,Kannada,2020-11-08,178,1.2,501042.0,Upcoming
6043,White Dawn,Sports,Thriller,Malayalam,2020-11-09,179,1.3,501043.0,available
6044,Crimson Night,Movie,Romance,Telugu,2020-11-10,180,1.4,501044.0,Available
6045,Storm Warriors,Movie,action,Hindi,2020-11-11,181,1.5,501045.0,Removed
6046,Fire Destiny,Series,DRAMA,English,2020-11-12,182,1.6,501046.0,Upcoming
6047,Ice Journey,Documentary,Comedy,Tamil,2020-11-13,183,1.7,501047.0,available
6048,Steel Path,Sports,Horror,Kannada,2020-11-14,184,1.8,501048.0,Available
6049,Thunder Truth,Movie,Sci-Fi,Malayalam,2020-11-15,185,1.9,501049.0,Removed
6050,Dark Promise,Movie,Action,Telugu,2020-11-16,186,2.0,501050.0,Upcoming
6051,Golden Secrets,Series,Drama,Hindi,2020-11-17,187,2.1,501051.0,available
6052,Silent Chronicles,Documentary,Comedy,English,2020-11-18,188,2.2,501052.0,Available
6053,Rising Tales,Sports,Thriller,Tamil,2020-11-19,189,2.3,501053.0,Removed
6054,Broken Dreams,Movie,Romance,,2020-11-20,190,2.4,501054.0,Upcoming
6055,Lost Valley,Movie,action,Malayalam,2020-11-21,191,2.5,501055.0,available
6056,Hidden Mountain,Series,DRAMA,Telugu,2020-11-22,192,2.6,501056.0,Available
6057,Sacred River,Documentary,Comedy,Hindi,2020-11-23,193,2.7,501057.0,Removed
6058,Wild Sky,Sports,Horror,English,2020-11-24,194,2.8,501058.0,Upcoming
6059,Iron Ocean,Movie,Sci-Fi,Tamil,2020-11-25,195,2.9,501059.0,available
6060,Shadow Horizon,Movie,Action,Kannada,2020-11-26,196,3.0,501060.0,Available
6061,Burning Legacy,Series,Drama,Malayalam,2020-11-27,197,3.1,501061.0,Removed
6062,Last Empire,Documentary,Comedy,Telugu,2020-11-28,198,3.2,501062.0,Upcoming
6063,First Dawn,Sports,Thriller,Hindi,2020-11-29,199,3.3,501063.0,available
6064,Final Night,Movie,Romance,English,2020-11-30,200,3.4,501064.0,Available
6065,Blue Warriors,Movie,action,Tamil,2020-12-01,201,3.5,501065.0,Removed
6066,Red Destiny,Series,DRAMA,Kannada,2020-12-02,202,3.6,501066.0,Upcoming
6067,Black Journey,Documentary,Comedy,Malayalam,2020-12-03,203,3.7,501067.0,available
6068,White Path,Sports,Horror,Telugu,2020-12-04,204,3.8,501068.0,Available
6069,Crimson Truth,Movie,Sci-Fi,Hindi,2020-12-05,205,3.9,501069.0,Removed
6070,Storm Promise,Movie,Action,English,2020-12-06,206,4.0,501070.0,Upcoming
6071,Fire Secrets,Series,Drama,,2020-12-07,207,4.1,501071.0,available
6072,Ice Chronicles,Documentary,Comedy,Kannada,2020-12-08,208,4.2,501072.0,Available
6073,Steel Tales,Sports,Thriller,Malayalam,2020-12-09,209,4.3,501073.0,Removed
6074,Thunder Dreams,Movie,Romance,Telugu,2020-12-10,210,4.4,501074.0,Upcoming
6075,Dark Valley,Movie,action,Hindi,2020-12-11,211,4.5,501075.0,available
6076,Golden Mountain,Series,DRAMA,English,2020-12-12,212,4.6,501076.0,Available
6077,Silent River,Documentary,Comedy,Tamil,2020-12-13,213,4.7,501077.0,Removed
6078,Rising Sky,Sports,Horror,Kannada,2020-12-14,214,4.8,501078.0,Upcoming
6079,Broken Ocean,Movie,Sci-Fi,Malayalam,2020-12-15,215,4.9,501079.0,available
6080,Lost Horizon,Movie,Action,Telugu,2020-12-16,216,1.0,501080.0,Available
6081,Hidden Legacy,Series,Drama,Hindi,2020-12-17,217,1.1,501081.0,Removed
6082,Sacred Empire,Documentary,Comedy,English,2020-12-18,218,1.2,501082.0,Upcoming
6083,Wild Dawn,Sports,Thriller,Tamil,2020-12-19,219,1.3,501083.0,available
6084,Iron Night,Movie,Romance,Kannada,2020-12-20,220,1.4,501084.0,Available
6085,Shadow Warriors,Movie,action,Malayalam,2020-12-21,221,1.5,501085.0,Removed
6086,Burning Destiny,Series,DRAMA,Telugu,2020-12-22,222,1.6,501086.0,Upcoming
6087,Last Journey,Documentary,Comedy,Hindi,2020-12-23,223,1.7,501087.0,available
6088,First Path,Sports,Horror,,2020-12-24,224,1.8,501088.0,Available
6089,Final Truth,Movie,Sci-Fi,Tamil,2020-12-25,225,1.9,501089.0,Removed
6090,Blue Promise,Movie,Action,Kannada,2020-12-26,226,2.0,501090.0,Upcoming
6091,Red Secrets,Series,Drama,Malayalam,2020-12-27,227,2.1,501091.0,available
6092,Black Chronicles,Documentary,Comedy,Telugu,2020-12-28,228,2.2,501092.0,Available
6093,White Tales,Sports,Thriller,Hindi,2020-12-29,229,2.3,501093.0,Removed
6094,Crimson Dreams,Movie,Romance,English,2020-12-30,230,2.4,501094.0,Upcoming
6095,Storm Valley,Movie,action,Tamil,2020-12-31,231,2.5,501095.0,available
6096,Fire Mountain,Series,DRAMA,Kannada,2021-01-01,232,2.6,501096.0,Available
6097,Ice River,Documentary,Comedy,Malayalam,2021-01-02,233,2.7,501097.0,Removed
6098,Steel Sky,Sports,Horror,Telugu,2021-01-03,234,2.8,501098.0,Upcoming
6099,Thunder Ocean,Movie,Sci-Fi,Hindi,2021-01-04,235,2.9,501099.0,available
6100,Dark Horizon,Movie,Action,English,2021-01-05,236,3.0,501100.0,Available
6101,Golden Legacy,Series,Drama,Tamil,2021-01-06,237,3.1,501101.0,Removed
6102,Silent Empire,Documentary,Comedy,Kannada,2021-01-07,238,3.2,501102.0,Upcoming
6103,Rising Dawn,Sports,Thriller,Malayalam,2021-01-08,239,3.3,501103.0,available
6104,Broken Night,Movie,Romance,Telugu,2021-01-09,240,3.4,501104.0,Available
6105,Lost Warriors,Movie,action,,2021-01-10,20,3.5,501105.0,Removed
6106,Hidden Destiny,Series,DRAMA,English,2021-01-11,21,3.6,501106.0,Upcoming
6107,Sacred Journey,Documentary,Comedy,Tamil,2021-01-12,22,3.7,501107.0,available
6108,Wild Path,Sports,Horror,Kannada,2021-01-13,23,3.8,501108.0,Available
6109,Iron Truth,Movie,Sci-Fi,Malayalam,2021-01-14,24,3.9,501109.0,Removed
6110,Shadow Promise,Movie,Action,Telugu,2021-01-15,25,4.0,501110.0,Upcoming
6111,Burning Secrets,Series,Drama,Hindi,2021-01-16,26,4.1,501111.0,available
6112,Last Chronicles,Documentary,Comedy,English,2021-01-17,27,4.2,501112.0,Available
6113,First Tales,Sports,Thriller,Tamil,2021-01-18,28,4.3,501113.0,Removed
6114,Final Dreams,Movie,Romance,Kannada,2021-01-19,29,4.4,501114.0,Upcoming
6115,Blue Valley,Movie,action,Malayalam,2021-01-20,30,4.5,501115.0,available
6116,Red Mountain,Series,DRAMA,Telugu,2021-01-21,31,4.6,501116.0,Available
6117,Black River,Documentary,Comedy,Hindi,2021-01-22,32,4.7,501117.0,Removed
6118,White Sky,Sports,Horror,English,2021-01-23,33,4.8,501118.0,Upcoming
6119,Crimson Ocean,Movie,Sci-Fi,Tamil,2021-01-24,34,4.9,501119.0,available
6120,Storm Horizon,Movie,Action,Kannada,2021-01-25,35,1.0,501120.0,Available
6121,Fire Legacy,Series,Drama,Malayalam,2021-01-26,36,1.1,501121.0,Removed
6122,Ice Empire,Documentary,Comedy,,2021-01-27,37,1.2,501122.0,Upcoming
6123,Steel Dawn,Sports,Thriller,Hindi,2021-01-28,38,1.3,501123.0,available
6124,Thunder Night,Movie,Romance,English,2021-01-29,39,1.4,501124.0,Available
6125,Dark Warriors,Movie,action,Tamil,2021-01-30,40,1.5,501125.0,Removed
6126,Golden Destiny,Series,DRAMA,Kannada,2021-01-31,41,1.6,501126.0,Upcoming
6127,Silent Journey,Documentary,Comedy,Malayalam,2021-02-01,42,1.7,501127.0,available
6128,Rising Path,Sports,Horror,Telugu,2021-02-02,43,1.8,501128.0,Available
6129,Broken Truth,Movie,Sci-Fi,Hindi,2021-02-03,44,1.9,501129.0,Removed
6130,Lost Promise,Movie,Action,English,2021-02-04,45,2.0,501130.0,Upcoming
6131,Hidden Secrets,Series,Drama,Tamil,2021-02-05,46,2.1,501131.0,available
6132,Sacred Chronicles,Documentary,Comedy,Kannada,2021-02-06,47,2.2,501132.0,Available
6133,Wild Tales,Sports,Thriller,Malayalam,2021-02-07,48,2.3,501133.0,Removed
6134,Iron Dreams,Movie,Romance,Telugu,2021-02-08,49,2.4,501134.0,Upcoming
6135,Shadow Valley,Movie,action,Hindi,2021-02-09,50,2.5,501135.0,available
6136,Burning Mountain,Series,DRAMA,English,2021-02-10,51,2.6,501136.0,Available
6137,Last River,Documentary,Comedy,Tamil,2021-02-11,52,2.7,501137.0,Removed
6138,First Sky,Sports,Horror,Kannada,2021-02-12,53,2.8,501138.0,Upcoming
6139,Final Ocean,Movie,Sci-Fi,,2021-02-13,54,2.9,501139.0,available
6140,Blue Horizon,Movie,Action,Telugu,2021-02-14,55,3.0,501140.0,Available
6141,Red Legacy,Series,Drama,Hindi,2021-02-15,56,3.1,501141.0,Removed
6142,Black Empire,Documentary,Comedy,English,2021-02-16,57,3.2,501142.0,Upcoming
6143,White Dawn,Sports,Thriller,Tamil,2021-02-17,58,3.3,501143.0,available
6144,Crimson Night,Movie,Romance,Kannada,2021-02-18,59,3.4,501144.0,Available
6145,Storm Warriors,Movie,action,Malayalam,2021-02-19,60,3.5,501145.0,Removed
6146,Fire Destiny,Series,DRAMA,Telugu,2021-02-20,61,3.6,501146.0,Upcoming
6147,Ice Journey,Documentary,Comedy,Hindi,2021-02-21,62,3.7,501147.0,available
6148,Steel Path,Sports,Horror,English,2021-02-22,63,3.8,501148.0,Available
6149,Thunder Truth,Movie,Sci-Fi,Tamil,2021-02-23,64,3.9,501149.0,Removed
6150,Dark Promise,Movie,Action,Kannada,2021-02-24,65,4.0,501150.0,Upcoming
6151,Golden Secrets,Series,Drama,Malayalam,2021-02-25,66,4.1,501151.0,available
6152,Silent Chronicles,Documentary,Comedy,Telugu,2021-02-26,67,4.2,501152.0,Available
6153,Rising Tales,Sports,Thriller,Hindi,2021-02-27,68,4.3,501153.0,Removed
6154,Broken Dreams,Movie,Romance,English,2021-02-28,69,4.4,501154.0,Upcoming
6155,Lost Valley,Movie,action,Tamil,2021-03-01,70,4.5,501155.0,available
6156,Hidden Mountain,Series,DRAMA,,2021-03-02,71,4.6,501156.0,Available
6157,Sacred River,Documentary,Comedy,Malayalam,2021-03-03,72,4.7,501157.0,Removed
6158,Wild Sky,Sports,Horror,Telugu,2021-03-04,73,4.8,501158.0,Upcoming
6159,Iron Ocean,Movie,Sci-Fi,Hindi,2021-03-05,74,4.9,501159.0,available
6160,Shadow Horizon,Movie,Action,English,2021-03-06,75,1.0,501160.0,Available
6161,Burning Legacy,Series,Drama,Tamil,2021-03-07,76,1.1,501161.0,Removed
6162,Last Empire,Documentary,Comedy,Kannada,2021-03-08,77,1.2,501162.0,Upcoming
6163,First Dawn,Sports,Thriller,Malayalam,2021-03-09,78,1.3,501163.0,available
6164,Final Night,Movie,Romance,Telugu,2021-03-10,79,1.4,501164.0,Available
6165,Blue Warriors,Movie,action,Hindi,2021-03-11,80,1.5,501165.0,Removed
6166,Red Destiny,Series,DRAMA,English,2021-03-12,81,1.6,501166.0,Upcoming
6167,Black Journey,Documentary,Comedy,Tamil,2021-03-13,82,1.7,501167.0,available
6168,White Path,Sports,Horror,Kannada,2021-03-14,83,1.8,501168.0,Available
6169,Crimson Truth,Movie,Sci-Fi,Malayalam,2021-03-15,84,1.9,501169.0,Removed
6170,Storm Promise,Movie,Action,Telugu,2021-03-16,85,2.0,501170.0,Upcoming
6171,Fire Secrets,Series,Drama,Hindi,2021-03-17,86,2.1,501171.0,available
6172,Ice Chronicles,Documentary,Comedy,English,2021-03-18,87,2.2,501172.0,Available
6173,Steel Tales,Sports,Thriller,,2021-03-19,88,2.3,501173.0,Removed
6174,Thunder Dreams,Movie,Romance,Kannada,2021-03-20,89,2.4,501174.0,Upcoming
6175,Dark Valley,Movie,action,Malayalam,2021-03-21,90,2.5,501175.0,available
6176,Golden Mountain,Series,DRAMA,Telugu,2021-03-22,91,2.6,501176.0,Available
6177,Silent River,Documentary,Comedy,Hindi,2021-03-23,92,2.7,501177.0,Removed
6178,Rising Sky,Sports,Horror,English,2021-03-24,93,2.8,501178.0,Upcoming
6179,Broken Ocean,Movie,Sci-Fi,Tamil,2021-03-25,94,2.9,501179.0,available
6180,Lost Horizon,Movie,Action,Kannada,2021-03-26,95,3.0,501180.0,Available
6181,Hidden Legacy,Series,Drama,Malayalam,2021-03-27,96,3.1,501181.0,Removed
6182,Sacred Empire,Documentary,Comedy,Telugu,2021-03-28,97,3.2,501182.0,Upcoming
6183,Wild Dawn,Sports,Thriller,Hindi,2021-03-29,98,3.3,501183.0,available
6184,Iron Night,Movie,Romance,English,2021-03-30,99,3.4,501184.0,Available
6185,Shadow Warriors,Movie,action,Tamil,2021-03-31,100,3.5,501185.0,Removed
6186,Burning Destiny,Series,DRAMA,Kannada,2021-04-01,101,3.6,501186.0,Upcoming
6187,Last Journey,Documentary,Comedy,Malayalam,2021-04-02,102,3.7,501187.0,available
6188,First Path,Sports,Horror,Telugu,2021-04-03,103,3.8,501188.0,Available
6189,Final Truth,Movie,Sci-Fi,Hindi,2021-04-04,104,3.9,501189.0,Removed
6190,Blue Promise,Movie,Action,,2021-04-05,105,4.0,501190.0,Upcoming
6191,Red Secrets,Series,Drama,Tamil,2021-04-06,106,4.1,501191.0,available
6192,Black Chronicles,Documentary,Comedy,Kannada,2021-04-07,107,4.2,501192.0,Available
6193,White Tales,Sports,Thriller,Malayalam,2021-04-08,108,4.3,501193.0,Removed
6194,Crimson Dreams,Movie,Romance,Telugu,2021-04-09,109,4.4,501194.0,Upcoming
6195,Storm Valley,Movie,action,Hindi,2021-04-10,110,4.5,501195.0,available
6196,Fire Mountain,Series,DRAMA,English,2021-04-11,111,4.6,501196.0,Available
6197,Ice River,Documentary,Comedy,Tamil,2021-04-12,112,4.7,501197.0,Removed
6198,Steel Sky,Sports,Horror,Kannada,2021-04-13,113,4.8,501198.0,Upcoming
6199,Thunder Ocean,Movie,Sci-Fi,Malayalam,2021-04-14,114,4.9,501199.0,available
6200,Dark Horizon,Movie,Action,Telugu,2021-04-15,115,1.0,501200.0,Available
6201,Golden Legacy,Series,Drama,Hindi,2021-04-16,116,1.1,501201.0,Removed
6202,Silent Empire,Documentary,Comedy,English,2021-04-17,117,1.2,501202.0,Upcoming
6203,Rising Dawn,Sports,Thriller,Tamil,2021-04-18,118,1.3,501203.0,available
6204,Broken Night,Movie,Romance,Kannada,2021-04-19,119,1.4,501204.0,Available
6205,Lost Warriors,Movie,action,Malayalam,2021-04-20,120,1.5,501205.0,Removed
6206,Hidden Destiny,Series,DRAMA,Telugu,2021-04-21,121,1.6,501206.0,Upcoming
6207,Sacred Journey,Documentary,Comedy,,2021-04-22,122,1.7,501207.0,available
6208,Wild Path,Sports,Horror,English,2021-04-23,123,1.8,501208.0,Available
6209,Iron Truth,Movie,Sci-Fi,Tamil,2021-04-24,124,1.9,501209.0,Removed
6210,Shadow Promise,Movie,Action,Kannada,2021-04-25,125,2.0,501210.0,Upcoming
6211,Burning Secrets,Series,Drama,Malayalam,2021-04-26,126,2.1,501211.0,available
6212,Last Chronicles,Documentary,Comedy,Telugu,2021-04-27,127,2.2,501212.0,Available
6213,First Tales,Sports,Thriller,Hindi,2021-04-28,128,2.3,501213.0,Removed
6214,Final Dreams,Movie,Romance,English,2021-04-29,129,2.4,501214.0,Upcoming
6215,Blue Valley,Movie,action,Tamil,2021-04-30,130,2.5,501215.0,available
6216,Red Mountain,Series,DRAMA,Kannada,2021-05-01,131,2.6,501216.0,Available
6217,Black River,Documentary,Comedy,Malayalam,2021-05-02,132,2.7,501217.0,Removed
6218,White Sky,Sports,Horror,Telugu,2021-05-03,133,2.8,501218.0,Upcoming
6219,Crimson Ocean,Movie,Sci-Fi,Hindi,2021-05-04,134,2.9,501219.0,available
6220,Storm Horizon,Movie,Action,English,2021-05-05,135,3.0,501220.0,Available
6221,Fire Legacy,Series,Drama,Tamil,2021-05-06,136,3.1,501221.0,Removed
6222,Ice Empire,Documentary,Comedy,Kannada,2021-05-07,137,3.2,501222.0,Upcoming
6223,Steel Dawn,Sports,Thriller,Malayalam,2021-05-08,138,3.3,501223.0,available
6224,Thunder Night,Movie,Romance,,2021-05-09,139,3.4,501224.0,Available
6225,Dark Warriors,Movie,action,Hindi,2021-05-10,140,3.5,501225.0,Removed
6226,Golden Destiny,Series,DRAMA,English,2021-05-11,141,3.6,501226.0,Upcoming
6227,Silent Journey,Documentary,Comedy,Tamil,2021-05-12,142,3.7,501227.0,available
6228,Rising Path,Sports,Horror,Kannada,2021-05-13,143,3.8,501228.0,Available
6229,Broken Truth,Movie,Sci-Fi,Malayalam,2021-05-14,144,3.9,501229.0,Removed
6230,Lost Promise,Movie,Action,Telugu,2021-05-15,145,4.0,501230.0,Upcoming
6231,Hidden Secrets,Series,Drama,Hindi,2021-05-16,146,4.1,501231.0,available
6232,Sacred Chronicles,Documentary,Comedy,English,2021-05-17,147,4.2,501232.0,Available
6233,Wild Tales,Sports,Thriller,Tamil,2021-05-18,148,4.3,501233.0,Removed
6234,Iron Dreams,Movie,Romance,Kannada,2021-05-19,149,4.4,501234.0,Upcoming
6235,Shadow Valley,Movie,action,Malayalam,2021-05-20,150,4.5,501235.0,available
6236,Burning Mountain,Series,DRAMA,Telugu,2021-05-21,151,4.6,501236.0,Available
6237,Last River,Documentary,Comedy,Hindi,2021-05-22,152,4.7,501237.0,Removed
6238,First Sky,Sports,Horror,English,2021-05-23,153,4.8,501238.0,Upcoming
6239,Final Ocean,Movie,Sci-Fi,Tamil,2021-05-24,154,4.9,501239.0,available
6240,Blue Horizon,Movie,Action,Kannada,2021-05-25,155,1.0,501240.0,Available
6241,Red Legacy,Series,Drama,,2021-05-26,156,1.1,501241.0,Removed
6242,Black Empire,Documentary,Comedy,Telugu,2021-05-27,157,1.2,501242.0,Upcoming
6243,White Dawn,Sports,Thriller,Hindi,2021-05-28,158,1.3,501243.0,available
6244,Crimson Night,Movie,Romance,English,2021-05-29,159,1.4,501244.0,Available
6245,Storm Warriors,Movie,action,Tamil,2021-05-30,160,1.5,501245.0,Removed
6246,Fire Destiny,Series,DRAMA,Kannada,2021-05-31,161,1.6,501246.0,Upcoming
6247,Ice Journey,Documentary,Comedy,Malayalam,2021-06-01,162,1.7,501247.0,available
6248,Steel Path,Sports,Horror,Telugu,2021-06-02,163,1.8,501248.0,Available
6249,Thunder Truth,Movie,Sci-Fi,Hindi,2021-06-03,164,1.9,501249.0,Removed
6250,Dark Promise,Movie,Action,English,2021-06-04,165,2.0,501250.0,Upcoming
6251,Golden Secrets,Series,Drama,Tamil,2021-06-05,166,2.1,501251.0,available
6252,Silent Chronicles,Documentary,Comedy,Kannada,2021-06-06,167,2.2,501252.0,Available
6253,Rising Tales,Sports,Thriller,Malayalam,2021-06-07,168,2.3,501253.0,Removed
6254,Broken Dreams,Movie,Romance,Telugu,2021-06-08,169,2.4,501254.0,Upcoming
6255,Lost Valley,Movie,action,Hindi,2021-06-09,170,2.5,501255.0,available
6256,Hidden Mountain,Series,DRAMA,English,2021-06-10,171,2.6,501256.0,Available
6257,Sacred River,Documentary,Comedy,Tamil,2021-06-11,172,2.7,501257.0,Removed
6258,Wild Sky,Sports,Horror,,2021-06-12,173,2.8,501258.0,Upcoming
6259,Iron Ocean,Movie,Sci-Fi,Malayalam,2021-06-13,174,2.9,501259.0,available
6260,Shadow Horizon,Movie,Action,Telugu,2021-06-14,175,3.0,501260.0,Available
6261,Burning Legacy,Series,Drama,Hindi,2021-06-15,176,3.1,501261.0,Removed
6262,Last Empire,Documentary,Comedy,English,2021-06-16,177,3.2,501262.0,Upcoming
6263,First Dawn,Sports,Thriller,Tamil,2021-06-17,178,3.3,501263.0,available
6264,Final Night,Movie,Romance,Kannada,2021-06-18,179,3.4,501264.0,Available
6265,Blue Warriors,Movie,action,Malayalam,2021-06-19,180,3.5,501265.0,Removed
6266,Red Destiny,Series,DRAMA,Telugu,2021-06-20,181,3.6,501266.0,Upcoming
6267,Black Journey,Documentary,Comedy,Hindi,2021-06-21,182,3.7,501267.0,available
6268,White Path,Sports,Horror,English,2021-06-22,183,3.8,501268.0,Available
6269,Crimson Truth,Movie,Sci-Fi,Tamil,2021-06-23,184,3.9,501269.0,Removed
6270,Storm Promise,Movie,Action,Kannada,2021-06-24,185,4.0,501270.0,Upcoming
6271,Fire Secrets,Series,Drama,Malayalam,2021-06-25,186,4.1,501271.0,available
6272,Ice Chronicles,Documentary,Comedy,Telugu,2021-06-26,187,4.2,501272.0,Available
6273,Steel Tales,Sports,Thriller,Hindi,2021-06-27,188,4.3,501273.0,Removed
6274,Thunder Dreams,Movie,Romance,English,2021-06-28,189,4.4,501274.0,Upcoming
6275,Dark Valley,Movie,action,,2021-06-29,190,4.5,501275.0,available
6276,Golden Mountain,Series,DRAMA,Kannada,2021-06-30,191,4.6,501276.0,Available
6277,Silent River,Documentary,Comedy,Malayalam,2021-07-01,192,4.7,501277.0,Removed
6278,Rising Sky,Sports,Horror,Telugu,2021-07-02,193,4.8,501278.0,Upcoming
6279,Broken Ocean,Movie,Sci-Fi,Hindi,2021-07-03,194,4.9,501279.0,available
6280,Lost Horizon,Movie,Action,English,2021-07-04,195,1.0,501280.0,Available
6281,Hidden Legacy,Series,Drama,Tamil,2021-07-05,196,1.1,501281.0,Removed
6282,Sacred Empire,Documentary,Comedy,Kannada,2021-07-06,197,1.2,501282.0,Upcoming
6283,Wild Dawn,Sports,Thriller,Malayalam,2021-07-07,198,1.3,501283.0,available
6284,Iron Night,Movie,Romance,Telugu,2021-07-08,199,1.4,501284.0,Available
6285,Shadow Warriors,Movie,action,Hindi,2021-07-09,200,1.5,501285.0,Removed
6286,Burning Destiny,Series,DRAMA,English,2021-07-10,201,1.6,501286.0,Upcoming
6287,Last Journey,Documentary,Comedy,Tamil,2021-07-11,202,1.7,501287.0,available
6288,First Path,Sports,Horror,Kannada,2021-07-12,203,1.8,501288.0,Available
6289,Final Truth,Movie,Sci-Fi,Malayalam,2021-07-13,204,1.9,501289.0,Removed
6290,Blue Promise,Movie,Action,Telugu,2021-07-14,205,2.0,501290.0,Upcoming
6291,Red Secrets,Series,Drama,Hindi,2021-07-15,206,2.1,501291.0,available
6292,Black Chronicles,Documentary,Comedy,,2021-07-16,207,2.2,501292.0,Available
6293,White Tales,Sports,Thriller,Tamil,2021-07-17,208,2.3,501293.0,Removed
6294,Crimson Dreams,Movie,Romance,Kannada,2021-07-18,209,2.4,501294.0,Upcoming
6295,Storm Valley,Movie,action,Malayalam,2021-07-19,210,2.5,501295.0,available
6296,Fire Mountain,Series,DRAMA,Telugu,2021-07-20,211,2.6,501296.0,Available
6297,Ice River,Documentary,Comedy,Hindi,2021-07-21,212,2.7,501297.0,Removed
6298,Steel Sky,Sports,Horror,English,2021-07-22,213,2.8,501298.0,Upcoming
6299,Thunder Ocean,Movie,Sci-Fi,Tamil,2021-07-23,214,2.9,501299.0,available
6300,Dark Horizon,Movie,Action,Kannada,2021-07-24,215,3.0,501300.0,Available
6301,Golden Legacy,Series,Drama,Malayalam,2021-07-25,216,3.1,501301.0,Removed
6302,Silent Empire,Documentary,Comedy,Telugu,2021-07-26,217,3.2,501302.0,Upcoming
6303,Rising Dawn,Sports,Thriller,Hindi,2021-07-27,218,3.3,501303.0,available
6304,Broken Night,Movie,Romance,English,2021-07-28,219,3.4,501304.0,Available
6305,Lost Warriors,Movie,action,Tamil,2021-07-29,220,3.5,501305.0,Removed
6306,Hidden Destiny,Series,DRAMA,Kannada,2021-07-30,221,3.6,501306.0,Upcoming
6307,Sacred Journey,Documentary,Comedy,Malayalam,2021-07-31,222,3.7,501307.0,available
6308,Wild Path,Sports,Horror,Telugu,2021-08-01,223,3.8,501308.0,Available
6309,Iron Truth,Movie,Sci-Fi,,2021-08-02,224,3.9,501309.0,Removed
6310,Shadow Promise,Movie,Action,English,2021-08-03,225,4.0,501310.0,Upcoming
6311,Burning Secrets,Series,Drama,Tamil,2021-08-04,226,4.1,501311.0,available
6312,Last Chronicles,Documentary,Comedy,Kannada,2021-08-05,227,4.2,501312.0,Available
6313,First Tales,Sports,Thriller,Malayalam,2021-08-06,228,4.3,501313.0,Removed
6314,Final Dreams,Movie,Romance,Telugu,2021-08-07,229,4.4,501314.0,Upcoming
6315,Blue Valley,Movie,action,Hindi,2021-08-08,230,4.5,501315.0,available
6316,Red Mountain,Series,DRAMA,English,2021-08-09,231,4.6,501316.0,Available
6317,Black River,Documentary,Comedy,Tamil,2021-08-10,232,4.7,501317.0,Removed
6318,White Sky,Sports,Horror,Kannada,2021-08-11,233,4.8,501318.0,Upcoming
6319,Crimson Ocean,Movie,Sci-Fi,Malayalam,2021-08-12,234,4.9,501319.0,available
6320,Storm Horizon,Movie,Action,Telugu,2021-08-13,235,1.0,501320.0,Available
6321,Fire Legacy,Series,Drama,Hindi,2021-08-14,236,1.1,501321.0,Removed
6322,Ice Empire,Documentary,Comedy,English,2021-08-15,237,1.2,501322.0,Upcoming
6323,Steel Dawn,Sports,Thriller,Tamil,2021-08-16,238,1.3,501323.0,available
6324,Thunder Night,Movie,Romance,Kannada,2021-08-17,239,1.4,501324.0,Available
6325,Dark Warriors,Movie,action,Malayalam,2021-08-18,240,1.5,501325.0,Removed
6326,Golden Destiny,Series,DRAMA,,2021-08-19,20,1.6,501326.0,Upcoming
6327,Silent Journey,Documentary,Comedy,Hindi,2021-08-20,21,1.7,501327.0,available
6328,Rising Path,Sports,Horror,English,2021-08-21,22,1.8,501328.0,Available
6329,Broken Truth,Movie,Sci-Fi,Tamil,2021-08-22,23,1.9,501329.0,Removed
6330,Lost Promise,Movie,Action,Kannada,2021-08-23,24,2.0,501330.0,Upcoming
6331,Hidden Secrets,Series,Drama,Malayalam,2021-08-24,25,2.1,501331.0,available
6332,Sacred Chronicles,Documentary,Comedy,Telugu,2021-08-25,26,2.2,501332.0,Available
6333,Wild Tales,Sports,Thriller,Hindi,2021-08-26,27,2.3,501333.0,Removed
6334,Iron Dreams,Movie,Romance,English,2021-08-27,28,2.4,501334.0,Upcoming
6335,Shadow Valley,Movie,action,Tamil,2021-08-28,29,2.5,501335.0,available
6336,Burning Mountain,Series,DRAMA,Kannada,2021-08-29,30,2.6,501336.0,Available
6337,Last River,Documentary,Comedy,Malayalam,2021-08-30,31,2.7,501337.0,Removed
6338,First Sky,Sports,Horror,Telugu,2021-08-31,32,2.8,501338.0,Upcoming
6339,Final Ocean,Movie,Sci-Fi,Hindi,2021-09-01,33,2.9,501339.0,available
6340,Blue Horizon,Movie,Action,English,2021-09-02,34,3.0,501340.0,Available
6341,Red Legacy,Series,Drama,Tamil,2021-09-03,35,3.1,501341.0,Removed
6342,Black Empire,Documentary,Comedy,Kannada,2021-09-04,36,3.2,501342.0,Upcoming
6343,White Dawn,Sports,Thriller,,2021-09-05,37,3.3,501343.0,available
6344,Crimson Night,Movie,Romance,Telugu,2021-09-06,38,3.4,501344.0,Available
6345,Storm Warriors,Movie,action,Hindi,2021-09-07,39,3.5,501345.0,Removed
6346,Fire Destiny,Series,DRAMA,English,2021-09-08,40,3.6,501346.0,Upcoming
6347,Ice Journey,Documentary,Comedy,Tamil,2021-09-09,41,3.7,501347.0,available
6348,Steel Path,Sports,Horror,Kannada,2021-09-10,42,3.8,501348.0,Available
6349,Thunder Truth,Movie,Sci-Fi,Malayalam,2021-09-11,43,3.9,501349.0,Removed
6350,Dark Promise,Movie,Action,Telugu,2021-09-12,44,4.0,501350.0,Upcoming
6351,Golden Secrets,Series,Drama,Hindi,2021-09-13,45,4.1,501351.0,available
6352,Silent Chronicles,Documentary,Comedy,English,2021-09-14,46,4.2,501352.0,Available
6353,Rising Tales,Sports,Thriller,Tamil,2021-09-15,47,4.3,501353.0,Removed
6354,Broken Dreams,Movie,Romance,Kannada,2021-09-16,48,4.4,501354.0,Upcoming
6355,Lost Valley,Movie,action,Malayalam,2021-09-17,49,4.5,501355.0,available
6356,Hidden Mountain,Series,DRAMA,Telugu,2021-09-18,50,4.6,501356.0,Available
6357,Sacred River,Documentary,Comedy,Hindi,2021-09-19,51,4.7,501357.0,Removed
6358,Wild Sky,Sports,Horror,English,2021-09-20,52,4.8,501358.0,Upcoming
6359,Iron Ocean,Movie,Sci-Fi,Tamil,2021-09-21,53,4.9,501359.0,available
6360,Shadow Horizon,Movie,Action,,2021-09-22,54,1.0,501360.0,Available
6361,Burning Legacy,Series,Drama,Malayalam,2021-09-23,55,1.1,501361.0,Removed
6362,Last Empire,Documentary,Comedy,Telugu,2021-09-24,56,1.2,501362.0,Upcoming
6363,First Dawn,Sports,Thriller,Hindi,2021-09-25,57,1.3,501363.0,available
6364,Final Night,Movie,Romance,English,2021-09-26,58,1.4,501364.0,Available
6365,Blue Warriors,Movie,action,Tamil,2021-09-27,59,1.5,501365.0,Removed
6366,Red Destiny,Series,DRAMA,Kannada,2021-09-28,60,1.6,501366.0,Upcoming
6367,Black Journey,Documentary,Comedy,Malayalam,2021-09-29,61,1.7,501367.0,available
6368,White Path,Sports,Horror,Telugu,2021-09-30,62,1.8,501368.0,Available
6369,Crimson Truth,Movie,Sci-Fi,Hindi,2021-10-01,63,1.9,501369.0,Removed
6370,Storm Promise,Movie,Action,English,2021-10-02,64,2.0,501370.0,Upcoming
6371,Fire Secrets,Series,Drama,Tamil,2021-10-03,65,2.1,501371.0,available
6372,Ice Chronicles,Documentary,Comedy,Kannada,2021-10-04,66,2.2,501372.0,Available
6373,Steel Tales,Sports,Thriller,Malayalam,2021-10-05,67,2.3,501373.0,Removed
6374,Thunder Dreams,Movie,Romance,Telugu,2021-10-06,68,2.4,501374.0,Upcoming
6375,Dark Valley,Movie,action,Hindi,2021-10-07,69,2.5,501375.0,available
6376,Golden Mountain,Series,DRAMA,English,2021-10-08,70,2.6,501376.0,Available
6377,Silent River,Documentary,Comedy,,2021-10-09,71,2.7,501377.0,Removed
6378,Rising Sky,Sports,Horror,Kannada,2021-10-10,72,2.8,501378.0,Upcoming
6379,Broken Ocean,Movie,Sci-Fi,Malayalam,2021-10-11,73,2.9,501379.0,available
6380,Lost Horizon,Movie,Action,Telugu,2021-10-12,74,3.0,501380.0,Available
6381,Hidden Legacy,Series,Drama,Hindi,2021-10-13,75,3.1,501381.0,Removed
6382,Sacred Empire,Documentary,Comedy,English,2021-10-14,76,3.2,501382.0,Upcoming
6383,Wild Dawn,Sports,Thriller,Tamil,2021-10-15,77,3.3,501383.0,available
6384,Iron Night,Movie,Romance,Kannada,2021-10-16,78,3.4,501384.0,Available
6385,Shadow Warriors,Movie,action,Malayalam,2021-10-17,79,3.5,501385.0,Removed
6386,Burning Destiny,Series,DRAMA,Telugu,2021-10-18,80,3.6,501386.0,Upcoming
6387,Last Journey,Documentary,Comedy,Hindi,2021-10-19,81,3.7,501387.0,available
6388,First Path,Sports,Horror,English,2021-10-20,82,3.8,501388.0,Available
6389,Final Truth,Movie,Sci-Fi,Tamil,2021-10-21,83,3.9,501389.0,Removed
6390,Blue Promise,Movie,Action,Kannada,2021-10-22,84,4.0,501390.0,Upcoming
6391,Red Secrets,Series,Drama,Malayalam,2021-10-23,85,4.1,501391.0,available
6392,Black Chronicles,Documentary,Comedy,Telugu,2021-10-24,86,4.2,501392.0,Available
6393,White Tales,Sports,Thriller,Hindi,2021-10-25,87,4.3,501393.0,Removed
6394,Crimson Dreams,Movie,Romance,,2021-10-26,88,4.4,501394.0,Upcoming
6395,Storm Valley,Movie,action,Tamil,2021-10-27,89,4.5,501395.0,available
6396,Fire Mountain,Series,DRAMA,Kannada,2021-10-28,90,4.6,501396.0,Available
6397,Ice River,Documentary,Comedy,Malayalam,2021-10-29,91,4.7,501397.0,Removed
6398,Steel Sky,Sports,Horror,Telugu,2021-10-30,92,4.8,501398.0,Upcoming
6399,Thunder Ocean,Movie,Sci-Fi,Hindi,2021-10-31,93,4.9,501399.0,available
6400,Dark Horizon,Movie,Action,English,2021-11-01,94,1.0,501400.0,Available
6401,Golden Legacy,Series,Drama,Tamil,2021-11-02,95,1.1,501401.0,Removed
6402,Silent Empire,Documentary,Comedy,Kannada,2021-11-03,96,1.2,501402.0,Upcoming
6403,Rising Dawn,Sports,Thriller,Malayalam,2021-11-04,97,1.3,501403.0,available
6404,Broken Night,Movie,Romance,Telugu,2021-11-05,98,1.4,501404.0,Available
6405,Lost Warriors,Movie,action,Hindi,2021-11-06,99,1.5,501405.0,Removed
6406,Hidden Destiny,Series,DRAMA,English,2021-11-07,100,1.6,501406.0,Upcoming
6407,Sacred Journey,Documentary,Comedy,Tamil,2021-11-08,101,1.7,501407.0,available
6408,Wild Path,Sports,Horror,Kannada,2021-11-09,102,1.8,501408.0,Available
6409,Iron Truth,Movie,Sci-Fi,Malayalam,2021-11-10,103,1.9,501409.0,Removed
6410,Shadow Promise,Movie,Action,Telugu,2021-11-11,104,2.0,501410.0,Upcoming
6411,Burning Secrets,Series,Drama,,2021-11-12,105,2.1,501411.0,available
6412,Last Chronicles,Documentary,Comedy,English,2021-11-13,106,2.2,501412.0,Available
6413,First Tales,Sports,Thriller,Tamil,2021-11-14,107,2.3,501413.0,Removed
6414,Final Dreams,Movie,Romance,Kannada,2021-11-15,108,2.4,501414.0,Upcoming
6415,Blue Valley,Movie,action,Malayalam,2021-11-16,109,2.5,501415.0,available
6416,Red Mountain,Series,DRAMA,Telugu,2021-11-17,110,2.6,501416.0,Available
6417,Black River,Documentary,Comedy,Hindi,2021-11-18,111,2.7,501417.0,Removed
6418,White Sky,Sports,Horror,English,2021-11-19,112,2.8,501418.0,Upcoming
6419,Crimson Ocean,Movie,Sci-Fi,Tamil,2021-11-20,113,2.9,501419.0,available
6420,Storm Horizon,Movie,Action,Kannada,2021-11-21,114,3.0,501420.0,Available
6421,Fire Legacy,Series,Drama,Malayalam,2021-11-22,115,3.1,501421.0,Removed
6422,Ice Empire,Documentary,Comedy,Telugu,2021-11-23,116,3.2,501422.0,Upcoming
6423,Steel Dawn,Sports,Thriller,Hindi,2021-11-24,117,3.3,501423.0,available
6424,Thunder Night,Movie,Romance,English,2021-11-25,118,3.4,501424.0,Available
6425,Dark Warriors,Movie,action,Tamil,2021-11-26,119,3.5,501425.0,Removed
6426,Golden Destiny,Series,DRAMA,Kannada,2021-11-27,120,3.6,501426.0,Upcoming
6427,Silent Journey,Documentary,Comedy,Malayalam,2021-11-28,121,3.7,501427.0,available
6428,Rising Path,Sports,Horror,,2021-11-29,122,3.8,501428.0,Available
6429,Broken Truth,Movie,Sci-Fi,Hindi,2021-11-30,123,3.9,501429.0,Removed
6430,Lost Promise,Movie,Action,English,2021-12-01,124,4.0,501430.0,Upcoming
6431,Hidden Secrets,Series,Drama,Tamil,2021-12-02,125,4.1,501431.0,available
6432,Sacred Chronicles,Documentary,Comedy,Kannada,2021-12-03,126,4.2,501432.0,Available
6433,Wild Tales,Sports,Thriller,Malayalam,2021-12-04,127,4.3,501433.0,Removed
6434,Iron Dreams,Movie,Romance,Telugu,2021-12-05,128,4.4,501434.0,Upcoming
6435,Shadow Valley,Movie,action,Hindi,2021-12-06,129,4.5,501435.0,available
6436,Burning Mountain,Series,DRAMA,English,2021-12-07,130,4.6,501436.0,Available
6437,Last River,Documentary,Comedy,Tamil,2021-12-08,131,4.7,501437.0,Removed
6438,First Sky,Sports,Horror,Kannada,2021-12-09,132,4.8,501438.0,Upcoming
6439,Final Ocean,Movie,Sci-Fi,Malayalam,2021-12-10,133,4.9,501439.0,available
6440,Blue Horizon,Movie,Action,Telugu,2021-12-11,134,1.0,501440.0,Available
6441,Red Legacy,Series,Drama,Hindi,2021-12-12,135,1.1,501441.0,Removed
6442,Black Empire,Documentary,Comedy,English,2021-12-13,136,1.2,501442.0,Upcoming
6443,White Dawn,Sports,Thriller,Tamil,2021-12-14,137,1.3,501443.0,available
6444,Crimson Night,Movie,Romance,Kannada,2021-12-15,138,1.4,501444.0,Available
6445,Storm Warriors,Movie,action,,2021-12-16,139,1.5,501445.0,Removed
6446,Fire Destiny,Series,DRAMA,Telugu,2021-12-17,140,1.6,501446.0,Upcoming
6447,Ice Journey,Documentary,Comedy,Hindi,2021-12-18,141,1.7,501447.0,available
6448,Steel Path,Sports,Horror,English,2021-12-19,142,1.8,501448.0,Available
6449,Thunder Truth,Movie,Sci-Fi,Tamil,2021-12-20,143,1.9,501449.0,Removed
6450,Dark Promise,Movie,Action,Kannada,2021-12-21,144,2.0,501450.0,Upcoming
6451,Golden Secrets,Series,Drama,Malayalam,2021-12-22,145,2.1,501451.0,available
6452,Silent Chronicles,Documentary,Comedy,Telugu,2021-12-23,146,2.2,501452.0,Available
6453,Rising Tales,Sports,Thriller,Hindi,2021-12-24,147,2.3,501453.0,Removed
6454,Broken Dreams,Movie,Romance,English,2021-12-25,148,2.4,501454.0,Upcoming
6455,Lost Valley,Movie,action,Tamil,2021-12-26,149,2.5,501455.0,available
6456,Hidden Mountain,Series,DRAMA,Kannada,2021-12-27,150,2.6,501456.0,Available
6457,Sacred River,Documentary,Comedy,Malayalam,2021-12-28,151,2.7,501457.0,Removed
6458,Wild Sky,Sports,Horror,Telugu,2021-12-29,152,2.8,501458.0,Upcoming
6459,Iron Ocean,Movie,Sci-Fi,Hindi,2021-12-30,153,2.9,501459.0,available
6460,Shadow Horizon,Movie,Action,English,2021-12-31,154,3.0,501460.0,Available
6461,Burning Legacy,Series,Drama,Tamil,2022-01-01,155,3.1,501461.0,Removed
6462,Last Empire,Documentary,Comedy,,2022-01-02,156,3.2,501462.0,Upcoming
6463,First Dawn,Sports,Thriller,Malayalam,2022-01-03,157,3.3,501463.0,available
6464,Final Night,Movie,Romance,Telugu,2022-01-04,158,3.4,501464.0,Available
6465,Blue Warriors,Movie,action,Hindi,2022-01-05,159,3.5,501465.0,Removed
6466,Red Destiny,Series,DRAMA,English,2022-01-06,160,3.6,501466.0,Upcoming
6467,Black Journey,Documentary,Comedy,Tamil,2022-01-07,161,3.7,501467.0,available
6468,White Path,Sports,Horror,Kannada,2022-01-08,162,3.8,501468.0,Available
6469,Crimson Truth,Movie,Sci-Fi,Malayalam,2022-01-09,163,3.9,501469.0,Removed
6470,Storm Promise,Movie,Action,Telugu,2022-01-10,164,4.0,501470.0,Upcoming
6471,Fire Secrets,Series,Drama,Hindi,2022-01-11,165,4.1,501471.0,available
6472,Ice Chronicles,Documentary,Comedy,English,2022-01-12,166,4.2,501472.0,Available
6473,Steel Tales,Sports,Thriller,Tamil,2022-01-13,167,4.3,501473.0,Removed
6474,Thunder Dreams,Movie,Romance,Kannada,2022-01-14,168,4.4,501474.0,Upcoming
6475,Dark Valley,Movie,action,Malayalam,2022-01-15,169,4.5,501475.0,available
6476,Golden Mountain,Series,DRAMA,Telugu,2022-01-16,170,4.6,501476.0,Available
6477,Silent River,Documentary,Comedy,Hindi,2022-01-17,171,4.7,501477.0,Removed
6478,Rising Sky,Sports,Horror,English,2022-01-18,172,4.8,501478.0,Upcoming
6479,Broken Ocean,Movie,Sci-Fi,,2022-01-19,173,4.9,501479.0,available
6480,Lost Horizon,Movie,Action,Kannada,2022-01-20,174,1.0,501480.0,Available
6481,Hidden Legacy,Series,Drama,Malayalam,2022-01-21,175,1.1,501481.0,Removed
6482,Sacred Empire,Documentary,Comedy,Telugu,2022-01-22,176,1.2,501482.0,Upcoming
6483,Wild Dawn,Sports,Thriller,Hindi,2022-01-23,177,1.3,501483.0,available
6484,Iron Night,Movie,Romance,English,2022-01-24,178,1.4,501484.0,Available
6485,Shadow Warriors,Movie,action,Tamil,2022-01-25,179,1.5,501485.0,Removed
6486,Burning Destiny,Series,DRAMA,Kannada,2022-01-26,180,1.6,501486.0,Upcoming
6487,Last Journey,Documentary,Comedy,Malayalam,2022-01-27,181,1.7,501487.0,available
6488,First Path,Sports,Horror,Telugu,2022-01-28,182,1.8,501488.0,Available
6489,Final Truth,Movie,Sci-Fi,Hindi,2022-01-29,183,1.9,501489.0,Removed
6490,Blue Promise,Movie,Action,English,2022-01-30,184,2.0,501490.0,Upcoming
6491,Red Secrets,Series,Drama,Tamil,2022-01-31,185,2.1,501491.0,available
6492,Black Chronicles,Documentary,Comedy,Kannada,2022-02-01,186,2.2,501492.0,Available
6493,White Tales,Sports,Thriller,Malayalam,2022-02-02,187,2.3,501493.0,Removed
6494,Crimson Dreams,Movie,Romance,Telugu,2022-02-03,188,2.4,501494.0,Upcoming
6495,Storm Valley,Movie,action,Hindi,2022-02-04,189,2.5,501495.0,available
6496,Fire Mountain,Series,DRAMA,,2022-02-05,190,2.6,501496.0,Available
6497,Ice River,Documentary,Comedy,Tamil,2022-02-06,191,2.7,501497.0,Removed
6498,Steel Sky,Sports,Horror,Kannada,2022-02-07,192,2.8,501498.0,Upcoming
6499,Thunder Ocean,Movie,Sci-Fi,Malayalam,2022-02-08,193,2.9,501499.0,available
6500,Dark Horizon,Movie,Action,Telugu,2022-02-09,194,3.0,501500.0,Available
6501,Golden Legacy,Series,Drama,Hindi,2022-02-10,195,3.1,501501.0,Removed
6502,Silent Empire,Documentary,Comedy,English,2022-02-11,196,3.2,501502.0,Upcoming
6503,Rising Dawn,Sports,Thriller,Tamil,2022-02-12,197,3.3,501503.0,available
6504,Broken Night,Movie,Romance,Kannada,2022-02-13,198,3.4,501504.0,Available
6505,Lost Warriors,Movie,action,Malayalam,2022-02-14,199,3.5,501505.0,Removed
6506,Hidden Destiny,Series,DRAMA,Telugu,2022-02-15,200,3.6,501506.0,Upcoming
6507,Sacred Journey,Documentary,Comedy,Hindi,2022-02-16,201,3.7,501507.0,available
6508,Wild Path,Sports,Horror,English,2022-02-17,202,3.8,501508.0,Available
6509,Iron Truth,Movie,Sci-Fi,Tamil,2022-02-18,203,3.9,501509.0,Removed
6510,Shadow Promise,Movie,Action,Kannada,2022-02-19,204,4.0,501510.0,Upcoming
6511,Burning Secrets,Series,Drama,Malayalam,2022-02-20,205,4.1,501511.0,available
6512,Last Chronicles,Documentary,Comedy,Telugu,2022-02-21,206,4.2,501512.0,Available
6513,First Tales,Sports,Thriller,,2022-02-22,207,4.3,501513.0,Removed
6514,Final Dreams,Movie,Romance,English,2022-02-23,208,4.4,501514.0,Upcoming
6515,Blue Valley,Movie,action,Tamil,2022-02-24,209,4.5,501515.0,available
6516,Red Mountain,Series,DRAMA,Kannada,2022-02-25,210,4.6,501516.0,Available
6517,Black River,Documentary,Comedy,Malayalam,2022-02-26,211,4.7,501517.0,Removed
6518,White Sky,Sports,Horror,Telugu,2022-02-27,212,4.8,501518.0,Upcoming
6519,Crimson Ocean,Movie,Sci-Fi,Hindi,2022-02-28,213,4.9,501519.0,available
6520,Storm Horizon,Movie,Action,English,2022-03-01,214,1.0,501520.0,Available
6521,Fire Legacy,Series,Drama,Tamil,2022-03-02,215,1.1,501521.0,Removed
6522,Ice Empire,Documentary,Comedy,Kannada,2022-03-03,216,1.2,501522.0,Upcoming
6523,Steel Dawn,Sports,Thriller,Malayalam,2022-03-04,217,1.3,501523.0,available
6524,Thunder Night,Movie,Romance,Telugu,2022-03-05,218,1.4,501524.0,Available
6525,Dark Warriors,Movie,action,Hindi,2022-03-06,219,1.5,501525.0,Removed
6526,Golden Destiny,Series,DRAMA,English,2022-03-07,220,1.6,501526.0,Upcoming
6527,Silent Journey,Documentary,Comedy,Tamil,2022-03-08,221,1.7,501527.0,available
6528,Rising Path,Sports,Horror,Kannada,2022-03-09,222,1.8,501528.0,Available
6529,Broken Truth,Movie,Sci-Fi,Malayalam,2022-03-10,223,1.9,501529.0,Removed
6530,Lost Promise,Movie,Action,,2022-03-11,224,2.0,501530.0,Upcoming
6531,Hidden Secrets,Series,Drama,Hindi,2022-03-12,225,2.1,501531.0,available
6532,Sacred Chronicles,Documentary,Comedy,English,2022-03-13,226,2.2,501532.0,Available
6533,Wild Tales,Sports,Thriller,Tamil,2022-03-14,227,2.3,501533.0,Removed
6534,Iron Dreams,Movie,Romance,Kannada,2022-03-15,228,2.4,501534.0,Upcoming
6535,Shadow Valley,Movie,action,Malayalam,2022-03-16,229,2.5,501535.0,available
6536,Burning Mountain,Series,DRAMA,Telugu,2022-03-17,230,2.6,501536.0,Available
6537,Last River,Documentary,Comedy,Hindi,2022-03-18,231,2.7,501537.0,Removed
6538,First Sky,Sports,Horror,English,2022-03-19,232,2.8,501538.0,Upcoming
6539,Final Ocean,Movie,Sci-Fi,Tamil,2022-03-20,233,2.9,501539.0,available
6540,Blue Horizon,Movie,Action,Kannada,2022-03-21,234,3.0,501540.0,Available
6541,Red Legacy,Series,Drama,Malayalam,2022-03-22,235,3.1,501541.0,Removed
6542,Black Empire,Documentary,Comedy,Telugu,2022-03-23,236,3.2,501542.0,Upcoming
6543,White Dawn,Sports,Thriller,Hindi,2022-03-24,237,3.3,501543.0,available
6544,Crimson Night,Movie,Romance,English,2022-03-25,238,3.4,501544.0,Available
6545,Storm Warriors,Movie,action,Tamil,2022-03-26,239,3.5,501545.0,Removed
6546,Fire Destiny,Series,DRAMA,Kannada,2022-03-27,240,3.6,501546.0,Upcoming
6547,Ice Journey,Documentary,Comedy,,2022-03-28,20,3.7,501547.0,available
6548,Steel Path,Sports,Horror,Telugu,2022-03-29,21,3.8,501548.0,Available
6549,Thunder Truth,Movie,Sci-Fi,Hindi,2022-03-30,22,3.9,501549.0,Removed
6550,Dark Promise,Movie,Action,English,2022-03-31,23,4.0,501550.0,Upcoming
6551,Golden Secrets,Series,Drama,Tamil,2022-04-01,24,4.1,501551.0,available
6552,Silent Chronicles,Documentary,Comedy,Kannada,2022-04-02,25,4.2,501552.0,Available
6553,Rising Tales,Sports,Thriller,Malayalam,2022-04-03,26,4.3,501553.0,Removed
6554,Broken Dreams,Movie,Romance,Telugu,2022-04-04,27,4.4,501554.0,Upcoming
6555,Lost Valley,Movie,action,Hindi,2022-04-05,28,4.5,501555.0,available
6556,Hidden Mountain,Series,DRAMA,English,2022-04-06,29,4.6,501556.0,Available
6557,Sacred River,Documentary,Comedy,Tamil,2022-04-07,30,4.7,501557.0,Removed
6558,Wild Sky,Sports,Horror,Kannada,2022-04-08,31,4.8,501558.0,Upcoming
6559,Iron Ocean,Movie,Sci-Fi,Malayalam,2022-04-09,32,4.9,501559.0,available
6560,Shadow Horizon,Movie,Action,Telugu,2022-04-10,33,1.0,501560.0,Available
6561,Burning Legacy,Series,Drama,Hindi,2022-04-11,34,1.1,501561.0,Removed
6562,Last Empire,Documentary,Comedy,English,2022-04-12,35,1.2,501562.0,Upcoming
6563,First Dawn,Sports,Thriller,Tamil,2022-04-13,36,1.3,501563.0,available
6564,Final Night,Movie,Romance,,2022-04-14,37,1.4,501564.0,Available
6565,Blue Warriors,Movie,action,Malayalam,2022-04-15,38,1.5,501565.0,Removed
6566,Red Destiny,Series,DRAMA,Telugu,2022-04-16,39,1.6,501566.0,Upcoming
6567,Black Journey,Documentary,Comedy,Hindi,2022-04-17,40,1.7,501567.0,available
6568,White Path,Sports,Horror,English,2022-04-18,41,1.8,501568.0,Available
6569,Crimson Truth,Movie,Sci-Fi,Tamil,2022-04-19,42,1.9,501569.0,Removed
6570,Storm Promise,Movie,Action,Kannada,2022-04-20,43,2.0,501570.0,Upcoming
6571,Fire Secrets,Series,Drama,Malayalam,2022-04-21,44,2.1,501571.0,available
6572,Ice Chronicles,Documentary,Comedy,Telugu,2022-04-22,45,2.2,501572.0,Available
6573,Steel Tales,Sports,Thriller,Hindi,2022-04-23,46,2.3,501573.0,Removed
6574,Thunder Dreams,Movie,Romance,English,2022-04-24,47,2.4,501574.0,Upcoming
6575,Dark Valley,Movie,action,Tamil,2022-04-25,48,2.5,501575.0,available
6576,Golden Mountain,Series,DRAMA,Kannada,2022-04-26,49,2.6,501576.0,Available
6577,Silent River,Documentary,Comedy,Malayalam,2022-04-27,50,2.7,501577.0,Removed
6578,Rising Sky,Sports,Horror,Telugu,2022-04-28,51,2.8,501578.0,Upcoming
6579,Broken Ocean,Movie,Sci-Fi,Hindi,2022-04-29,52,2.9,501579.0,available
6580,Lost Horizon,Movie,Action,English,2022-04-30,53,3.0,501580.0,Available
6581,Hidden Legacy,Series,Drama,,2022-05-01,54,3.1,501581.0,Removed
6582,Sacred Empire,Documentary,Comedy,Kannada,2022-05-02,55,3.2,501582.0,Upcoming
6583,Wild Dawn,Sports,Thriller,Malayalam,2022-05-03,56,3.3,501583.0,available
6584,Iron Night,Movie,Romance,Telugu,2022-05-04,57,3.4,501584.0,Available
6585,Shadow Warriors,Movie,action,Hindi,2022-05-05,58,3.5,501585.0,Removed
6586,Burning Destiny,Series,DRAMA,English,2022-05-06,59,3.6,501586.0,Upcoming
6587,Last Journey,Documentary,Comedy,Tamil,2022-05-07,60,3.7,501587.0,available
6588,First Path,Sports,Horror,Kannada,2022-05-08,61,3.8,501588.0,Available
6589,Final Truth,Movie,Sci-Fi,Malayalam,2022-05-09,62,3.9,501589.0,Removed
6590,Blue Promise,Movie,Action,Telugu,2022-05-10,63,4.0,501590.0,Upcoming
6591,Red Secrets,Series,Drama,Hindi,2022-05-11,64,4.1,501591.0,available
6592,Black Chronicles,Documentary,Comedy,English,2022-05-12,65,4.2,501592.0,Available
6593,White Tales,Sports,Thriller,Tamil,2022-05-13,66,4.3,501593.0,Removed
6594,Crimson Dreams,Movie,Romance,Kannada,2022-05-14,67,4.4,501594.0,Upcoming
6595,Storm Valley,Movie,action,Malayalam,2022-05-15,68,4.5,501595.0,available
6596,Fire Mountain,Series,DRAMA,Telugu,2022-05-16,69,4.6,501596.0,Available
6597,Ice River,Documentary,Comedy,Hindi,2022-05-17,70,4.7,501597.0,Removed
6598,Steel Sky,Sports,Horror,,2022-05-18,71,4.8,501598.0,Upcoming
6599,Thunder Ocean,Movie,Sci-Fi,Tamil,2022-05-19,72,4.9,501599.0,available
6600,Dark Horizon,Movie,Action,Kannada,2022-05-20,73,1.0,501600.0,Available
6601,Golden Legacy,Series,Drama,Malayalam,2022-05-21,74,1.1,501601.0,Removed
6602,Silent Empire,Documentary,Comedy,Telugu,2022-05-22,75,1.2,501602.0,Upcoming
6603,Rising Dawn,Sports,Thriller,Hindi,2022-05-23,76,1.3,501603.0,available
6604,Broken Night,Movie,Romance,English,2022-05-24,77,1.4,501604.0,Available
6605,Lost Warriors,Movie,action,Tamil,2022-05-25,78,1.5,501605.0,Removed
6606,Hidden Destiny,Series,DRAMA,Kannada,2022-05-26,79,1.6,501606.0,Upcoming
6607,Sacred Journey,Documentary,Comedy,Malayalam,2022-05-27,80,1.7,501607.0,available
6608,Wild Path,Sports,Horror,Telugu,2022-05-28,81,1.8,501608.0,Available
6609,Iron Truth,Movie,Sci-Fi,Hindi,2022-05-29,82,1.9,501609.0,Removed
6610,Shadow Promise,Movie,Action,English,2022-05-30,83,2.0,501610.0,Upcoming
6611,Burning Secrets,Series,Drama,Tamil,2022-05-31,84,2.1,501611.0,available
6612,Last Chronicles,Documentary,Comedy,Kannada,2022-06-01,85,2.2,501612.0,Available
6613,First Tales,Sports,Thriller,Malayalam,2022-06-02,86,2.3,501613.0,Removed
6614,Final Dreams,Movie,Romance,Telugu,2022-06-03,87,2.4,501614.0,Upcoming
6615,Blue Valley,Movie,action,,2022-06-04,88,2.5,501615.0,available
6616,Red Mountain,Series,DRAMA,English,2022-06-05,89,2.6,501616.0,Available
6617,Black River,Documentary,Comedy,Tamil,2022-06-06,90,2.7,501617.0,Removed
6618,White Sky,Sports,Horror,Kannada,2022-06-07,91,2.8,501618.0,Upcoming
6619,Crimson Ocean,Movie,Sci-Fi,Malayalam,2022-06-08,92,2.9,501619.0,available
6620,Storm Horizon,Movie,Action,Telugu,2022-06-09,93,3.0,501620.0,Available
6621,Fire Legacy,Series,Drama,Hindi,2022-06-10,94,3.1,501621.0,Removed
6622,Ice Empire,Documentary,Comedy,English,2022-06-11,95,3.2,501622.0,Upcoming
6623,Steel Dawn,Sports,Thriller,Tamil,2022-06-12,96,3.3,501623.0,available
6624,Thunder Night,Movie,Romance,Kannada,2022-06-13,97,3.4,501624.0,Available
6625,Dark Warriors,Movie,action,Malayalam,2022-06-14,98,3.5,501625.0,Removed
6626,Golden Destiny,Series,DRAMA,Telugu,2022-06-15,99,3.6,501626.0,Upcoming
6627,Silent Journey,Documentary,Comedy,Hindi,2022-06-16,100,3.7,501627.0,available
6628,Rising Path,Sports,Horror,English,2022-06-17,101,3.8,501628.0,Available
6629,Broken Truth,Movie,Sci-Fi,Tamil,2022-06-18,102,3.9,501629.0,Removed
6630,Lost Promise,Movie,Action,Kannada,2022-06-19,103,4.0,501630.0,Upcoming
6631,Hidden Secrets,Series,Drama,Malayalam,2022-06-20,104,4.1,501631.0,available
6632,Sacred Chronicles,Documentary,Comedy,,2022-06-21,105,4.2,501632.0,Available
6633,Wild Tales,Sports,Thriller,Hindi,2022-06-22,106,4.3,501633.0,Removed
6634,Iron Dreams,Movie,Romance,English,2022-06-23,107,4.4,501634.0,Upcoming
6635,Shadow Valley,Movie,action,Tamil,2022-06-24,108,4.5,501635.0,available
6636,Burning Mountain,Series,DRAMA,Kannada,2022-06-25,109,4.6,501636.0,Available
6637,Last River,Documentary,Comedy,Malayalam,2022-06-26,110,4.7,501637.0,Removed
6638,First Sky,Sports,Horror,Telugu,2022-06-27,111,4.8,501638.0,Upcoming
6639,Final Ocean,Movie,Sci-Fi,Hindi,2022-06-28,112,4.9,501639.0,available
6640,Blue Horizon,Movie,Action,English,2022-06-29,113,1.0,501640.0,Available
6641,Red Legacy,Series,Drama,Tamil,2022-06-30,114,1.1,501641.0,Removed
6642,Black Empire,Documentary,Comedy,Kannada,2022-07-01,115,1.2,501642.0,Upcoming
6643,White Dawn,Sports,Thriller,Malayalam,2022-07-02,116,1.3,501643.0,available
6644,Crimson Night,Movie,Romance,Telugu,2022-07-03,117,1.4,501644.0,Available
6645,Storm Warriors,Movie,action,Hindi,2022-07-04,118,1.5,501645.0,Removed
6646,Fire Destiny,Series,DRAMA,English,2022-07-05,119,1.6,501646.0,Upcoming
6647,Ice Journey,Documentary,Comedy,Tamil,2022-07-06,120,1.7,501647.0,available
6648,Steel Path,Sports,Horror,Kannada,2022-07-07,121,1.8,501648.0,Available
6649,Thunder Truth,Movie,Sci-Fi,,2022-07-08,122,1.9,501649.0,Removed
6650,Dark Promise,Movie,Action,Telugu,2022-07-09,123,2.0,501650.0,Upcoming
6651,Golden Secrets,Series,Drama,Hindi,2022-07-10,124,2.1,501651.0,available
6652,Silent Chronicles,Documentary,Comedy,English,2022-07-11,125,2.2,501652.0,Available
6653,Rising Tales,Sports,Thriller,Tamil,2022-07-12,126,2.3,501653.0,Removed
6654,Broken Dreams,Movie,Romance,Kannada,2022-07-13,127,2.4,501654.0,Upcoming
6655,Lost Valley,Movie,action,Malayalam,2022-07-14,128,2.5,501655.0,available
6656,Hidden Mountain,Series,DRAMA,Telugu,2022-07-15,129,2.6,501656.0,Available
6657,Sacred River,Documentary,Comedy,Hindi,2022-07-16,130,2.7,501657.0,Removed
6658,Wild Sky,Sports,Horror,English,2022-07-17,131,2.8,501658.0,Upcoming
6659,Iron Ocean,Movie,Sci-Fi,Tamil,2022-07-18,132,2.9,501659.0,available
6660,Shadow Horizon,Movie,Action,Kannada,2022-07-19,133,3.0,501660.0,Available
6661,Burning Legacy,Series,Drama,Malayalam,2022-07-20,134,3.1,501661.0,Removed
6662,Last Empire,Documentary,Comedy,Telugu,2022-07-21,135,3.2,501662.0,Upcoming
6663,First Dawn,Sports,Thriller,Hindi,2022-07-22,136,3.3,501663.0,available
6664,Final Night,Movie,Romance,English,2022-07-23,137,3.4,501664.0,Available
6665,Blue Warriors,Movie,action,Tamil,2022-07-24,138,3.5,501665.0,Removed
6666,Red Destiny,Series,DRAMA,,2022-07-25,139,3.6,501666.0,Upcoming
6667,Black Journey,Documentary,Comedy,Malayalam,2022-07-26,140,3.7,501667.0,available
6668,White Path,Sports,Horror,Telugu,2022-07-27,141,3.8,501668.0,Available
6669,Crimson Truth,Movie,Sci-Fi,Hindi,2022-07-28,142,3.9,501669.0,Removed
6670,Storm Promise,Movie,Action,English,2022-07-29,143,4.0,501670.0,Upcoming
6671,Fire Secrets,Series,Drama,Tamil,2022-07-30,144,4.1,501671.0,available
6672,Ice Chronicles,Documentary,Comedy,Kannada,2022-07-31,145,4.2,501672.0,Available
6673,Steel Tales,Sports,Thriller,Malayalam,2022-08-01,146,4.3,501673.0,Removed
6674,Thunder Dreams,Movie,Romance,Telugu,2022-08-02,147,4.4,501674.0,Upcoming
6675,Dark Valley,Movie,action,Hindi,2022-08-03,148,4.5,501675.0,available
6676,Golden Mountain,Series,DRAMA,English,2022-08-04,149,4.6,501676.0,Available
6677,Silent River,Documentary,Comedy,Tamil,2022-08-05,150,4.7,501677.0,Removed
6678,Rising Sky,Sports,Horror,Kannada,2022-08-06,151,4.8,501678.0,Upcoming
6679,Broken Ocean,Movie,Sci-Fi,Malayalam,2022-08-07,152,4.9,501679.0,available
6680,Lost Horizon,Movie,Action,Telugu,2022-08-08,153,1.0,501680.0,Available
6681,Hidden Legacy,Series,Drama,Hindi,2022-08-09,154,1.1,501681.0,Removed
6682,Sacred Empire,Documentary,Comedy,English,2022-08-10,155,1.2,501682.0,Upcoming
6683,Wild Dawn,Sports,Thriller,,2022-08-11,156,1.3,501683.0,available
6684,Iron Night,Movie,Romance,Kannada,2022-08-12,157,1.4,501684.0,Available
6685,Shadow Warriors,Movie,action,Malayalam,2022-08-13,158,1.5,501685.0,Removed
6686,Burning Destiny,Series,DRAMA,Telugu,2022-08-14,159,1.6,501686.0,Upcoming
6687,Last Journey,Documentary,Comedy,Hindi,2022-08-15,160,1.7,501687.0,available
6688,First Path,Sports,Horror,English,2022-08-16,161,1.8,501688.0,Available
6689,Final Truth,Movie,Sci-Fi,Tamil,2022-08-17,162,1.9,501689.0,Removed
6690,Blue Promise,Movie,Action,Kannada,2022-08-18,163,2.0,501690.0,Upcoming
6691,Red Secrets,Series,Drama,Malayalam,2022-08-19,164,2.1,501691.0,available
6692,Black Chronicles,Documentary,Comedy,Telugu,2022-08-20,165,2.2,501692.0,Available
6693,White Tales,Sports,Thriller,Hindi,2022-08-21,166,2.3,501693.0,Removed
6694,Crimson Dreams,Movie,Romance,English,2022-08-22,167,2.4,501694.0,Upcoming
6695,Storm Valley,Movie,action,Tamil,2022-08-23,168,2.5,501695.0,available
6696,Fire Mountain,Series,DRAMA,Kannada,2022-08-24,169,2.6,501696.0,Available
6697,Ice River,Documentary,Comedy,Malayalam,2022-08-25,170,2.7,501697.0,Removed
6698,Steel Sky,Sports,Horror,Telugu,2022-08-26,171,2.8,501698.0,Upcoming
6699,Thunder Ocean,Movie,Sci-Fi,Hindi,2022-08-27,172,2.9,501699.0,available
6700,Dark Horizon,Movie,Action,,2022-08-28,173,3.0,501700.0,Available
6701,Golden Legacy,Series,Drama,Tamil,2022-08-29,174,3.1,501701.0,Removed
6702,Silent Empire,Documentary,Comedy,Kannada,2022-08-30,175,3.2,501702.0,Upcoming
6703,Rising Dawn,Sports,Thriller,Malayalam,2022-08-31,176,3.3,501703.0,available
6704,Broken Night,Movie,Romance,Telugu,2022-09-01,177,3.4,501704.0,Available
6705,Lost Warriors,Movie,action,Hindi,2022-09-02,178,3.5,501705.0,Removed
6706,Hidden Destiny,Series,DRAMA,English,2022-09-03,179,3.6,501706.0,Upcoming
6707,Sacred Journey,Documentary,Comedy,Tamil,2022-09-04,180,3.7,501707.0,available
6708,Wild Path,Sports,Horror,Kannada,2022-09-05,181,3.8,501708.0,Available
6709,Iron Truth,Movie,Sci-Fi,Malayalam,2022-09-06,182,3.9,501709.0,Removed
6710,Shadow Promise,Movie,Action,Telugu,2022-09-07,183,4.0,501710.0,Upcoming
6711,Burning Secrets,Series,Drama,Hindi,2022-09-08,184,4.1,501711.0,available
6712,Last Chronicles,Documentary,Comedy,English,2022-09-09,185,4.2,501712.0,Available
6713,First Tales,Sports,Thriller,Tamil,2022-09-10,186,4.3,501713.0,Removed
6714,Final Dreams,Movie,Romance,Kannada,2022-09-11,187,4.4,501714.0,Upcoming
6715,Blue Valley,Movie,action,Malayalam,2022-09-12,188,4.5,501715.0,available
6716,Red Mountain,Series,DRAMA,Telugu,2022-09-13,189,4.6,501716.0,Available
6717,Black River,Documentary,Comedy,,2022-09-14,190,4.7,501717.0,Removed
6718,White Sky,Sports,Horror,English,2022-09-15,191,4.8,501718.0,Upcoming
6719,Crimson Ocean,Movie,Sci-Fi,Tamil,2022-09-16,192,4.9,501719.0,available
6720,Storm Horizon,Movie,Action,Kannada,2022-09-17,193,1.0,501720.0,Available
6721,Fire Legacy,Series,Drama,Malayalam,2022-09-18,194,1.1,501721.0,Removed
6722,Ice Empire,Documentary,Comedy,Telugu,2022-09-19,195,1.2,501722.0,Upcoming
6723,Steel Dawn,Sports,Thriller,Hindi,2022-09-20,196,1.3,501723.0,available
6724,Thunder Night,Movie,Romance,English,2022-09-21,197,1.4,501724.0,Available
6725,Dark Warriors,Movie,action,Tamil,2022-09-22,198,1.5,501725.0,Removed
6726,Golden Destiny,Series,DRAMA,Kannada,2022-09-23,199,1.6,501726.0,Upcoming
6727,Silent Journey,Documentary,Comedy,Malayalam,2022-09-24,200,1.7,501727.0,available
6728,Rising Path,Sports,Horror,Telugu,2022-09-25,201,1.8,501728.0,Available
6729,Broken Truth,Movie,Sci-Fi,Hindi,2022-09-26,202,1.9,501729.0,Removed
6730,Lost Promise,Movie,Action,English,2022-09-27,203,2.0,501730.0,Upcoming
6731,Hidden Secrets,Series,Drama,Tamil,2022-09-28,204,2.1,501731.0,available
6732,Sacred Chronicles,Documentary,Comedy,Kannada,2022-09-29,205,2.2,501732.0,Available
6733,Wild Tales,Sports,Thriller,Malayalam,2022-09-30,206,2.3,501733.0,Removed
6734,Iron Dreams,Movie,Romance,,2022-10-01,207,2.4,501734.0,Upcoming
6735,Shadow Valley,Movie,action,Hindi,2022-10-02,208,2.5,501735.0,available
6736,Burning Mountain,Series,DRAMA,English,2022-10-03,209,2.6,501736.0,Available
6737,Last River,Documentary,Comedy,Tamil,2022-10-04,210,2.7,501737.0,Removed
6738,First Sky,Sports,Horror,Kannada,2022-10-05,211,2.8,501738.0,Upcoming
6739,Final Ocean,Movie,Sci-Fi,Malayalam,2022-10-06,212,2.9,501739.0,available
6740,Blue Horizon,Movie,Action,Telugu,2022-10-07,213,3.0,501740.0,Available
6741,Red Legacy,Series,Drama,Hindi,2022-10-08,214,3.1,501741.0,Removed
6742,Black Empire,Documentary,Comedy,English,2022-10-09,215,3.2,501742.0,Upcoming
6743,White Dawn,Sports,Thriller,Tamil,2022-10-10,216,3.3,501743.0,available
6744,Crimson Night,Movie,Romance,Kannada,2022-10-11,217,3.4,501744.0,Available
6745,Storm Warriors,Movie,action,Malayalam,2022-10-12,218,3.5,501745.0,Removed
6746,Fire Destiny,Series,DRAMA,Telugu,2022-10-13,219,3.6,501746.0,Upcoming
6747,Ice Journey,Documentary,Comedy,Hindi,2022-10-14,220,3.7,501747.0,available
6748,Steel Path,Sports,Horror,English,2022-10-15,221,3.8,501748.0,Available
6749,Thunder Truth,Movie,Sci-Fi,Tamil,2022-10-16,222,3.9,501749.0,Removed
6750,Dark Promise,Movie,Action,Kannada,2022-10-17,223,4.0,501750.0,Upcoming
6751,Golden Secrets,Series,Drama,,2022-10-18,224,4.1,501751.0,available
6752,Silent Chronicles,Documentary,Comedy,Telugu,2022-10-19,225,4.2,501752.0,Available
6753,Rising Tales,Sports,Thriller,Hindi,2022-10-20,226,4.3,501753.0,Removed
6754,Broken Dreams,Movie,Romance,English,2022-10-21,227,4.4,501754.0,Upcoming
6755,Lost Valley,Movie,action,Tamil,2022-10-22,228,4.5,501755.0,available
6756,Hidden Mountain,Series,DRAMA,Kannada,2022-10-23,229,4.6,501756.0,Available
6757,Sacred River,Documentary,Comedy,Malayalam,2022-10-24,230,4.7,501757.0,Removed
6758,Wild Sky,Sports,Horror,Telugu,2022-10-25,231,4.8,501758.0,Upcoming
6759,Iron Ocean,Movie,Sci-Fi,Hindi,2022-10-26,232,4.9,501759.0,available
6760,Shadow Horizon,Movie,Action,English,2022-10-27,233,1.0,501760.0,Available
6761,Burning Legacy,Series,Drama,Tamil,2022-10-28,234,1.1,501761.0,Removed
6762,Last Empire,Documentary,Comedy,Kannada,2022-10-29,235,1.2,501762.0,Upcoming
6763,First Dawn,Sports,Thriller,Malayalam,2022-10-30,236,1.3,501763.0,available
6764,Final Night,Movie,Romance,Telugu,2022-10-31,237,1.4,501764.0,Available
6765,Blue Warriors,Movie,action,Hindi,2022-11-01,238,1.5,501765.0,Removed
6766,Red Destiny,Series,DRAMA,English,2022-11-02,239,1.6,501766.0,Upcoming
6767,Black Journey,Documentary,Comedy,Tamil,2022-11-03,240,1.7,501767.0,available
6768,White Path,Sports,Horror,,2022-11-04,20,1.8,501768.0,Available
6769,Crimson Truth,Movie,Sci-Fi,Malayalam,2022-11-05,21,1.9,501769.0,Removed
6770,Storm Promise,Movie,Action,Telugu,2022-11-06,22,2.0,501770.0,Upcoming
6771,Fire Secrets,Series,Drama,Hindi,2022-11-07,23,2.1,501771.0,available
6772,Ice Chronicles,Documentary,Comedy,English,2022-11-08,24,2.2,501772.0,Available
6773,Steel Tales,Sports,Thriller,Tamil,2022-11-09,25,2.3,501773.0,Removed
6774,Thunder Dreams,Movie,Romance,Kannada,2022-11-10,26,2.4,501774.0,Upcoming
6775,Dark Valley,Movie,action,Malayalam,2022-11-11,27,2.5,501775.0,available
6776,Golden Mountain,Series,DRAMA,Telugu,2022-11-12,28,2.6,501776.0,Available
6777,Silent River,Documentary,Comedy,Hindi,2022-11-13,29,2.7,501777.0,Removed
6778,Rising Sky,Sports,Horror,English,2022-11-14,30,2.8,501778.0,Upcoming
6779,Broken Ocean,Movie,Sci-Fi,Tamil,2022-11-15,31,2.9,501779.0,available
6780,Lost Horizon,Movie,Action,Kannada,2022-11-16,32,3.0,501780.0,Available
6781,Hidden Legacy,Series,Drama,Malayalam,2022-11-17,33,3.1,501781.0,Removed
6782,Sacred Empire,Documentary,Comedy,Telugu,2022-11-18,34,3.2,501782.0,Upcoming
6783,Wild Dawn,Sports,Thriller,Hindi,2022-11-19,35,3.3,501783.0,available
6784,Iron Night,Movie,Romance,English,2022-11-20,36,3.4,501784.0,Available
6785,Shadow Warriors,Movie,action,,2022-11-21,37,3.5,501785.0,Removed
6786,Burning Destiny,Series,DRAMA,Kannada,2022-11-22,38,3.6,501786.0,Upcoming
6787,Last Journey,Documentary,Comedy,Malayalam,2022-11-23,39,3.7,501787.0,available
6788,First Path,Sports,Horror,Telugu,2022-11-24,40,3.8,501788.0,Available
6789,Final Truth,Movie,Sci-Fi,Hindi,2022-11-25,41,3.9,501789.0,Removed
6790,Blue Promise,Movie,Action,English,2022-11-26,42,4.0,501790.0,Upcoming
6791,Red Secrets,Series,Drama,Tamil,2022-11-27,43,4.1,501791.0,available
6792,Black Chronicles,Documentary,Comedy,Kannada,2022-11-28,44,4.2,501792.0,Available
6793,White Tales,Sports,Thriller,Malayalam,2022-11-29,45,4.3,501793.0,Removed
6794,Crimson Dreams,Movie,Romance,Telugu,2022-11-30,46,4.4,501794.0,Upcoming
6795,Storm Valley,Movie,action,Hindi,2022-12-01,47,4.5,501795.0,available
6796,Fire Mountain,Series,DRAMA,English,2022-12-02,48,4.6,501796.0,Available
6797,Ice River,Documentary,Comedy,Tamil,2022-12-03,49,4.7,501797.0,Removed
6798,Steel Sky,Sports,Horror,Kannada,2022-12-04,50,4.8,501798.0,Upcoming
6799,Thunder Ocean,Movie,Sci-Fi,Malayalam,2022-12-05,51,4.9,501799.0,available
6800,Dark Horizon,Movie,Action,Telugu,2022-12-06,52,1.0,501800.0,Available
6801,Golden Legacy,Series,Drama,Hindi,2022-12-07,53,1.1,501801.0,Removed
6802,Silent Empire,Documentary,Comedy,,2022-12-08,54,1.2,501802.0,Upcoming
6803,Rising Dawn,Sports,Thriller,Tamil,2022-12-09,55,1.3,501803.0,available
6804,Broken Night,Movie,Romance,Kannada,2022-12-10,56,1.4,501804.0,Available
6805,Lost Warriors,Movie,action,Malayalam,2022-12-11,57,1.5,501805.0,Removed
6806,Hidden Destiny,Series,DRAMA,Telugu,2022-12-12,58,1.6,501806.0,Upcoming
6807,Sacred Journey,Documentary,Comedy,Hindi,2022-12-13,59,1.7,501807.0,available
6808,Wild Path,Sports,Horror,English,2022-12-14,60,1.8,501808.0,Available
6809,Iron Truth,Movie,Sci-Fi,Tamil,2022-12-15,61,1.9,501809.0,Removed
6810,Shadow Promise,Movie,Action,Kannada,2022-12-16,62,2.0,501810.0,Upcoming
6811,Burning Secrets,Series,Drama,Malayalam,2022-12-17,63,2.1,501811.0,available
6812,Last Chronicles,Documentary,Comedy,Telugu,2022-12-18,64,2.2,501812.0,Available
6813,First Tales,Sports,Thriller,Hindi,2022-12-19,65,2.3,501813.0,Removed
6814,Final Dreams,Movie,Romance,English,2022-12-20,66,2.4,501814.0,Upcoming
6815,Blue Valley,Movie,action,Tamil,2022-12-21,67,2.5,501815.0,available
6816,Red Mountain,Series,DRAMA,Kannada,2022-12-22,68,2.6,501816.0,Available
6817,Black River,Documentary,Comedy,Malayalam,2022-12-23,69,2.7,501817.0,Removed
6818,White Sky,Sports,Horror,Telugu,2022-12-24,70,2.8,501818.0,Upcoming
6819,Crimson Ocean,Movie,Sci-Fi,,2022-12-25,71,2.9,501819.0,available
6820,Storm Horizon,Movie,Action,English,2022-12-26,72,3.0,501820.0,Available
6821,Fire Legacy,Series,Drama,Tamil,2022-12-27,73,3.1,501821.0,Removed
6822,Ice Empire,Documentary,Comedy,Kannada,2022-12-28,74,3.2,501822.0,Upcoming
6823,Steel Dawn,Sports,Thriller,Malayalam,2022-12-29,75,3.3,501823.0,available
6824,Thunder Night,Movie,Romance,Telugu,2022-12-30,76,3.4,501824.0,Available
6825,Dark Warriors,Movie,action,Hindi,2022-12-31,77,3.5,501825.0,Removed
6826,Golden Destiny,Series,DRAMA,English,2023-01-01,78,3.6,501826.0,Upcoming
6827,Silent Journey,Documentary,Comedy,Tamil,2023-01-02,79,3.7,501827.0,available
6828,Rising Path,Sports,Horror,Kannada,2023-01-03,80,3.8,501828.0,Available
6829,Broken Truth,Movie,Sci-Fi,Malayalam,2023-01-04,81,3.9,501829.0,Removed
6830,Lost Promise,Movie,Action,Telugu,2023-01-05,82,4.0,501830.0,Upcoming
6831,Hidden Secrets,Series,Drama,Hindi,2023-01-06,83,4.1,501831.0,available
6832,Sacred Chronicles,Documentary,Comedy,English,2023-01-07,84,4.2,501832.0,Available
6833,Wild Tales,Sports,Thriller,Tamil,2023-01-08,85,4.3,501833.0,Removed
6834,Iron Dreams,Movie,Romance,Kannada,2023-01-09,86,4.4,501834.0,Upcoming
6835,Shadow Valley,Movie,action,Malayalam,2023-01-10,87,4.5,501835.0,available
6836,Burning Mountain,Series,DRAMA,,2023-01-11,88,4.6,501836.0,Available
6837,Last River,Documentary,Comedy,Hindi,2023-01-12,89,4.7,501837.0,Removed
6838,First Sky,Sports,Horror,English,2023-01-13,90,4.8,501838.0,Upcoming
6839,Final Ocean,Movie,Sci-Fi,Tamil,2023-01-14,91,4.9,501839.0,available
6840,Blue Horizon,Movie,Action,Kannada,2023-01-15,92,1.0,501840.0,Available
6841,Red Legacy,Series,Drama,Malayalam,2023-01-16,93,1.1,501841.0,Removed
6842,Black Empire,Documentary,Comedy,Telugu,2023-01-17,94,1.2,501842.0,Upcoming
6843,White Dawn,Sports,Thriller,Hindi,2023-01-18,95,1.3,501843.0,available
6844,Crimson Night,Movie,Romance,English,2023-01-19,96,1.4,501844.0,Available
6845,Storm Warriors,Movie,action,Tamil,2023-01-20,97,1.5,501845.0,Removed
6846,Fire Destiny,Series,DRAMA,Kannada,2023-01-21,98,1.6,501846.0,Upcoming
6847,Ice Journey,Documentary,Comedy,Malayalam,2023-01-22,99,1.7,501847.0,available
6848,Steel Path,Sports,Horror,Telugu,2023-01-23,100,1.8,501848.0,Available
6849,Thunder Truth,Movie,Sci-Fi,Hindi,2023-01-24,101,1.9,501849.0,Removed
6850,Dark Promise,Movie,Action,English,2023-01-25,102,2.0,501850.0,Upcoming
6851,Golden Secrets,Series,Drama,Tamil,2023-01-26,103,2.1,501851.0,available
6852,Silent Chronicles,Documentary,Comedy,Kannada,2023-01-27,104,2.2,501852.0,Available
6853,Rising Tales,Sports,Thriller,,2023-01-28,105,2.3,501853.0,Removed
6854,Broken Dreams,Movie,Romance,Telugu,2023-01-29,106,2.4,501854.0,Upcoming
6855,Lost Valley,Movie,action,Hindi,2023-01-30,107,2.5,501855.0,available
6856,Hidden Mountain,Series,DRAMA,English,2023-01-31,108,2.6,501856.0,Available
6857,Sacred River,Documentary,Comedy,Tamil,2023-02-01,109,2.7,501857.0,Removed
6858,Wild Sky,Sports,Horror,Kannada,2023-02-02,110,2.8,501858.0,Upcoming
6859,Iron Ocean,Movie,Sci-Fi,Malayalam,2023-02-03,111,2.9,501859.0,available
6860,Shadow Horizon,Movie,Action,Telugu,2023-02-04,112,3.0,501860.0,Available
6861,Burning Legacy,Series,Drama,Hindi,2023-02-05,113,3.1,501861.0,Removed
6862,Last Empire,Documentary,Comedy,English,2023-02-06,114,3.2,501862.0,Upcoming
6863,First Dawn,Sports,Thriller,Tamil,2023-02-07,115,3.3,501863.0,available
6864,Final Night,Movie,Romance,Kannada,2023-02-08,116,3.4,501864.0,Available
6865,Blue Warriors,Movie,action,Malayalam,2023-02-09,117,3.5,501865.0,Removed
6866,Red Destiny,Series,DRAMA,Telugu,2023-02-10,118,3.6,501866.0,Upcoming
6867,Black Journey,Documentary,Comedy,Hindi,2023-02-11,119,3.7,501867.0,available
6868,White Path,Sports,Horror,English,2023-02-12,120,3.8,501868.0,Available
6869,Crimson Truth,Movie,Sci-Fi,Tamil,2023-02-13,121,3.9,501869.0,Removed
6870,Storm Promise,Movie,Action,,2023-02-14,122,4.0,501870.0,Upcoming
6871,Fire Secrets,Series,Drama,Malayalam,2023-02-15,123,4.1,501871.0,available
6872,Ice Chronicles,Documentary,Comedy,Telugu,2023-02-16,124,4.2,501872.0,Available
6873,Steel Tales,Sports,Thriller,Hindi,2023-02-17,125,4.3,501873.0,Removed
6874,Thunder Dreams,Movie,Romance,English,2023-02-18,126,4.4,501874.0,Upcoming
6875,Dark Valley,Movie,action,Tamil,2023-02-19,127,4.5,501875.0,available
6876,Golden Mountain,Series,DRAMA,Kannada,2023-02-20,128,4.6,501876.0,Available
6877,Silent River,Documentary,Comedy,Malayalam,2023-02-21,129,4.7,501877.0,Removed
6878,Rising Sky,Sports,Horror,Telugu,2023-02-22,130,4.8,501878.0,Upcoming
6879,Broken Ocean,Movie,Sci-Fi,Hindi,2023-02-23,131,4.9,501879.0,available
6880,Lost Horizon,Movie,Action,English,2023-02-24,132,1.0,501880.0,Available
6881,Hidden Legacy,Series,Drama,Tamil,2023-02-25,133,1.1,501881.0,Removed
6882,Sacred Empire,Documentary,Comedy,Kannada,2023-02-26,134,1.2,501882.0,Upcoming
6883,Wild Dawn,Sports,Thriller,Malayalam,2023-02-27,135,1.3,501883.0,available
6884,Iron Night,Movie,Romance,Telugu,2023-02-28,136,1.4,501884.0,Available
6885,Shadow Warriors,Movie,action,Hindi,2023-03-01,137,1.5,501885.0,Removed
6886,Burning Destiny,Series,DRAMA,English,2023-03-02,138,1.6,501886.0,Upcoming
6887,Last Journey,Documentary,Comedy,,2023-03-03,139,1.7,501887.0,available
6888,First Path,Sports,Horror,Kannada,2023-03-04,140,1.8,501888.0,Available
6889,Final Truth,Movie,Sci-Fi,Malayalam,2023-03-05,141,1.9,501889.0,Removed
6890,Blue Promise,Movie,Action,Telugu,2023-03-06,142,2.0,501890.0,Upcoming
6891,Red Secrets,Series,Drama,Hindi,2023-03-07,143,2.1,501891.0,available
6892,Black Chronicles,Documentary,Comedy,English,2023-03-08,144,2.2,501892.0,Available
6893,White Tales,Sports,Thriller,Tamil,2023-03-09,145,2.3,501893.0,Removed
6894,Crimson Dreams,Movie,Romance,Kannada,2023-03-10,146,2.4,501894.0,Upcoming
6895,Storm Valley,Movie,action,Malayalam,2023-03-11,147,2.5,501895.0,available
6896,Fire Mountain,Series,DRAMA,Telugu,2023-03-12,148,2.6,501896.0,Available
6897,Ice River,Documentary,Comedy,Hindi,2023-03-13,149,2.7,501897.0,Removed
6898,Steel Sky,Sports,Horror,English,2023-03-14,150,2.8,501898.0,Upcoming
6899,Thunder Ocean,Movie,Sci-Fi,Tamil,2023-03-15,151,2.9,501899.0,available
6900,Dark Horizon,Movie,Action,Kannada,2023-03-16,152,3.0,501900.0,Available
6901,Golden Legacy,Series,Drama,Malayalam,2023-03-17,153,3.1,501901.0,Removed
6902,Silent Empire,Documentary,Comedy,Telugu,2023-03-18,154,3.2,501902.0,Upcoming
6903,Rising Dawn,Sports,Thriller,Hindi,2023-03-19,155,3.3,501903.0,available
6904,Broken Night,Movie,Romance,,2023-03-20,156,3.4,501904.0,Available
6905,Lost Warriors,Movie,action,Tamil,2023-03-21,157,3.5,501905.0,Removed
6906,Hidden Destiny,Series,DRAMA,Kannada,2023-03-22,158,3.6,501906.0,Upcoming
6907,Sacred Journey,Documentary,Comedy,Malayalam,2023-03-23,159,3.7,501907.0,available
6908,Wild Path,Sports,Horror,Telugu,2023-03-24,160,3.8,501908.0,Available
6909,Iron Truth,Movie,Sci-Fi,Hindi,2023-03-25,161,3.9,501909.0,Removed
6910,Shadow Promise,Movie,Action,English,2023-03-26,162,4.0,501910.0,Upcoming
6911,Burning Secrets,Series,Drama,Tamil,2023-03-27,163,4.1,501911.0,available
6912,Last Chronicles,Documentary,Comedy,Kannada,2023-03-28,164,4.2,501912.0,Available
6913,First Tales,Sports,Thriller,Malayalam,2023-03-29,165,4.3,501913.0,Removed
6914,Final Dreams,Movie,Romance,Telugu,2023-03-30,166,4.4,501914.0,Upcoming
6915,Blue Valley,Movie,action,Hindi,2023-03-31,167,4.5,501915.0,available
6916,Red Mountain,Series,DRAMA,English,2023-04-01,168,4.6,501916.0,Available
6917,Black River,Documentary,Comedy,Tamil,2023-04-02,169,4.7,501917.0,Removed
6918,White Sky,Sports,Horror,Kannada,2023-04-03,170,4.8,501918.0,Upcoming
6919,Crimson Ocean,Movie,Sci-Fi,Malayalam,2023-04-04,171,4.9,501919.0,available
6920,Storm Horizon,Movie,Action,Telugu,2023-04-05,172,1.0,501920.0,Available
6921,Fire Legacy,Series,Drama,,2023-04-06,173,1.1,501921.0,Removed
6922,Ice Empire,Documentary,Comedy,English,2023-04-07,174,1.2,501922.0,Upcoming
6923,Steel Dawn,Sports,Thriller,Tamil,2023-04-08,175,1.3,501923.0,available
6924,Thunder Night,Movie,Romance,Kannada,2023-04-09,176,1.4,501924.0,Available
6925,Dark Warriors,Movie,action,Malayalam,2023-04-10,177,1.5,501925.0,Removed
6926,Golden Destiny,Series,DRAMA,Telugu,2023-04-11,178,1.6,501926.0,Upcoming
6927,Silent Journey,Documentary,Comedy,Hindi,2023-04-12,179,1.7,501927.0,available
6928,Rising Path,Sports,Horror,English,2023-04-13,180,1.8,501928.0,Available
6929,Broken Truth,Movie,Sci-Fi,Tamil,2023-04-14,181,1.9,501929.0,Removed
6930,Lost Promise,Movie,Action,Kannada,2023-04-15,182,2.0,501930.0,Upcoming
6931,Hidden Secrets,Series,Drama,Malayalam,2023-04-16,183,2.1,501931.0,available
6932,Sacred Chronicles,Documentary,Comedy,Telugu,2023-04-17,184,2.2,501932.0,Available
6933,Wild Tales,Sports,Thriller,Hindi,2023-04-18,185,2.3,501933.0,Removed
6934,Iron Dreams,Movie,Romance,English,2023-04-19,186,2.4,501934.0,Upcoming
6935,Shadow Valley,Movie,action,Tamil,2023-04-20,187,2.5,501935.0,available
6936,Burning Mountain,Series,DRAMA,Kannada,2023-04-21,188,2.6,501936.0,Available
6937,Last River,Documentary,Comedy,Malayalam,2023-04-22,189,2.7,501937.0,Removed
6938,First Sky,Sports,Horror,,2023-04-23,190,2.8,501938.0,Upcoming
6939,Final Ocean,Movie,Sci-Fi,Hindi,2023-04-24,191,2.9,501939.0,available
6940,Blue Horizon,Movie,Action,English,2023-04-25,192,3.0,501940.0,Available
6941,Red Legacy,Series,Drama,Tamil,2023-04-26,193,3.1,501941.0,Removed
6942,Black Empire,Documentary,Comedy,Kannada,2023-04-27,194,3.2,501942.0,Upcoming
6943,White Dawn,Sports,Thriller,Malayalam,2023-04-28,195,3.3,501943.0,available
6944,Crimson Night,Movie,Romance,Telugu,2023-04-29,196,3.4,501944.0,Available
6945,Storm Warriors,Movie,action,Hindi,2023-04-30,197,3.5,501945.0,Removed
6946,Fire Destiny,Series,DRAMA,English,2023-05-01,198,3.6,501946.0,Upcoming
6947,Ice Journey,Documentary,Comedy,Tamil,2023-05-02,199,3.7,501947.0,available
6948,Steel Path,Sports,Horror,Kannada,2023-05-03,200,3.8,501948.0,Available
6949,Thunder Truth,Movie,Sci-Fi,Malayalam,2023-05-04,201,3.9,501949.0,Removed
6950,Dark Promise,Movie,Action,Telugu,2023-05-05,202,4.0,501950.0,Upcoming
6951,Golden Secrets,Series,Drama,Hindi,2023-05-06,203,4.1,501951.0,available
6952,Silent Chronicles,Documentary,Comedy,English,2023-05-07,204,4.2,501952.0,Available
6953,Rising Tales,Sports,Thriller,Tamil,2023-05-08,205,4.3,501953.0,Removed
6954,Broken Dreams,Movie,Romance,Kannada,2023-05-09,206,4.4,501954.0,Upcoming
6955,Lost Valley,Movie,action,,2023-05-10,207,4.5,501955.0,available
6956,Hidden Mountain,Series,DRAMA,Telugu,2023-05-11,208,4.6,501956.0,Available
6957,Sacred River,Documentary,Comedy,Hindi,2023-05-12,209,4.7,501957.0,Removed
6958,Wild Sky,Sports,Horror,English,2023-05-13,210,4.8,501958.0,Upcoming
6959,Iron Ocean,Movie,Sci-Fi,Tamil,2023-05-14,211,4.9,501959.0,available
6960,Shadow Horizon,Movie,Action,Kannada,2023-05-15,212,1.0,501960.0,Available
6961,Burning Legacy,Series,Drama,Malayalam,2023-05-16,213,1.1,501961.0,Removed
6962,Last Empire,Documentary,Comedy,Telugu,2023-05-17,214,1.2,501962.0,Upcoming
6963,First Dawn,Sports,Thriller,Hindi,2023-05-18,215,1.3,501963.0,available
6964,Final Night,Movie,Romance,English,2023-05-19,216,1.4,501964.0,Available
6965,Blue Warriors,Movie,action,Tamil,2023-05-20,217,1.5,501965.0,Removed
6966,Red Destiny,Series,DRAMA,Kannada,2023-05-21,218,1.6,501966.0,Upcoming
6967,Black Journey,Documentary,Comedy,Malayalam,2023-05-22,219,1.7,501967.0,available
6968,White Path,Sports,Horror,Telugu,2023-05-23,220,1.8,501968.0,Available
6969,Crimson Truth,Movie,Sci-Fi,Hindi,2023-05-24,221,1.9,501969.0,Removed
6970,Storm Promise,Movie,Action,English,2023-05-25,222,2.0,501970.0,Upcoming
6971,Fire Secrets,Series,Drama,Tamil,2023-05-26,223,2.1,501971.0,available
6972,Ice Chronicles,Documentary,Comedy,,2023-05-27,224,2.2,501972.0,Available
6973,Steel Tales,Sports,Thriller,Malayalam,2023-05-28,225,2.3,501973.0,Removed
6974,Thunder Dreams,Movie,Romance,Telugu,2023-05-29,226,2.4,501974.0,Upcoming
6975,Dark Valley,Movie,action,Hindi,2023-05-30,227,2.5,501975.0,available
6976,Golden Mountain,Series,DRAMA,English,2023-05-31,228,2.6,501976.0,Available
6977,Silent River,Documentary,Comedy,Tamil,2023-06-01,229,2.7,501977.0,Removed
6978,Rising Sky,Sports,Horror,Kannada,2023-06-02,230,2.8,501978.0,Upcoming
6979,Broken Ocean,Movie,Sci-Fi,Malayalam,2023-06-03,231,2.9,501979.0,available
6980,Lost Horizon,Movie,Action,Telugu,2023-06-04,232,3.0,501980.0,Available
6981,Hidden Legacy,Series,Drama,Hindi,2023-06-05,233,3.1,501981.0,Removed
6982,Sacred Empire,Documentary,Comedy,English,2023-06-06,234,3.2,501982.0,Upcoming
6983,Wild Dawn,Sports,Thriller,Tamil,2023-06-07,235,3.3,501983.0,available
6984,Iron Night,Movie,Romance,Kannada,2023-06-08,236,3.4,501984.0,Available
6985,Shadow Warriors,Movie,action,Malayalam,2023-06-09,237,3.5,501985.0,Removed
6986,Burning Destiny,Series,DRAMA,Telugu,2023-06-10,238,3.6,501986.0,Upcoming
6987,Last Journey,Documentary,Comedy,Hindi,2023-06-11,239,3.7,501987.0,available
6988,First Path,Sports,Horror,English,2023-06-12,240,3.8,501988.0,Available
6989,Final Truth,Movie,Sci-Fi,,2023-06-13,20,3.9,501989.0,Removed
6990,Blue Promise,Movie,Action,Kannada,2023-06-14,21,4.0,501990.0,Upcoming
6991,Red Secrets,Series,Drama,Malayalam,2023-06-15,22,4.1,501991.0,available
6992,Black Chronicles,Documentary,Comedy,Telugu,2023-06-16,23,4.2,501992.0,Available
6993,White Tales,Sports,Thriller,Hindi,2023-06-17,24,4.3,501993.0,Removed
6994,Crimson Dreams,Movie,Romance,English,2023-06-18,25,4.4,501994.0,Upcoming
6995,Storm Valley,Movie,action,Tamil,2023-06-19,26,4.5,501995.0,available
6996,Fire Mountain,Series,DRAMA,Kannada,2023-06-20,27,4.6,501996.0,Available
6997,Ice River,Documentary,Comedy,Malayalam,2023-06-21,28,4.7,501997.0,Removed
6998,Steel Sky,Sports,Horror,Telugu,2023-06-22,29,4.8,501998.0,Upcoming
6999,Thunder Ocean,Movie,Sci-Fi,Hindi,2023-06-23,30,4.9,501999.0,available
7000,Dark Horizon,Movie,Action,English,2023-06-24,31,1.0,502000.0,Available
7001,Golden Legacy,Series,Drama,Tamil,2023-06-25,32,1.1,502001.0,Removed
7002,Silent Empire,Documentary,Comedy,Kannada,2023-06-26,33,1.2,502002.0,Upcoming
7003,Rising Dawn,Sports,Thriller,Malayalam,2023-06-27,34,1.3,502003.0,available
7004,Broken Night,Movie,Romance,Telugu,2023-06-28,35,1.4,502004.0,Available
7005,Lost Warriors,Movie,action,Hindi,2023-06-29,36,1.5,502005.0,Removed
7006,Hidden Destiny,Series,DRAMA,,2023-06-30,37,1.6,502006.0,Upcoming
7007,Sacred Journey,Documentary,Comedy,Tamil,2023-07-01,38,1.7,502007.0,available
7008,Wild Path,Sports,Horror,Kannada,2023-07-02,39,1.8,502008.0,Available
7009,Iron Truth,Movie,Sci-Fi,Malayalam,2023-07-03,40,1.9,502009.0,Removed
7010,Shadow Promise,Movie,Action,Telugu,2023-07-04,41,2.0,502010.0,Upcoming
7011,Burning Secrets,Series,Drama,Hindi,2023-07-05,42,2.1,502011.0,available
7012,Last Chronicles,Documentary,Comedy,English,2023-07-06,43,2.2,502012.0,Available
7013,First Tales,Sports,Thriller,Tamil,2023-07-07,44,2.3,502013.0,Removed
7014,Final Dreams,Movie,Romance,Kannada,2023-07-08,45,2.4,502014.0,Upcoming
7015,Blue Valley,Movie,action,Malayalam,2023-07-09,46,2.5,502015.0,available
7016,Red Mountain,Series,DRAMA,Telugu,2023-07-10,47,2.6,502016.0,Available
7017,Black River,Documentary,Comedy,Hindi,2023-07-11,48,2.7,502017.0,Removed
7018,White Sky,Sports,Horror,English,2023-07-12,49,2.8,502018.0,Upcoming
7019,Crimson Ocean,Movie,Sci-Fi,Tamil,2023-07-13,50,2.9,502019.0,available
7020,Storm Horizon,Movie,Action,Kannada,2023-07-14,51,3.0,502020.0,Available
7021,Fire Legacy,Series,Drama,Malayalam,2023-07-15,52,3.1,502021.0,Removed
7022,Ice Empire,Documentary,Comedy,Telugu,2023-07-16,53,3.2,502022.0,Upcoming
7023,Steel Dawn,Sports,Thriller,,2023-07-17,54,3.3,502023.0,available
7024,Thunder Night,Movie,Romance,English,2023-07-18,55,3.4,502024.0,Available
7025,Dark Warriors,Movie,action,Tamil,2023-07-19,56,3.5,502025.0,Removed
7026,Golden Destiny,Series,DRAMA,Kannada,2023-07-20,57,3.6,502026.0,Upcoming
7027,Silent Journey,Documentary,Comedy,Malayalam,2023-07-21,58,3.7,502027.0,available
7028,Rising Path,Sports,Horror,Telugu,2023-07-22,59,3.8,502028.0,Available
7029,Broken Truth,Movie,Sci-Fi,Hindi,2023-07-23,60,3.9,502029.0,Removed
7030,Lost Promise,Movie,Action,English,2023-07-24,61,4.0,502030.0,Upcoming
7031,Hidden Secrets,Series,Drama,Tamil,2023-07-25,62,4.1,502031.0,available
7032,Sacred Chronicles,Documentary,Comedy,Kannada,2023-07-26,63,4.2,502032.0,Available
7033,Wild Tales,Sports,Thriller,Malayalam,2023-07-27,64,4.3,502033.0,Removed
7034,Iron Dreams,Movie,Romance,Telugu,2023-07-28,65,4.4,502034.0,Upcoming
7035,Shadow Valley,Movie,action,Hindi,2023-07-29,66,4.5,502035.0,available
7036,Burning Mountain,Series,DRAMA,English,2023-07-30,67,4.6,502036.0,Available
7037,Last River,Documentary,Comedy,Tamil,2023-07-31,68,4.7,502037.0,Removed
7038,First Sky,Sports,Horror,Kannada,2023-08-01,69,4.8,502038.0,Upcoming
7039,Final Ocean,Movie,Sci-Fi,Malayalam,2023-08-02,70,4.9,502039.0,available
7040,Blue Horizon,Movie,Action,,2023-08-03,71,1.0,502040.0,Available
7041,Red Legacy,Series,Drama,Hindi,2023-08-04,72,1.1,502041.0,Removed
7042,Black Empire,Documentary,Comedy,English,2023-08-05,73,1.2,502042.0,Upcoming
7043,White Dawn,Sports,Thriller,Tamil,2023-08-06,74,1.3,502043.0,available
7044,Crimson Night,Movie,Romance,Kannada,2023-08-07,75,1.4,502044.0,Available
7045,Storm Warriors,Movie,action,Malayalam,2023-08-08,76,1.5,502045.0,Removed
7046,Fire Destiny,Series,DRAMA,Telugu,2023-08-09,77,1.6,502046.0,Upcoming
7047,Ice Journey,Documentary,Comedy,Hindi,2023-08-10,78,1.7,502047.0,available
7048,Steel Path,Sports,Horror,English,2023-08-11,79,1.8,502048.0,Available
7049,Thunder Truth,Movie,Sci-Fi,Tamil,2023-08-12,80,1.9,502049.0,Removed
7050,Dark Promise,Movie,Action,Kannada,2023-08-13,81,2.0,502050.0,Upcoming
7051,Golden Secrets,Series,Drama,Malayalam,2023-08-14,82,2.1,502051.0,available
7052,Silent Chronicles,Documentary,Comedy,Telugu,2023-08-15,83,2.2,502052.0,Available
7053,Rising Tales,Sports,Thriller,Hindi,2023-08-16,84,2.3,502053.0,Removed
7054,Broken Dreams,Movie,Romance,English,2023-08-17,85,2.4,502054.0,Upcoming
7055,Lost Valley,Movie,action,Tamil,2023-08-18,86,2.5,502055.0,available
7056,Hidden Mountain,Series,DRAMA,Kannada,2023-08-19,87,2.6,502056.0,Available
7057,Sacred River,Documentary,Comedy,,2023-08-20,88,2.7,502057.0,Removed
7058,Wild Sky,Sports,Horror,Telugu,2023-08-21,89,2.8,502058.0,Upcoming
7059,Iron Ocean,Movie,Sci-Fi,Hindi,2023-08-22,90,2.9,502059.0,available
7060,Shadow Horizon,Movie,Action,English,2023-08-23,91,3.0,502060.0,Available
7061,Burning Legacy,Series,Drama,Tamil,2023-08-24,92,3.1,502061.0,Removed
7062,Last Empire,Documentary,Comedy,Kannada,2023-08-25,93,3.2,502062.0,Upcoming
7063,First Dawn,Sports,Thriller,Malayalam,2023-08-26,94,3.3,502063.0,available
7064,Final Night,Movie,Romance,Telugu,2023-08-27,95,3.4,502064.0,Available
7065,Blue Warriors,Movie,action,Hindi,2023-08-28,96,3.5,502065.0,Removed
7066,Red Destiny,Series,DRAMA,English,2023-08-29,97,3.6,502066.0,Upcoming
7067,Black Journey,Documentary,Comedy,Tamil,2023-08-30,98,3.7,502067.0,available
7068,White Path,Sports,Horror,Kannada,2023-08-31,99,3.8,502068.0,Available
7069,Crimson Truth,Movie,Sci-Fi,Malayalam,2023-09-01,100,3.9,502069.0,Removed
7070,Storm Promise,Movie,Action,Telugu,2023-09-02,101,4.0,502070.0,Upcoming
7071,Fire Secrets,Series,Drama,Hindi,2023-09-03,102,4.1,502071.0,available
7072,Ice Chronicles,Documentary,Comedy,English,2023-09-04,103,4.2,502072.0,Available
7073,Steel Tales,Sports,Thriller,Tamil,2023-09-05,104,4.3,502073.0,Removed
7074,Thunder Dreams,Movie,Romance,,2023-09-06,105,4.4,502074.0,Upcoming
7075,Dark Valley,Movie,action,Malayalam,2023-09-07,106,4.5,502075.0,available
7076,Golden Mountain,Series,DRAMA,Telugu,2023-09-08,107,4.6,502076.0,Available
7077,Silent River,Documentary,Comedy,Hindi,2023-09-09,108,4.7,502077.0,Removed
7078,Rising Sky,Sports,Horror,English,2023-09-10,109,4.8,502078.0,Upcoming
7079,Broken Ocean,Movie,Sci-Fi,Tamil,2023-09-11,110,4.9,502079.0,available
7080,Lost Horizon,Movie,Action,Kannada,2023-09-12,111,1.0,502080.0,Available
7081,Hidden Legacy,Series,Drama,Malayalam,2023-09-13,112,1.1,502081.0,Removed
7082,Sacred Empire,Documentary,Comedy,Telugu,2023-09-14,113,1.2,502082.0,Upcoming
7083,Wild Dawn,Sports,Thriller,Hindi,2023-09-15,114,1.3,502083.0,available
7084,Iron Night,Movie,Romance,English,2023-09-16,115,1.4,502084.0,Available
7085,Shadow Warriors,Movie,action,Tamil,2023-09-17,116,1.5,502085.0,Removed
7086,Burning Destiny,Series,DRAMA,Kannada,2023-09-18,117,1.6,502086.0,Upcoming
7087,Last Journey,Documentary,Comedy,Malayalam,2023-09-19,118,1.7,502087.0,available
7088,First Path,Sports,Horror,Telugu,2023-09-20,119,1.8,502088.0,Available
7089,Final Truth,Movie,Sci-Fi,Hindi,2023-09-21,120,1.9,502089.0,Removed
7090,Blue Promise,Movie,Action,English,2023-09-22,121,2.0,502090.0,Upcoming
7091,Red Secrets,Series,Drama,,2023-09-23,122,2.1,502091.0,available
7092,Black Chronicles,Documentary,Comedy,Kannada,2023-09-24,123,2.2,502092.0,Available
7093,White Tales,Sports,Thriller,Malayalam,2023-09-25,124,2.3,502093.0,Removed
7094,Crimson Dreams,Movie,Romance,Telugu,2023-09-26,125,2.4,502094.0,Upcoming
7095,Storm Valley,Movie,action,Hindi,2023-09-27,126,2.5,502095.0,available
7096,Fire Mountain,Series,DRAMA,English,2023-09-28,127,2.6,502096.0,Available
7097,Ice River,Documentary,Comedy,Tamil,2023-09-29,128,2.7,502097.0,Removed
7098,Steel Sky,Sports,Horror,Kannada,2023-09-30,129,2.8,502098.0,Upcoming
7099,Thunder Ocean,Movie,Sci-Fi,Malayalam,2023-10-01,130,2.9,502099.0,available
7100,Dark Horizon,Movie,Action,Telugu,2023-10-02,131,3.0,502100.0,Available
7101,Golden Legacy,Series,Drama,Hindi,2023-10-03,132,3.1,502101.0,Removed
7102,Silent Empire,Documentary,Comedy,English,2023-10-04,133,3.2,502102.0,Upcoming
7103,Rising Dawn,Sports,Thriller,Tamil,2023-10-05,134,3.3,502103.0,available
7104,Broken Night,Movie,Romance,Kannada,2023-10-06,135,3.4,502104.0,Available
7105,Lost Warriors,Movie,action,Malayalam,2023-10-07,136,3.5,502105.0,Removed
7106,Hidden Destiny,Series,DRAMA,Telugu,2023-10-08,137,3.6,502106.0,Upcoming
7107,Sacred Journey,Documentary,Comedy,Hindi,2023-10-09,138,3.7,502107.0,available
7108,Wild Path,Sports,Horror,,2023-10-10,139,3.8,502108.0,Available
7109,Iron Truth,Movie,Sci-Fi,Tamil,2023-10-11,140,3.9,502109.0,Removed
7110,Shadow Promise,Movie,Action,Kannada,2023-10-12,141,4.0,502110.0,Upcoming
7111,Burning Secrets,Series,Drama,Malayalam,2023-10-13,142,4.1,502111.0,available
7112,Last Chronicles,Documentary,Comedy,Telugu,2023-10-14,143,4.2,502112.0,Available
7113,First Tales,Sports,Thriller,Hindi,2023-10-15,144,4.3,502113.0,Removed
7114,Final Dreams,Movie,Romance,English,2023-10-16,145,4.4,502114.0,Upcoming
7115,Blue Valley,Movie,action,Tamil,2023-10-17,146,4.5,502115.0,available
7116,Red Mountain,Series,DRAMA,Kannada,2023-10-18,147,4.6,502116.0,Available
7117,Black River,Documentary,Comedy,Malayalam,2023-10-19,148,4.7,502117.0,Removed
7118,White Sky,Sports,Horror,Telugu,2023-10-20,149,4.8,502118.0,Upcoming
7119,Crimson Ocean,Movie,Sci-Fi,Hindi,2023-10-21,150,4.9,502119.0,available
7120,Storm Horizon,Movie,Action,English,2023-10-22,151,1.0,502120.0,Available
7121,Fire Legacy,Series,Drama,Tamil,2023-10-23,152,1.1,502121.0,Removed
7122,Ice Empire,Documentary,Comedy,Kannada,2023-10-24,153,1.2,502122.0,Upcoming
7123,Steel Dawn,Sports,Thriller,Malayalam,2023-10-25,154,1.3,502123.0,available
7124,Thunder Night,Movie,Romance,Telugu,2023-10-26,155,1.4,502124.0,Available
7125,Dark Warriors,Movie,action,,2023-10-27,156,1.5,502125.0,Removed
7126,Golden Destiny,Series,DRAMA,English,2023-10-28,157,1.6,502126.0,Upcoming
7127,Silent Journey,Documentary,Comedy,Tamil,2023-10-29,158,1.7,502127.0,available
7128,Rising Path,Sports,Horror,Kannada,2023-10-30,159,1.8,502128.0,Available
7129,Broken Truth,Movie,Sci-Fi,Malayalam,2023-10-31,160,1.9,502129.0,Removed
7130,Lost Promise,Movie,Action,Telugu,2023-11-01,161,2.0,502130.0,Upcoming
7131,Hidden Secrets,Series,Drama,Hindi,2023-11-02,162,2.1,502131.0,available
7132,Sacred Chronicles,Documentary,Comedy,English,2023-11-03,163,2.2,502132.0,Available
7133,Wild Tales,Sports,Thriller,Tamil,2023-11-04,164,2.3,502133.0,Removed
7134,Iron Dreams,Movie,Romance,Kannada,2023-11-05,165,2.4,502134.0,Upcoming
7135,Shadow Valley,Movie,action,Malayalam,2023-11-06,166,2.5,502135.0,available
7136,Burning Mountain,Series,DRAMA,Telugu,2023-11-07,167,2.6,502136.0,Available
7137,Last River,Documentary,Comedy,Hindi,2023-11-08,168,2.7,502137.0,Removed
7138,First Sky,Sports,Horror,English,2023-11-09,169,2.8,502138.0,Upcoming
7139,Final Ocean,Movie,Sci-Fi,Tamil,2023-11-10,170,2.9,502139.0,available
7140,Blue Horizon,Movie,Action,Kannada,2023-11-11,171,3.0,502140.0,Available
7141,Red Legacy,Series,Drama,Malayalam,2023-11-12,172,3.1,502141.0,Removed
7142,Black Empire,Documentary,Comedy,,2023-11-13,173,3.2,502142.0,Upcoming
7143,White Dawn,Sports,Thriller,Hindi,2023-11-14,174,3.3,502143.0,available
7144,Crimson Night,Movie,Romance,English,2023-11-15,175,3.4,502144.0,Available
7145,Storm Warriors,Movie,action,Tamil,2023-11-16,176,3.5,502145.0,Removed
7146,Fire Destiny,Series,DRAMA,Kannada,2023-11-17,177,3.6,502146.0,Upcoming
7147,Ice Journey,Documentary,Comedy,Malayalam,2023-11-18,178,3.7,502147.0,available
7148,Steel Path,Sports,Horror,Telugu,2023-11-19,179,3.8,502148.0,Available
7149,Thunder Truth,Movie,Sci-Fi,Hindi,2023-11-20,180,3.9,502149.0,Removed
7150,Dark Promise,Movie,Action,English,2023-11-21,181,4.0,502150.0,Upcoming
7151,Golden Secrets,Series,Drama,Tamil,2023-11-22,182,4.1,502151.0,available
7152,Silent Chronicles,Documentary,Comedy,Kannada,2023-11-23,183,4.2,502152.0,Available
7153,Rising Tales,Sports,Thriller,Malayalam,2023-11-24,184,4.3,502153.0,Removed
7154,Broken Dreams,Movie,Romance,Telugu,2023-11-25,185,4.4,502154.0,Upcoming
7155,Lost Valley,Movie,action,Hindi,2023-11-26,186,4.5,502155.0,available
7156,Hidden Mountain,Series,DRAMA,English,2023-11-27,187,4.6,502156.0,Available
7157,Sacred River,Documentary,Comedy,Tamil,2023-11-28,188,4.7,502157.0,Removed
7158,Wild Sky,Sports,Horror,Kannada,2023-11-29,189,4.8,502158.0,Upcoming
7159,Iron Ocean,Movie,Sci-Fi,,2023-11-30,190,4.9,502159.0,available
7160,Shadow Horizon,Movie,Action,Telugu,2023-12-01,191,1.0,502160.0,Available
7161,Burning Legacy,Series,Drama,Hindi,2023-12-02,192,1.1,502161.0,Removed
7162,Last Empire,Documentary,Comedy,English,2023-12-03,193,1.2,502162.0,Upcoming
7163,First Dawn,Sports,Thriller,Tamil,2023-12-04,194,1.3,502163.0,available
7164,Final Night,Movie,Romance,Kannada,2023-12-05,195,1.4,502164.0,Available
7165,Blue Warriors,Movie,action,Malayalam,2023-12-06,196,1.5,502165.0,Removed
7166,Red Destiny,Series,DRAMA,Telugu,2023-12-07,197,1.6,502166.0,Upcoming
7167,Black Journey,Documentary,Comedy,Hindi,2023-12-08,198,1.7,502167.0,available
7168,White Path,Sports,Horror,English,2023-12-09,199,1.8,502168.0,Available
7169,Crimson Truth,Movie,Sci-Fi,Tamil,2023-12-10,200,1.9,502169.0,Removed
7170,Storm Promise,Movie,Action,Kannada,2023-12-11,201,2.0,502170.0,Upcoming
7171,Fire Secrets,Series,Drama,Malayalam,2023-12-12,202,2.1,502171.0,available
7172,Ice Chronicles,Documentary,Comedy,Telugu,2023-12-13,203,2.2,502172.0,Available
7173,Steel Tales,Sports,Thriller,Hindi,2023-12-14,204,2.3,502173.0,Removed
7174,Thunder Dreams,Movie,Romance,English,2023-12-15,205,2.4,502174.0,Upcoming
7175,Dark Valley,Movie,action,Tamil,2023-12-16,206,2.5,502175.0,available
7176,Golden Mountain,Series,DRAMA,,2023-12-17,207,2.6,502176.0,Available
7177,Silent River,Documentary,Comedy,Malayalam,2023-12-18,208,2.7,502177.0,Removed
7178,Rising Sky,Sports,Horror,Telugu,2023-12-19,209,2.8,502178.0,Upcoming
7179,Broken Ocean,Movie,Sci-Fi,Hindi,2023-12-20,210,2.9,502179.0,available
7180,Lost Horizon,Movie,Action,English,2023-12-21,211,3.0,502180.0,Available
7181,Hidden Legacy,Series,Drama,Tamil,2023-12-22,212,3.1,502181.0,Removed
7182,Sacred Empire,Documentary,Comedy,Kannada,2023-12-23,213,3.2,502182.0,Upcoming
7183,Wild Dawn,Sports,Thriller,Malayalam,2023-12-24,214,3.3,502183.0,available
7184,Iron Night,Movie,Romance,Telugu,2023-12-25,215,3.4,502184.0,Available
7185,Shadow Warriors,Movie,action,Hindi,2023-12-26,216,3.5,502185.0,Removed
7186,Burning Destiny,Series,DRAMA,English,2023-12-27,217,3.6,502186.0,Upcoming
7187,Last Journey,Documentary,Comedy,Tamil,2023-12-28,218,3.7,502187.0,available
7188,First Path,Sports,Horror,Kannada,2023-12-29,219,3.8,502188.0,Available
7189,Final Truth,Movie,Sci-Fi,Malayalam,2023-12-30,220,3.9,502189.0,Removed
7190,Blue Promise,Movie,Action,Telugu,2023-12-31,221,4.0,502190.0,Upcoming
7191,Red Secrets,Series,Drama,Hindi,2024-01-01,222,4.1,502191.0,available
7192,Black Chronicles,Documentary,Comedy,English,2024-01-02,223,4.2,502192.0,Available
7193,White Tales,Sports,Thriller,,2024-01-03,224,4.3,502193.0,Removed
7194,Crimson Dreams,Movie,Romance,Kannada,2024-01-04,225,4.4,502194.0,Upcoming
7195,Storm Valley,Movie,action,Malayalam,2024-01-05,226,4.5,502195.0,available
7196,Fire Mountain,Series,DRAMA,Telugu,2024-01-06,227,4.6,502196.0,Available
7197,Ice River,Documentary,Comedy,Hindi,2024-01-07,228,4.7,502197.0,Removed
7198,Steel Sky,Sports,Horror,English,2024-01-08,229,4.8,502198.0,Upcoming
7199,Thunder Ocean,Movie,Sci-Fi,Tamil,2024-01-09,230,4.9,502199.0,available
7200,Dark Horizon,Movie,Action,Kannada,2024-01-10,231,1.0,502200.0,Available
7201,Golden Legacy,Series,Drama,Malayalam,2024-01-11,232,1.1,502201.0,Removed
7202,Silent Empire,Documentary,Comedy,Telugu,2024-01-12,233,1.2,502202.0,Upcoming
7203,Rising Dawn,Sports,Thriller,Hindi,2024-01-13,234,1.3,502203.0,available
7204,Broken Night,Movie,Romance,English,2024-01-14,235,1.4,502204.0,Available
7205,Lost Warriors,Movie,action,Tamil,2024-01-15,236,1.5,502205.0,Removed
7206,Hidden Destiny,Series,DRAMA,Kannada,2024-01-16,237,1.6,502206.0,Upcoming
7207,Sacred Journey,Documentary,Comedy,Malayalam,2024-01-17,238,1.7,502207.0,available
7208,Wild Path,Sports,Horror,Telugu,2024-01-18,239,1.8,502208.0,Available
7209,Iron Truth,Movie,Sci-Fi,Hindi,2024-01-19,240,1.9,502209.0,Removed
7210,Shadow Promise,Movie,Action,,2024-01-20,20,2.0,502210.0,Upcoming
7211,Burning Secrets,Series,Drama,Tamil,2024-01-21,21,2.1,502211.0,available
7212,Last Chronicles,Documentary,Comedy,Kannada,2024-01-22,22,2.2,502212.0,Available
7213,First Tales,Sports,Thriller,Malayalam,2024-01-23,23,2.3,502213.0,Removed
7214,Final Dreams,Movie,Romance,Telugu,2024-01-24,24,2.4,502214.0,Upcoming
7215,Blue Valley,Movie,action,Hindi,2024-01-25,25,2.5,502215.0,available
7216,Red Mountain,Series,DRAMA,English,2024-01-26,26,2.6,502216.0,Available
7217,Black River,Documentary,Comedy,Tamil,2024-01-27,27,2.7,502217.0,Removed
7218,White Sky,Sports,Horror,Kannada,2024-01-28,28,2.8,502218.0,Upcoming
7219,Crimson Ocean,Movie,Sci-Fi,Malayalam,2024-01-29,29,2.9,502219.0,available
7220,Storm Horizon,Movie,Action,Telugu,2024-01-30,30,3.0,502220.0,Available
7221,Fire Legacy,Series,Drama,Hindi,2024-01-31,31,3.1,502221.0,Removed
7222,Ice Empire,Documentary,Comedy,English,2024-02-01,32,3.2,502222.0,Upcoming
7223,Steel Dawn,Sports,Thriller,Tamil,2024-02-02,33,3.3,502223.0,available
7224,Thunder Night,Movie,Romance,Kannada,2024-02-03,34,3.4,502224.0,Available
7225,Dark Warriors,Movie,action,Malayalam,2024-02-04,35,3.5,502225.0,Removed
7226,Golden Destiny,Series,DRAMA,Telugu,2024-02-05,36,3.6,502226.0,Upcoming
7227,Silent Journey,Documentary,Comedy,,2024-02-06,37,3.7,502227.0,available
7228,Rising Path,Sports,Horror,English,2024-02-07,38,3.8,502228.0,Available
7229,Broken Truth,Movie,Sci-Fi,Tamil,2024-02-08,39,3.9,502229.0,Removed
7230,Lost Promise,Movie,Action,Kannada,2024-02-09,40,4.0,502230.0,Upcoming
7231,Hidden Secrets,Series,Drama,Malayalam,2024-02-10,41,4.1,502231.0,available
7232,Sacred Chronicles,Documentary,Comedy,Telugu,2024-02-11,42,4.2,502232.0,Available
7233,Wild Tales,Sports,Thriller,Hindi,2024-02-12,43,4.3,502233.0,Removed
7234,Iron Dreams,Movie,Romance,English,2024-02-13,44,4.4,502234.0,Upcoming
7235,Shadow Valley,Movie,action,Tamil,2024-02-14,45,4.5,502235.0,available
7236,Burning Mountain,Series,DRAMA,Kannada,2024-02-15,46,4.6,502236.0,Available
7237,Last River,Documentary,Comedy,Malayalam,2024-02-16,47,4.7,502237.0,Removed
7238,First Sky,Sports,Horror,Telugu,2024-02-17,48,4.8,502238.0,Upcoming
7239,Final Ocean,Movie,Sci-Fi,Hindi,2024-02-18,49,4.9,502239.0,available
7240,Blue Horizon,Movie,Action,English,2024-02-19,50,1.0,502240.0,Available
7241,Red Legacy,Series,Drama,Tamil,2024-02-20,51,1.1,502241.0,Removed
7242,Black Empire,Documentary,Comedy,Kannada,2024-02-21,52,1.2,502242.0,Upcoming
7243,White Dawn,Sports,Thriller,Malayalam,2024-02-22,53,1.3,502243.0,available
7244,Crimson Night,Movie,Romance,,2024-02-23,54,1.4,502244.0,Available
7245,Storm Warriors,Movie,action,Hindi,2024-02-24,55,1.5,502245.0,Removed
7246,Fire Destiny,Series,DRAMA,English,2024-02-25,56,1.6,502246.0,Upcoming
7247,Ice Journey,Documentary,Comedy,Tamil,2024-02-26,57,1.7,502247.0,available
7248,Steel Path,Sports,Horror,Kannada,2024-02-27,58,1.8,502248.0,Available
7249,Thunder Truth,Movie,Sci-Fi,Malayalam,2024-02-28,59,1.9,502249.0,Removed
7250,Dark Promise,Movie,Action,Telugu,2024-02-29,60,2.0,502250.0,Upcoming
7251,Golden Secrets,Series,Drama,Hindi,2024-03-01,61,2.1,502251.0,available
7252,Silent Chronicles,Documentary,Comedy,English,2024-03-02,62,2.2,502252.0,Available
7253,Rising Tales,Sports,Thriller,Tamil,2024-03-03,63,2.3,502253.0,Removed
7254,Broken Dreams,Movie,Romance,Kannada,2024-03-04,64,2.4,502254.0,Upcoming
7255,Lost Valley,Movie,action,Malayalam,2024-03-05,65,2.5,502255.0,available
7256,Hidden Mountain,Series,DRAMA,Telugu,2024-03-06,66,2.6,502256.0,Available
7257,Sacred River,Documentary,Comedy,Hindi,2024-03-07,67,2.7,502257.0,Removed
7258,Wild Sky,Sports,Horror,English,2024-03-08,68,2.8,502258.0,Upcoming
7259,Iron Ocean,Movie,Sci-Fi,Tamil,2024-03-09,69,2.9,502259.0,available
7260,Shadow Horizon,Movie,Action,Kannada,2024-03-10,70,3.0,502260.0,Available
7261,Burning Legacy,Series,Drama,,2024-03-11,71,3.1,502261.0,Removed
7262,Last Empire,Documentary,Comedy,Telugu,2024-03-12,72,3.2,502262.0,Upcoming
7263,First Dawn,Sports,Thriller,Hindi,2024-03-13,73,3.3,502263.0,available
7264,Final Night,Movie,Romance,English,2024-03-14,74,3.4,502264.0,Available
7265,Blue Warriors,Movie,action,Tamil,2024-03-15,75,3.5,502265.0,Removed
7266,Red Destiny,Series,DRAMA,Kannada,2024-03-16,76,3.6,502266.0,Upcoming
7267,Black Journey,Documentary,Comedy,Malayalam,2024-03-17,77,3.7,502267.0,available
7268,White Path,Sports,Horror,Telugu,2024-03-18,78,3.8,502268.0,Available
7269,Crimson Truth,Movie,Sci-Fi,Hindi,2024-03-19,79,3.9,502269.0,Removed
7270,Storm Promise,Movie,Action,English,2024-03-20,80,4.0,502270.0,Upcoming
7271,Fire Secrets,Series,Drama,Tamil,2024-03-21,81,4.1,502271.0,available
7272,Ice Chronicles,Documentary,Comedy,Kannada,2024-03-22,82,4.2,502272.0,Available
7273,Steel Tales,Sports,Thriller,Malayalam,2024-03-23,83,4.3,502273.0,Removed
7274,Thunder Dreams,Movie,Romance,Telugu,2024-03-24,84,4.4,502274.0,Upcoming
7275,Dark Valley,Movie,action,Hindi,2024-03-25,85,4.5,502275.0,available
7276,Golden Mountain,Series,DRAMA,English,2024-03-26,86,4.6,502276.0,Available
7277,Silent River,Documentary,Comedy,Tamil,2024-03-27,87,4.7,502277.0,Removed
7278,Rising Sky,Sports,Horror,,2024-03-28,88,4.8,502278.0,Upcoming
7279,Broken Ocean,Movie,Sci-Fi,Malayalam,2024-03-29,89,4.9,502279.0,available
7280,Lost Horizon,Movie,Action,Telugu,2024-03-30,90,1.0,502280.0,Available
7281,Hidden Legacy,Series,Drama,Hindi,2024-03-31,91,1.1,502281.0,Removed
7282,Sacred Empire,Documentary,Comedy,English,2024-04-01,92,1.2,502282.0,Upcoming
7283,Wild Dawn,Sports,Thriller,Tamil,2024-04-02,93,1.3,502283.0,available
7284,Iron Night,Movie,Romance,Kannada,2024-04-03,94,1.4,502284.0,Available
7285,Shadow Warriors,Movie,action,Malayalam,2024-04-04,95,1.5,502285.0,Removed
7286,Burning Destiny,Series,DRAMA,Telugu,2024-04-05,96,1.6,502286.0,Upcoming
7287,Last Journey,Documentary,Comedy,Hindi,2024-04-06,97,1.7,502287.0,available
7288,First Path,Sports,Horror,English,2024-04-07,98,1.8,502288.0,Available
7289,Final Truth,Movie,Sci-Fi,Tamil,2024-04-08,99,1.9,502289.0,Removed
7290,Blue Promise,Movie,Action,Kannada,2024-04-09,100,2.0,502290.0,Upcoming
7291,Red Secrets,Series,Drama,Malayalam,2024-04-10,101,2.1,502291.0,available
7292,Black Chronicles,Documentary,Comedy,Telugu,2024-04-11,102,2.2,502292.0,Available
7293,White Tales,Sports,Thriller,Hindi,2024-04-12,103,2.3,502293.0,Removed
7294,Crimson Dreams,Movie,Romance,English,2024-04-13,104,2.4,502294.0,Upcoming
7295,Storm Valley,Movie,action,,2024-04-14,105,2.5,502295.0,available
7296,Fire Mountain,Series,DRAMA,Kannada,2024-04-15,106,2.6,502296.0,Available
7297,Ice River,Documentary,Comedy,Malayalam,2024-04-16,107,2.7,502297.0,Removed
7298,Steel Sky,Sports,Horror,Telugu,2024-04-17,108,2.8,502298.0,Upcoming
7299,Thunder Ocean,Movie,Sci-Fi,Hindi,2024-04-18,109,2.9,502299.0,available
7300,Dark Horizon,Movie,Action,English,2024-04-19,110,3.0,502300.0,Available
7301,Golden Legacy,Series,Drama,Tamil,2024-04-20,111,3.1,502301.0,Removed
7302,Silent Empire,Documentary,Comedy,Kannada,2024-04-21,112,3.2,502302.0,Upcoming
7303,Rising Dawn,Sports,Thriller,Malayalam,2024-04-22,113,3.3,502303.0,available
7304,Broken Night,Movie,Romance,Telugu,2024-04-23,114,3.4,502304.0,Available
7305,Lost Warriors,Movie,action,Hindi,2024-04-24,115,3.5,502305.0,Removed
7306,Hidden Destiny,Series,DRAMA,English,2024-04-25,116,3.6,502306.0,Upcoming
7307,Sacred Journey,Documentary,Comedy,Tamil,2024-04-26,117,3.7,502307.0,available
7308,Wild Path,Sports,Horror,Kannada,2024-04-27,118,3.8,502308.0,Available
7309,Iron Truth,Movie,Sci-Fi,Malayalam,2024-04-28,119,3.9,502309.0,Removed
7310,Shadow Promise,Movie,Action,Telugu,2024-04-29,120,4.0,502310.0,Upcoming
7311,Burning Secrets,Series,Drama,Hindi,2024-04-30,121,4.1,502311.0,available
7312,Last Chronicles,Documentary,Comedy,,2024-05-01,122,4.2,502312.0,Available
7313,First Tales,Sports,Thriller,Tamil,2024-05-02,123,4.3,502313.0,Removed
7314,Final Dreams,Movie,Romance,Kannada,2024-05-03,124,4.4,502314.0,Upcoming
7315,Blue Valley,Movie,action,Malayalam,2024-05-04,125,4.5,502315.0,available
7316,Red Mountain,Series,DRAMA,Telugu,2024-05-05,126,4.6,502316.0,Available
7317,Black River,Documentary,Comedy,Hindi,2024-05-06,127,4.7,502317.0,Removed
7318,White Sky,Sports,Horror,English,2024-05-07,128,4.8,502318.0,Upcoming
7319,Crimson Ocean,Movie,Sci-Fi,Tamil,2024-05-08,129,4.9,502319.0,available
7320,Storm Horizon,Movie,Action,Kannada,2024-05-09,130,1.0,502320.0,Available
7321,Fire Legacy,Series,Drama,Malayalam,2024-05-10,131,1.1,502321.0,Removed
7322,Ice Empire,Documentary,Comedy,Telugu,2024-05-11,132,1.2,502322.0,Upcoming
7323,Steel Dawn,Sports,Thriller,Hindi,2024-05-12,133,1.3,502323.0,available
7324,Thunder Night,Movie,Romance,English,2024-05-13,134,1.4,502324.0,Available
7325,Dark Warriors,Movie,action,Tamil,2024-05-14,135,1.5,502325.0,Removed
7326,Golden Destiny,Series,DRAMA,Kannada,2024-05-15,136,1.6,502326.0,Upcoming
7327,Silent Journey,Documentary,Comedy,Malayalam,2024-05-16,137,1.7,502327.0,available
7328,Rising Path,Sports,Horror,Telugu,2024-05-17,138,1.8,502328.0,Available
7329,Broken Truth,Movie,Sci-Fi,,2024-05-18,139,1.9,502329.0,Removed
7330,Lost Promise,Movie,Action,English,2024-05-19,140,2.0,502330.0,Upcoming
7331,Hidden Secrets,Series,Drama,Tamil,2024-05-20,141,2.1,502331.0,available
7332,Sacred Chronicles,Documentary,Comedy,Kannada,2024-05-21,142,2.2,502332.0,Available
7333,Wild Tales,Sports,Thriller,Malayalam,2024-05-22,143,2.3,502333.0,Removed
7334,Iron Dreams,Movie,Romance,Telugu,2024-05-23,144,2.4,502334.0,Upcoming
7335,Shadow Valley,Movie,action,Hindi,2024-05-24,145,2.5,502335.0,available
7336,Burning Mountain,Series,DRAMA,English,2024-05-25,146,2.6,502336.0,Available
7337,Last River,Documentary,Comedy,Tamil,2024-05-26,147,2.7,502337.0,Removed
7338,First Sky,Sports,Horror,Kannada,2024-05-27,148,2.8,502338.0,Upcoming
7339,Final Ocean,Movie,Sci-Fi,Malayalam,2024-05-28,149,2.9,502339.0,available
7340,Blue Horizon,Movie,Action,Telugu,2024-05-29,150,3.0,502340.0,Available
7341,Red Legacy,Series,Drama,Hindi,2024-05-30,151,3.1,502341.0,Removed
7342,Black Empire,Documentary,Comedy,English,2024-05-31,152,3.2,502342.0,Upcoming
7343,White Dawn,Sports,Thriller,Tamil,2024-06-01,153,3.3,502343.0,available
7344,Crimson Night,Movie,Romance,Kannada,2024-06-02,154,3.4,502344.0,Available
7345,Storm Warriors,Movie,action,Malayalam,2024-06-03,155,3.5,502345.0,Removed
7346,Fire Destiny,Series,DRAMA,,2024-06-04,156,3.6,502346.0,Upcoming
7347,Ice Journey,Documentary,Comedy,Hindi,2024-06-05,157,3.7,502347.0,available
7348,Steel Path,Sports,Horror,English,2024-06-06,158,3.8,502348.0,Available
7349,Thunder Truth,Movie,Sci-Fi,Tamil,2024-06-07,159,3.9,502349.0,Removed
7350,Dark Promise,Movie,Action,Kannada,2024-06-08,160,4.0,502350.0,Upcoming
7351,Golden Secrets,Series,Drama,Malayalam,2024-06-09,161,4.1,502351.0,available
7352,Silent Chronicles,Documentary,Comedy,Telugu,2024-06-10,162,4.2,502352.0,Available
7353,Rising Tales,Sports,Thriller,Hindi,2024-06-11,163,4.3,502353.0,Removed
7354,Broken Dreams,Movie,Romance,English,2024-06-12,164,4.4,502354.0,Upcoming
7355,Lost Valley,Movie,action,Tamil,2024-06-13,165,4.5,502355.0,available
7356,Hidden Mountain,Series,DRAMA,Kannada,2024-06-14,166,4.6,502356.0,Available
7357,Sacred River,Documentary,Comedy,Malayalam,2024-06-15,167,4.7,502357.0,Removed
7358,Wild Sky,Sports,Horror,Telugu,2024-06-16,168,4.8,502358.0,Upcoming
7359,Iron Ocean,Movie,Sci-Fi,Hindi,2024-06-17,169,4.9,502359.0,available
7360,Shadow Horizon,Movie,Action,English,2024-06-18,170,1.0,502360.0,Available
7361,Burning Legacy,Series,Drama,Tamil,2024-06-19,171,1.1,502361.0,Removed
7362,Last Empire,Documentary,Comedy,Kannada,2024-06-20,172,1.2,502362.0,Upcoming
7363,First Dawn,Sports,Thriller,,2024-06-21,173,1.3,502363.0,available
7364,Final Night,Movie,Romance,Telugu,2024-06-22,174,1.4,502364.0,Available
7365,Blue Warriors,Movie,action,Hindi,2024-06-23,175,1.5,502365.0,Removed
7366,Red Destiny,Series,DRAMA,English,2024-06-24,176,1.6,502366.0,Upcoming
7367,Black Journey,Documentary,Comedy,Tamil,2024-06-25,177,1.7,502367.0,available
7368,White Path,Sports,Horror,Kannada,2024-06-26,178,1.8,502368.0,Available
7369,Crimson Truth,Movie,Sci-Fi,Malayalam,2024-06-27,179,1.9,502369.0,Removed
7370,Storm Promise,Movie,Action,Telugu,2024-06-28,180,2.0,502370.0,Upcoming
7371,Fire Secrets,Series,Drama,Hindi,2024-06-29,181,2.1,502371.0,available
7372,Ice Chronicles,Documentary,Comedy,English,2024-06-30,182,2.2,502372.0,Available
7373,Steel Tales,Sports,Thriller,Tamil,2024-07-01,183,2.3,502373.0,Removed
7374,Thunder Dreams,Movie,Romance,Kannada,2024-07-02,184,2.4,502374.0,Upcoming
7375,Dark Valley,Movie,action,Malayalam,2024-07-03,185,2.5,502375.0,available
7376,Golden Mountain,Series,DRAMA,Telugu,2024-07-04,186,2.6,502376.0,Available
7377,Silent River,Documentary,Comedy,Hindi,2024-07-05,187,2.7,502377.0,Removed
7378,Rising Sky,Sports,Horror,English,2024-07-06,188,2.8,502378.0,Upcoming
7379,Broken Ocean,Movie,Sci-Fi,Tamil,2024-07-07,189,2.9,502379.0,available
7380,Lost Horizon,Movie,Action,,2024-07-08,190,3.0,502380.0,Available
7381,Hidden Legacy,Series,Drama,Malayalam,2024-07-09,191,3.1,502381.0,Removed
7382,Sacred Empire,Documentary,Comedy,Telugu,2024-07-10,192,3.2,502382.0,Upcoming
7383,Wild Dawn,Sports,Thriller,Hindi,2024-07-11,193,3.3,502383.0,available
7384,Iron Night,Movie,Romance,English,2024-07-12,194,3.4,502384.0,Available
7385,Shadow Warriors,Movie,action,Tamil,2024-07-13,195,3.5,502385.0,Removed
7386,Burning Destiny,Series,DRAMA,Kannada,2024-07-14,196,3.6,502386.0,Upcoming
7387,Last Journey,Documentary,Comedy,Malayalam,2024-07-15,197,3.7,502387.0,available
7388,First Path,Sports,Horror,Telugu,2024-07-16,198,3.8,502388.0,Available
7389,Final Truth,Movie,Sci-Fi,Hindi,2024-07-17,199,3.9,502389.0,Removed
7390,Blue Promise,Movie,Action,English,2024-07-18,200,4.0,502390.0,Upcoming
7391,Red Secrets,Series,Drama,Tamil,2024-07-19,201,4.1,502391.0,available
7392,Black Chronicles,Documentary,Comedy,Kannada,2024-07-20,202,4.2,502392.0,Available
7393,White Tales,Sports,Thriller,Malayalam,2024-07-21,203,4.3,502393.0,Removed
7394,Crimson Dreams,Movie,Romance,Telugu,2024-07-22,204,4.4,502394.0,Upcoming
7395,Storm Valley,Movie,action,Hindi,2024-07-23,205,4.5,502395.0,available
7396,Fire Mountain,Series,DRAMA,English,2024-07-24,206,4.6,502396.0,Available
7397,Ice River,Documentary,Comedy,,2024-07-25,207,4.7,502397.0,Removed
7398,Steel Sky,Sports,Horror,Kannada,2024-07-26,208,4.8,502398.0,Upcoming
7399,Thunder Ocean,Movie,Sci-Fi,Malayalam,2024-07-27,209,4.9,502399.0,available
7400,Dark Horizon,Movie,Action,Telugu,2024-07-28,210,1.0,502400.0,Available
7401,Golden Legacy,Series,Drama,Hindi,2024-07-29,211,1.1,502401.0,Removed
7402,Silent Empire,Documentary,Comedy,English,2024-07-30,212,1.2,502402.0,Upcoming
7403,Rising Dawn,Sports,Thriller,Tamil,2024-07-31,213,1.3,502403.0,available
7404,Broken Night,Movie,Romance,Kannada,2024-08-01,214,1.4,502404.0,Available
7405,Lost Warriors,Movie,action,Malayalam,2024-08-02,215,1.5,502405.0,Removed
7406,Hidden Destiny,Series,DRAMA,Telugu,2024-08-03,216,1.6,502406.0,Upcoming
7407,Sacred Journey,Documentary,Comedy,Hindi,2024-08-04,217,1.7,502407.0,available
7408,Wild Path,Sports,Horror,English,2024-08-05,218,1.8,502408.0,Available
7409,Iron Truth,Movie,Sci-Fi,Tamil,2024-08-06,219,1.9,502409.0,Removed
7410,Shadow Promise,Movie,Action,Kannada,2024-08-07,220,2.0,502410.0,Upcoming
7411,Burning Secrets,Series,Drama,Malayalam,2024-08-08,221,2.1,502411.0,available
7412,Last Chronicles,Documentary,Comedy,Telugu,2024-08-09,222,2.2,502412.0,Available
7413,First Tales,Sports,Thriller,Hindi,2024-08-10,223,2.3,502413.0,Removed
7414,Final Dreams,Movie,Romance,,2024-08-11,224,2.4,502414.0,Upcoming
7415,Blue Valley,Movie,action,Tamil,2024-08-12,225,2.5,502415.0,available
7416,Red Mountain,Series,DRAMA,Kannada,2024-08-13,226,2.6,502416.0,Available
7417,Black River,Documentary,Comedy,Malayalam,2024-08-14,227,2.7,502417.0,Removed
7418,White Sky,Sports,Horror,Telugu,2024-08-15,228,2.8,502418.0,Upcoming
7419,Crimson Ocean,Movie,Sci-Fi,Hindi,2024-08-16,229,2.9,502419.0,available
7420,Storm Horizon,Movie,Action,English,2024-08-17,230,3.0,502420.0,Available
7421,Fire Legacy,Series,Drama,Tamil,2024-08-18,231,3.1,502421.0,Removed
7422,Ice Empire,Documentary,Comedy,Kannada,2024-08-19,232,3.2,502422.0,Upcoming
7423,Steel Dawn,Sports,Thriller,Malayalam,2024-08-20,233,3.3,502423.0,available
7424,Thunder Night,Movie,Romance,Telugu,2024-08-21,234,3.4,502424.0,Available
7425,Dark Warriors,Movie,action,Hindi,2024-08-22,235,3.5,502425.0,Removed
7426,Golden Destiny,Series,DRAMA,English,2024-08-23,236,3.6,502426.0,Upcoming
7427,Silent Journey,Documentary,Comedy,Tamil,2024-08-24,237,3.7,502427.0,available
7428,Rising Path,Sports,Horror,Kannada,2024-08-25,238,3.8,502428.0,Available
7429,Broken Truth,Movie,Sci-Fi,Malayalam,2024-08-26,239,3.9,502429.0,Removed
7430,Lost Promise,Movie,Action,Telugu,2024-08-27,240,4.0,502430.0,Upcoming
7431,Hidden Secrets,Series,Drama,,2024-08-28,20,4.1,502431.0,available
7432,Sacred Chronicles,Documentary,Comedy,English,2024-08-29,21,4.2,502432.0,Available
7433,Wild Tales,Sports,Thriller,Tamil,2024-08-30,22,4.3,502433.0,Removed
7434,Iron Dreams,Movie,Romance,Kannada,2024-08-31,23,4.4,502434.0,Upcoming
7435,Shadow Valley,Movie,action,Malayalam,2024-09-01,24,4.5,502435.0,available
7436,Burning Mountain,Series,DRAMA,Telugu,2024-09-02,25,4.6,502436.0,Available
7437,Last River,Documentary,Comedy,Hindi,2024-09-03,26,4.7,502437.0,Removed
7438,First Sky,Sports,Horror,English,2024-09-04,27,4.8,502438.0,Upcoming
7439,Final Ocean,Movie,Sci-Fi,Tamil,2024-09-05,28,4.9,502439.0,available
7440,Blue Horizon,Movie,Action,Kannada,2024-09-06,29,1.0,502440.0,Available
7441,Red Legacy,Series,Drama,Malayalam,2024-09-07,30,1.1,502441.0,Removed
7442,Black Empire,Documentary,Comedy,Telugu,2024-09-08,31,1.2,502442.0,Upcoming
7443,White Dawn,Sports,Thriller,Hindi,2024-09-09,32,1.3,502443.0,available
7444,Crimson Night,Movie,Romance,English,2024-09-10,33,1.4,502444.0,Available
7445,Storm Warriors,Movie,action,Tamil,2024-09-11,34,1.5,502445.0,Removed
7446,Fire Destiny,Series,DRAMA,Kannada,2024-09-12,35,1.6,502446.0,Upcoming
7447,Ice Journey,Documentary,Comedy,Malayalam,2024-09-13,36,1.7,502447.0,available
7448,Steel Path,Sports,Horror,,2024-09-14,37,1.8,502448.0,Available
7449,Thunder Truth,Movie,Sci-Fi,Hindi,2024-09-15,38,1.9,502449.0,Removed
7450,Dark Promise,Movie,Action,English,2024-09-16,39,2.0,502450.0,Upcoming
7451,Golden Secrets,Series,Drama,Tamil,2024-09-17,40,2.1,502451.0,available
7452,Silent Chronicles,Documentary,Comedy,Kannada,2024-09-18,41,2.2,502452.0,Available
7453,Rising Tales,Sports,Thriller,Malayalam,2024-09-19,42,2.3,502453.0,Removed
7454,Broken Dreams,Movie,Romance,Telugu,2024-09-20,43,2.4,502454.0,Upcoming
7455,Lost Valley,Movie,action,Hindi,2024-09-21,44,2.5,502455.0,available
7456,Hidden Mountain,Series,DRAMA,English,2024-09-22,45,2.6,502456.0,Available
7457,Sacred River,Documentary,Comedy,Tamil,2024-09-23,46,2.7,502457.0,Removed
7458,Wild Sky,Sports,Horror,Kannada,2024-09-24,47,2.8,502458.0,Upcoming
7459,Iron Ocean,Movie,Sci-Fi,Malayalam,2024-09-25,48,2.9,502459.0,available
7460,Shadow Horizon,Movie,Action,Telugu,2024-09-26,49,3.0,502460.0,Available
7461,Burning Legacy,Series,Drama,Hindi,2024-09-27,50,3.1,502461.0,Removed
7462,Last Empire,Documentary,Comedy,English,2024-09-28,51,3.2,502462.0,Upcoming
7463,First Dawn,Sports,Thriller,Tamil,2024-09-29,52,3.3,502463.0,available
7464,Final Night,Movie,Romance,Kannada,2024-09-30,53,3.4,502464.0,Available
7465,Blue Warriors,Movie,action,,2024-10-01,54,3.5,502465.0,Removed
7466,Red Destiny,Series,DRAMA,Telugu,2024-10-02,55,3.6,502466.0,Upcoming
7467,Black Journey,Documentary,Comedy,Hindi,2024-10-03,56,3.7,502467.0,available
7468,White Path,Sports,Horror,English,2024-10-04,57,3.8,502468.0,Available
7469,Crimson Truth,Movie,Sci-Fi,Tamil,2024-10-05,58,3.9,502469.0,Removed
7470,Storm Promise,Movie,Action,Kannada,2024-10-06,59,4.0,502470.0,Upcoming
7471,Fire Secrets,Series,Drama,Malayalam,2024-10-07,60,4.1,502471.0,available
7472,Ice Chronicles,Documentary,Comedy,Telugu,2024-10-08,61,4.2,502472.0,Available
7473,Steel Tales,Sports,Thriller,Hindi,2024-10-09,62,4.3,502473.0,Removed
7474,Thunder Dreams,Movie,Romance,English,2024-10-10,63,4.4,502474.0,Upcoming
7475,Dark Valley,Movie,action,Tamil,2024-10-11,64,4.5,502475.0,available
7476,Golden Mountain,Series,DRAMA,Kannada,2024-10-12,65,4.6,502476.0,Available
7477,Silent River,Documentary,Comedy,Malayalam,2024-10-13,66,4.7,502477.0,Removed
7478,Rising Sky,Sports,Horror,Telugu,2024-10-14,67,4.8,502478.0,Upcoming
7479,Broken Ocean,Movie,Sci-Fi,Hindi,2024-10-15,68,4.9,502479.0,available
7480,Lost Horizon,Movie,Action,English,2024-10-16,69,1.0,502480.0,Available
7481,Hidden Legacy,Series,Drama,Tamil,2024-10-17,70,1.1,502481.0,Removed
7482,Sacred Empire,Documentary,Comedy,,2024-10-18,71,1.2,502482.0,Upcoming
7483,Wild Dawn,Sports,Thriller,Malayalam,2024-10-19,72,1.3,502483.0,available
7484,Iron Night,Movie,Romance,Telugu,2024-10-20,73,1.4,502484.0,Available
7485,Shadow Warriors,Movie,action,Hindi,2024-10-21,74,1.5,502485.0,Removed
7486,Burning Destiny,Series,DRAMA,English,2024-10-22,75,1.6,502486.0,Upcoming
7487,Last Journey,Documentary,Comedy,Tamil,2024-10-23,76,1.7,502487.0,available
7488,First Path,Sports,Horror,Kannada,2024-10-24,77,1.8,502488.0,Available
7489,Final Truth,Movie,Sci-Fi,Malayalam,2024-10-25,78,1.9,502489.0,Removed
7490,Blue Promise,Movie,Action,Telugu,2024-10-26,79,2.0,502490.0,Upcoming
7491,Red Secrets,Series,Drama,Hindi,2024-10-27,80,2.1,502491.0,available
7492,Black Chronicles,Documentary,Comedy,English,2024-10-28,81,2.2,502492.0,Available
7493,White Tales,Sports,Thriller,Tamil,2024-10-29,82,2.3,502493.0,Removed
7494,Crimson Dreams,Movie,Romance,Kannada,2024-10-30,83,2.4,502494.0,Upcoming
7495,Storm Valley,Movie,action,Malayalam,2024-10-31,84,2.5,502495.0,available
7496,Fire Mountain,Series,DRAMA,Telugu,2024-11-01,85,2.6,502496.0,Available
7497,Ice River,Documentary,Comedy,Hindi,2024-11-02,86,2.7,502497.0,Removed
7498,Steel Sky,Sports,Horror,English,2024-11-03,87,2.8,502498.0,Upcoming
7499,Thunder Ocean,Movie,Sci-Fi,,2024-11-04,88,2.9,502499.0,available
7500,Dark Horizon,Movie,Action,Kannada,2024-11-05,89,3.0,502500.0,Available
7501,Golden Legacy,Series,Drama,Malayalam,2024-11-06,90,3.1,502501.0,Removed
7502,Silent Empire,Documentary,Comedy,Telugu,2024-11-07,91,3.2,502502.0,Upcoming
7503,Rising Dawn,Sports,Thriller,Hindi,2024-11-08,92,3.3,502503.0,available
7504,Broken Night,Movie,Romance,English,2024-11-09,93,3.4,502504.0,Available
7505,Lost Warriors,Movie,action,Tamil,2024-11-10,94,3.5,502505.0,Removed
7506,Hidden Destiny,Series,DRAMA,Kannada,2024-11-11,95,3.6,502506.0,Upcoming
7507,Sacred Journey,Documentary,Comedy,Malayalam,2024-11-12,96,3.7,502507.0,available
7508,Wild Path,Sports,Horror,Telugu,2024-11-13,97,3.8,502508.0,Available
7509,Iron Truth,Movie,Sci-Fi,Hindi,2024-11-14,98,3.9,502509.0,Removed
7510,Shadow Promise,Movie,Action,English,2024-11-15,99,4.0,502510.0,Upcoming
7511,Burning Secrets,Series,Drama,Tamil,2024-11-16,100,4.1,502511.0,available
7512,Last Chronicles,Documentary,Comedy,Kannada,2024-11-17,101,4.2,502512.0,Available
7513,First Tales,Sports,Thriller,Malayalam,2024-11-18,102,4.3,502513.0,Removed
7514,Final Dreams,Movie,Romance,Telugu,2024-11-19,103,4.4,502514.0,Upcoming
7515,Blue Valley,Movie,action,Hindi,2024-11-20,104,4.5,502515.0,available
7516,Red Mountain,Series,DRAMA,,2024-11-21,105,4.6,502516.0,Available
7517,Black River,Documentary,Comedy,Tamil,2024-11-22,106,4.7,502517.0,Removed
7518,White Sky,Sports,Horror,Kannada,2024-11-23,107,4.8,502518.0,Upcoming
7519,Crimson Ocean,Movie,Sci-Fi,Malayalam,2024-11-24,108,4.9,502519.0,available
7520,Storm Horizon,Movie,Action,Telugu,2024-11-25,109,1.0,502520.0,Available
7521,Fire Legacy,Series,Drama,Hindi,2024-11-26,110,1.1,502521.0,Removed
7522,Ice Empire,Documentary,Comedy,English,2024-11-27,111,1.2,502522.0,Upcoming
7523,Steel Dawn,Sports,Thriller,Tamil,2024-11-28,112,1.3,502523.0,available
7524,Thunder Night,Movie,Romance,Kannada,2024-11-29,113,1.4,502524.0,Available
7525,Dark Warriors,Movie,action,Malayalam,2024-11-30,114,1.5,502525.0,Removed
7526,Golden Destiny,Series,DRAMA,Telugu,2024-12-01,115,1.6,502526.0,Upcoming
7527,Silent Journey,Documentary,Comedy,Hindi,2024-12-02,116,1.7,502527.0,available
7528,Rising Path,Sports,Horror,English,2024-12-03,117,1.8,502528.0,Available
7529,Broken Truth,Movie,Sci-Fi,Tamil,2024-12-04,118,1.9,502529.0,Removed
7530,Lost Promise,Movie,Action,Kannada,2024-12-05,119,2.0,502530.0,Upcoming
7531,Hidden Secrets,Series,Drama,Malayalam,2024-12-06,120,2.1,502531.0,available
7532,Sacred Chronicles,Documentary,Comedy,Telugu,2024-12-07,121,2.2,502532.0,Available
7533,Wild Tales,Sports,Thriller,,2024-12-08,122,2.3,502533.0,Removed
7534,Iron Dreams,Movie,Romance,English,2024-12-09,123,2.4,502534.0,Upcoming
7535,Shadow Valley,Movie,action,Tamil,2024-12-10,124,2.5,502535.0,available
7536,Burning Mountain,Series,DRAMA,Kannada,2024-12-11,125,2.6,502536.0,Available
7537,Last River,Documentary,Comedy,Malayalam,2024-12-12,126,2.7,502537.0,Removed
7538,First Sky,Sports,Horror,Telugu,2024-12-13,127,2.8,502538.0,Upcoming
7539,Final Ocean,Movie,Sci-Fi,Hindi,2024-12-14,128,2.9,502539.0,available
7540,Blue Horizon,Movie,Action,English,2024-12-15,129,3.0,502540.0,Available
7541,Red Legacy,Series,Drama,Tamil,2024-12-16,130,3.1,502541.0,Removed
7542,Black Empire,Documentary,Comedy,Kannada,2024-12-17,131,3.2,502542.0,Upcoming
7543,White Dawn,Sports,Thriller,Malayalam,2024-12-18,132,3.3,502543.0,available
7544,Crimson Night,Movie,Romance,Telugu,2024-12-19,133,3.4,502544.0,Available
7545,Storm Warriors,Movie,action,Hindi,2024-12-20,134,3.5,502545.0,Removed
7546,Fire Destiny,Series,DRAMA,English,2024-12-21,135,3.6,502546.0,Upcoming
7547,Ice Journey,Documentary,Comedy,Tamil,2024-12-22,136,3.7,502547.0,available
7548,Steel Path,Sports,Horror,Kannada,2024-12-23,137,3.8,502548.0,Available
7549,Thunder Truth,Movie,Sci-Fi,Malayalam,2024-12-24,138,3.9,502549.0,Removed
7550,Dark Promise,Movie,Action,,2024-12-25,139,4.0,502550.0,Upcoming
7551,Golden Secrets,Series,Drama,Hindi,2024-12-26,140,4.1,502551.0,available
7552,Silent Chronicles,Documentary,Comedy,English,2024-12-27,141,4.2,502552.0,Available
7553,Rising Tales,Sports,Thriller,Tamil,2024-12-28,142,4.3,502553.0,Removed
7554,Broken Dreams,Movie,Romance,Kannada,2024-12-29,143,4.4,502554.0,Upcoming
7555,Lost Valley,Movie,action,Malayalam,2024-12-30,144,4.5,502555.0,available
7556,Hidden Mountain,Series,DRAMA,Telugu,2024-12-31,145,4.6,502556.0,Available
7557,Sacred River,Documentary,Comedy,Hindi,2018-01-01,146,4.7,502557.0,Removed
7558,Wild Sky,Sports,Horror,English,2018-01-02,147,4.8,502558.0,Upcoming
7559,Iron Ocean,Movie,Sci-Fi,Tamil,2018-01-03,148,4.9,502559.0,available
7560,Shadow Horizon,Movie,Action,Kannada,2018-01-04,149,1.0,502560.0,Available
7561,Burning Legacy,Series,Drama,Malayalam,2018-01-05,150,1.1,502561.0,Removed
7562,Last Empire,Documentary,Comedy,Telugu,2018-01-06,151,1.2,502562.0,Upcoming
7563,First Dawn,Sports,Thriller,Hindi,2018-01-07,152,1.3,502563.0,available
7564,Final Night,Movie,Romance,English,2018-01-08,153,1.4,502564.0,Available
7565,Blue Warriors,Movie,action,Tamil,2018-01-09,154,1.5,502565.0,Removed
7566,Red Destiny,Series,DRAMA,Kannada,2018-01-10,155,1.6,502566.0,Upcoming
7567,Black Journey,Documentary,Comedy,,2018-01-11,156,1.7,502567.0,available
7568,White Path,Sports,Horror,Telugu,2018-01-12,157,1.8,502568.0,Available
7569,Crimson Truth,Movie,Sci-Fi,Hindi,2018-01-13,158,1.9,502569.0,Removed
7570,Storm Promise,Movie,Action,English,2018-01-14,159,2.0,502570.0,Upcoming
7571,Fire Secrets,Series,Drama,Tamil,2018-01-15,160,2.1,502571.0,available
7572,Ice Chronicles,Documentary,Comedy,Kannada,2018-01-16,161,2.2,502572.0,Available
7573,Steel Tales,Sports,Thriller,Malayalam,2018-01-17,162,2.3,502573.0,Removed
7574,Thunder Dreams,Movie,Romance,Telugu,2018-01-18,163,2.4,502574.0,Upcoming
7575,Dark Valley,Movie,action,Hindi,2018-01-19,164,2.5,502575.0,available
7576,Golden Mountain,Series,DRAMA,English,2018-01-20,165,2.6,502576.0,Available
7577,Silent River,Documentary,Comedy,Tamil,2018-01-21,166,2.7,502577.0,Removed
7578,Rising Sky,Sports,Horror,Kannada,2018-01-22,167,2.8,502578.0,Upcoming
7579,Broken Ocean,Movie,Sci-Fi,Malayalam,2018-01-23,168,2.9,502579.0,available
7580,Lost Horizon,Movie,Action,Telugu,2018-01-24,169,3.0,502580.0,Available
7581,Hidden Legacy,Series,Drama,Hindi,2018-01-25,170,3.1,502581.0,Removed
7582,Sacred Empire,Documentary,Comedy,English,2018-01-26,171,3.2,502582.0,Upcoming
7583,Wild Dawn,Sports,Thriller,Tamil,2018-01-27,172,3.3,502583.0,available
7584,Iron Night,Movie,Romance,,2018-01-28,173,3.4,502584.0,Available
7585,Shadow Warriors,Movie,action,Malayalam,2018-01-29,174,3.5,502585.0,Removed
7586,Burning Destiny,Series,DRAMA,Telugu,2018-01-30,175,3.6,502586.0,Upcoming
7587,Last Journey,Documentary,Comedy,Hindi,2018-01-31,176,3.7,502587.0,available
7588,First Path,Sports,Horror,English,2018-02-01,177,3.8,502588.0,Available
7589,Final Truth,Movie,Sci-Fi,Tamil,2018-02-02,178,3.9,502589.0,Removed
7590,Blue Promise,Movie,Action,Kannada,2018-02-03,179,4.0,502590.0,Upcoming
7591,Red Secrets,Series,Drama,Malayalam,2018-02-04,180,4.1,502591.0,available
7592,Black Chronicles,Documentary,Comedy,Telugu,2018-02-05,181,4.2,502592.0,Available
7593,White Tales,Sports,Thriller,Hindi,2018-02-06,182,4.3,502593.0,Removed
7594,Crimson Dreams,Movie,Romance,English,2018-02-07,183,4.4,502594.0,Upcoming
7595,Storm Valley,Movie,action,Tamil,2018-02-08,184,4.5,502595.0,available
7596,Fire Mountain,Series,DRAMA,Kannada,2018-02-09,185,4.6,502596.0,Available
7597,Ice River,Documentary,Comedy,Malayalam,2018-02-10,186,4.7,502597.0,Removed
7598,Steel Sky,Sports,Horror,Telugu,2018-02-11,187,4.8,502598.0,Upcoming
7599,Thunder Ocean,Movie,Sci-Fi,Hindi,2018-02-12,188,4.9,502599.0,available
7600,Dark Horizon,Movie,Action,English,2018-02-13,189,1.0,502600.0,Available
7601,Golden Legacy,Series,Drama,,2018-02-14,190,1.1,502601.0,Removed
7602,Silent Empire,Documentary,Comedy,Kannada,2018-02-15,191,1.2,502602.0,Upcoming
7603,Rising Dawn,Sports,Thriller,Malayalam,2018-02-16,192,1.3,502603.0,available
7604,Broken Night,Movie,Romance,Telugu,2018-02-17,193,1.4,502604.0,Available
7605,Lost Warriors,Movie,action,Hindi,2018-02-18,194,1.5,502605.0,Removed
7606,Hidden Destiny,Series,DRAMA,English,2018-02-19,195,1.6,502606.0,Upcoming
7607,Sacred Journey,Documentary,Comedy,Tamil,2018-02-20,196,1.7,502607.0,available
7608,Wild Path,Sports,Horror,Kannada,2018-02-21,197,1.8,502608.0,Available
7609,Iron Truth,Movie,Sci-Fi,Malayalam,2018-02-22,198,1.9,502609.0,Removed
7610,Shadow Promise,Movie,Action,Telugu,2018-02-23,199,2.0,502610.0,Upcoming
7611,Burning Secrets,Series,Drama,Hindi,2018-02-24,200,2.1,502611.0,available
7612,Last Chronicles,Documentary,Comedy,English,2018-02-25,201,2.2,502612.0,Available
7613,First Tales,Sports,Thriller,Tamil,2018-02-26,202,2.3,502613.0,Removed
7614,Final Dreams,Movie,Romance,Kannada,2018-02-27,203,2.4,502614.0,Upcoming
7615,Blue Valley,Movie,action,Malayalam,2018-02-28,204,2.5,502615.0,available
7616,Red Mountain,Series,DRAMA,Telugu,2018-03-01,205,2.6,502616.0,Available
7617,Black River,Documentary,Comedy,Hindi,2018-03-02,206,2.7,502617.0,Removed
7618,White Sky,Sports,Horror,,2018-03-03,207,2.8,502618.0,Upcoming
7619,Crimson Ocean,Movie,Sci-Fi,Tamil,2018-03-04,208,2.9,502619.0,available
7620,Storm Horizon,Movie,Action,Kannada,2018-03-05,209,3.0,502620.0,Available
7621,Fire Legacy,Series,Drama,Malayalam,2018-03-06,210,3.1,502621.0,Removed
7622,Ice Empire,Documentary,Comedy,Telugu,2018-03-07,211,3.2,502622.0,Upcoming
7623,Steel Dawn,Sports,Thriller,Hindi,2018-03-08,212,3.3,502623.0,available
7624,Thunder Night,Movie,Romance,English,2018-03-09,213,3.4,502624.0,Available
7625,Dark Warriors,Movie,action,Tamil,2018-03-10,214,3.5,502625.0,Removed
7626,Golden Destiny,Series,DRAMA,Kannada,2018-03-11,215,3.6,502626.0,Upcoming
7627,Silent Journey,Documentary,Comedy,Malayalam,2018-03-12,216,3.7,502627.0,available
7628,Rising Path,Sports,Horror,Telugu,2018-03-13,217,3.8,502628.0,Available
7629,Broken Truth,Movie,Sci-Fi,Hindi,2018-03-14,218,3.9,502629.0,Removed
7630,Lost Promise,Movie,Action,English,2018-03-15,219,4.0,502630.0,Upcoming
7631,Hidden Secrets,Series,Drama,Tamil,2018-03-16,220,4.1,502631.0,available
7632,Sacred Chronicles,Documentary,Comedy,Kannada,2018-03-17,221,4.2,502632.0,Available
7633,Wild Tales,Sports,Thriller,Malayalam,2018-03-18,222,4.3,502633.0,Removed
7634,Iron Dreams,Movie,Romance,Telugu,2018-03-19,223,4.4,502634.0,Upcoming
7635,Shadow Valley,Movie,action,,2018-03-20,224,4.5,502635.0,available
7636,Burning Mountain,Series,DRAMA,English,2018-03-21,225,4.6,502636.0,Available
7637,Last River,Documentary,Comedy,Tamil,2018-03-22,226,4.7,502637.0,Removed
7638,First Sky,Sports,Horror,Kannada,2018-03-23,227,4.8,502638.0,Upcoming
7639,Final Ocean,Movie,Sci-Fi,Malayalam,2018-03-24,228,4.9,502639.0,available
7640,Blue Horizon,Movie,Action,Telugu,2018-03-25,229,1.0,502640.0,Available
7641,Red Legacy,Series,Drama,Hindi,2018-03-26,230,1.1,502641.0,Removed
7642,Black Empire,Documentary,Comedy,English,2018-03-27,231,1.2,502642.0,Upcoming
7643,White Dawn,Sports,Thriller,Tamil,2018-03-28,232,1.3,502643.0,available
7644,Crimson Night,Movie,Romance,Kannada,2018-03-29,233,1.4,502644.0,Available
7645,Storm Warriors,Movie,action,Malayalam,2018-03-30,234,1.5,502645.0,Removed
7646,Fire Destiny,Series,DRAMA,Telugu,2018-03-31,235,1.6,502646.0,Upcoming
7647,Ice Journey,Documentary,Comedy,Hindi,2018-04-01,236,1.7,502647.0,available
7648,Steel Path,Sports,Horror,English,2018-04-02,237,1.8,502648.0,Available
7649,Thunder Truth,Movie,Sci-Fi,Tamil,2018-04-03,238,1.9,502649.0,Removed
7650,Dark Promise,Movie,Action,Kannada,2018-04-04,239,2.0,502650.0,Upcoming
7651,Golden Secrets,Series,Drama,Malayalam,2018-04-05,240,2.1,502651.0,available
7652,Silent Chronicles,Documentary,Comedy,,2018-04-06,20,2.2,502652.0,Available
7653,Rising Tales,Sports,Thriller,Hindi,2018-04-07,21,2.3,502653.0,Removed
7654,Broken Dreams,Movie,Romance,English,2018-04-08,22,2.4,502654.0,Upcoming
7655,Lost Valley,Movie,action,Tamil,2018-04-09,23,2.5,502655.0,available
7656,Hidden Mountain,Series,DRAMA,Kannada,2018-04-10,24,2.6,502656.0,Available
7657,Sacred River,Documentary,Comedy,Malayalam,2018-04-11,25,2.7,502657.0,Removed
7658,Wild Sky,Sports,Horror,Telugu,2018-04-12,26,2.8,502658.0,Upcoming
7659,Iron Ocean,Movie,Sci-Fi,Hindi,2018-04-13,27,2.9,502659.0,available
7660,Shadow Horizon,Movie,Action,English,2018-04-14,28,3.0,502660.0,Available
7661,Burning Legacy,Series,Drama,Tamil,2018-04-15,29,3.1,502661.0,Removed
7662,Last Empire,Documentary,Comedy,Kannada,2018-04-16,30,3.2,502662.0,Upcoming
7663,First Dawn,Sports,Thriller,Malayalam,2018-04-17,31,3.3,502663.0,available
7664,Final Night,Movie,Romance,Telugu,2018-04-18,32,3.4,502664.0,Available
7665,Blue Warriors,Movie,action,Hindi,2018-04-19,33,3.5,502665.0,Removed
7666,Red Destiny,Series,DRAMA,English,2018-04-20,34,3.6,502666.0,Upcoming
7667,Black Journey,Documentary,Comedy,Tamil,2018-04-21,35,3.7,502667.0,available
7668,White Path,Sports,Horror,Kannada,2018-04-22,36,3.8,502668.0,Available
7669,Crimson Truth,Movie,Sci-Fi,,2018-04-23,37,3.9,502669.0,Removed
7670,Storm Promise,Movie,Action,Telugu,2018-04-24,38,4.0,502670.0,Upcoming
7671,Fire Secrets,Series,Drama,Hindi,2018-04-25,39,4.1,502671.0,available
7672,Ice Chronicles,Documentary,Comedy,English,2018-04-26,40,4.2,502672.0,Available
7673,Steel Tales,Sports,Thriller,Tamil,2018-04-27,41,4.3,502673.0,Removed
7674,Thunder Dreams,Movie,Romance,Kannada,2018-04-28,42,4.4,502674.0,Upcoming
7675,Dark Valley,Movie,action,Malayalam,2018-04-29,43,4.5,502675.0,available
7676,Golden Mountain,Series,DRAMA,Telugu,2018-04-30,44,4.6,502676.0,Available
7677,Silent River,Documentary,Comedy,Hindi,2018-05-01,45,4.7,502677.0,Removed
7678,Rising Sky,Sports,Horror,English,2018-05-02,46,4.8,502678.0,Upcoming
7679,Broken Ocean,Movie,Sci-Fi,Tamil,2018-05-03,47,4.9,502679.0,available
7680,Lost Horizon,Movie,Action,Kannada,2018-05-04,48,1.0,502680.0,Available
7681,Hidden Legacy,Series,Drama,Malayalam,2018-05-05,49,1.1,502681.0,Removed
7682,Sacred Empire,Documentary,Comedy,Telugu,2018-05-06,50,1.2,502682.0,Upcoming
7683,Wild Dawn,Sports,Thriller,Hindi,2018-05-07,51,1.3,502683.0,available
7684,Iron Night,Movie,Romance,English,2018-05-08,52,1.4,502684.0,Available
7685,Shadow Warriors,Movie,action,Tamil,2018-05-09,53,1.5,502685.0,Removed
7686,Burning Destiny,Series,DRAMA,,2018-05-10,54,1.6,502686.0,Upcoming
7687,Last Journey,Documentary,Comedy,Malayalam,2018-05-11,55,1.7,502687.0,available
7688,First Path,Sports,Horror,Telugu,2018-05-12,56,1.8,502688.0,Available
7689,Final Truth,Movie,Sci-Fi,Hindi,2018-05-13,57,1.9,502689.0,Removed
7690,Blue Promise,Movie,Action,English,2018-05-14,58,2.0,502690.0,Upcoming
7691,Red Secrets,Series,Drama,Tamil,2018-05-15,59,2.1,502691.0,available
7692,Black Chronicles,Documentary,Comedy,Kannada,2018-05-16,60,2.2,502692.0,Available
7693,White Tales,Sports,Thriller,Malayalam,2018-05-17,61,2.3,502693.0,Removed
7694,Crimson Dreams,Movie,Romance,Telugu,2018-05-18,62,2.4,502694.0,Upcoming
7695,Storm Valley,Movie,action,Hindi,2018-05-19,63,2.5,502695.0,available
7696,Fire Mountain,Series,DRAMA,English,2018-05-20,64,2.6,502696.0,Available
7697,Ice River,Documentary,Comedy,Tamil,2018-05-21,65,2.7,502697.0,Removed
7698,Steel Sky,Sports,Horror,Kannada,2018-05-22,66,2.8,502698.0,Upcoming
7699,Thunder Ocean,Movie,Sci-Fi,Malayalam,2018-05-23,67,2.9,502699.0,available
7700,Dark Horizon,Movie,Action,Telugu,2018-05-24,68,3.0,502700.0,Available
7701,Golden Legacy,Series,Drama,Hindi,2018-05-25,69,3.1,502701.0,Removed
7702,Silent Empire,Documentary,Comedy,English,2018-05-26,70,3.2,502702.0,Upcoming
7703,Rising Dawn,Sports,Thriller,,2018-05-27,71,3.3,502703.0,available
7704,Broken Night,Movie,Romance,Kannada,2018-05-28,72,3.4,502704.0,Available
7705,Lost Warriors,Movie,action,Malayalam,2018-05-29,73,3.5,502705.0,Removed
7706,Hidden Destiny,Series,DRAMA,Telugu,2018-05-30,74,3.6,502706.0,Upcoming
7707,Sacred Journey,Documentary,Comedy,Hindi,2018-05-31,75,3.7,502707.0,available
7708,Wild Path,Sports,Horror,English,2018-06-01,76,3.8,502708.0,Available
7709,Iron Truth,Movie,Sci-Fi,Tamil,2018-06-02,77,3.9,502709.0,Removed
7710,Shadow Promise,Movie,Action,Kannada,2018-06-03,78,4.0,502710.0,Upcoming
7711,Burning Secrets,Series,Drama,Malayalam,2018-06-04,79,4.1,502711.0,available
7712,Last Chronicles,Documentary,Comedy,Telugu,2018-06-05,80,4.2,502712.0,Available
7713,First Tales,Sports,Thriller,Hindi,2018-06-06,81,4.3,502713.0,Removed
7714,Final Dreams,Movie,Romance,English,2018-06-07,82,4.4,502714.0,Upcoming
7715,Blue Valley,Movie,action,Tamil,2018-06-08,83,4.5,502715.0,available
7716,Red Mountain,Series,DRAMA,Kannada,2018-06-09,84,4.6,502716.0,Available
7717,Black River,Documentary,Comedy,Malayalam,2018-06-10,85,4.7,502717.0,Removed
7718,White Sky,Sports,Horror,Telugu,2018-06-11,86,4.8,502718.0,Upcoming
7719,Crimson Ocean,Movie,Sci-Fi,Hindi,2018-06-12,87,4.9,502719.0,available
7720,Storm Horizon,Movie,Action,,2018-06-13,88,1.0,502720.0,Available
7721,Fire Legacy,Series,Drama,Tamil,2018-06-14,89,1.1,502721.0,Removed
7722,Ice Empire,Documentary,Comedy,Kannada,2018-06-15,90,1.2,502722.0,Upcoming
7723,Steel Dawn,Sports,Thriller,Malayalam,2018-06-16,91,1.3,502723.0,available
7724,Thunder Night,Movie,Romance,Telugu,2018-06-17,92,1.4,502724.0,Available
7725,Dark Warriors,Movie,action,Hindi,2018-06-18,93,1.5,502725.0,Removed
7726,Golden Destiny,Series,DRAMA,English,2018-06-19,94,1.6,502726.0,Upcoming
7727,Silent Journey,Documentary,Comedy,Tamil,2018-06-20,95,1.7,502727.0,available
7728,Rising Path,Sports,Horror,Kannada,2018-06-21,96,1.8,502728.0,Available
7729,Broken Truth,Movie,Sci-Fi,Malayalam,2018-06-22,97,1.9,502729.0,Removed
7730,Lost Promise,Movie,Action,Telugu,2018-06-23,98,2.0,502730.0,Upcoming
7731,Hidden Secrets,Series,Drama,Hindi,2018-06-24,99,2.1,502731.0,available
7732,Sacred Chronicles,Documentary,Comedy,English,2018-06-25,100,2.2,502732.0,Available
7733,Wild Tales,Sports,Thriller,Tamil,2018-06-26,101,2.3,502733.0,Removed
7734,Iron Dreams,Movie,Romance,Kannada,2018-06-27,102,2.4,502734.0,Upcoming
7735,Shadow Valley,Movie,action,Malayalam,2018-06-28,103,2.5,502735.0,available
7736,Burning Mountain,Series,DRAMA,Telugu,2018-06-29,104,2.6,502736.0,Available
7737,Last River,Documentary,Comedy,,2018-06-30,105,2.7,502737.0,Removed
7738,First Sky,Sports,Horror,English,2018-07-01,106,2.8,502738.0,Upcoming
7739,Final Ocean,Movie,Sci-Fi,Tamil,2018-07-02,107,2.9,502739.0,available
7740,Blue Horizon,Movie,Action,Kannada,2018-07-03,108,3.0,502740.0,Available
7741,Red Legacy,Series,Drama,Malayalam,2018-07-04,109,3.1,502741.0,Removed
7742,Black Empire,Documentary,Comedy,Telugu,2018-07-05,110,3.2,502742.0,Upcoming
7743,White Dawn,Sports,Thriller,Hindi,2018-07-06,111,3.3,502743.0,available
7744,Crimson Night,Movie,Romance,English,2018-07-07,112,3.4,502744.0,Available
7745,Storm Warriors,Movie,action,Tamil,2018-07-08,113,3.5,502745.0,Removed
7746,Fire Destiny,Series,DRAMA,Kannada,2018-07-09,114,3.6,502746.0,Upcoming
7747,Ice Journey,Documentary,Comedy,Malayalam,2018-07-10,115,3.7,502747.0,available
7748,Steel Path,Sports,Horror,Telugu,2018-07-11,116,3.8,502748.0,Available
7749,Thunder Truth,Movie,Sci-Fi,Hindi,2018-07-12,117,3.9,502749.0,Removed
7750,Dark Promise,Movie,Action,English,2018-07-13,118,4.0,502750.0,Upcoming
7751,Golden Secrets,Series,Drama,Tamil,2018-07-14,119,4.1,502751.0,available
7752,Silent Chronicles,Documentary,Comedy,Kannada,2018-07-15,120,4.2,502752.0,Available
7753,Rising Tales,Sports,Thriller,Malayalam,2018-07-16,121,4.3,502753.0,Removed
7754,Broken Dreams,Movie,Romance,,2018-07-17,122,4.4,502754.0,Upcoming
7755,Lost Valley,Movie,action,Hindi,2018-07-18,123,4.5,502755.0,available
7756,Hidden Mountain,Series,DRAMA,English,2018-07-19,124,4.6,502756.0,Available
7757,Sacred River,Documentary,Comedy,Tamil,2018-07-20,125,4.7,502757.0,Removed
7758,Wild Sky,Sports,Horror,Kannada,2018-07-21,126,4.8,502758.0,Upcoming
7759,Iron Ocean,Movie,Sci-Fi,Malayalam,2018-07-22,127,4.9,502759.0,available
7760,Shadow Horizon,Movie,Action,Telugu,2018-07-23,128,1.0,502760.0,Available
7761,Burning Legacy,Series,Drama,Hindi,2018-07-24,129,1.1,502761.0,Removed
7762,Last Empire,Documentary,Comedy,English,2018-07-25,130,1.2,502762.0,Upcoming
7763,First Dawn,Sports,Thriller,Tamil,2018-07-26,131,1.3,502763.0,available
7764,Final Night,Movie,Romance,Kannada,2018-07-27,132,1.4,502764.0,Available
7765,Blue Warriors,Movie,action,Malayalam,2018-07-28,133,1.5,502765.0,Removed
7766,Red Destiny,Series,DRAMA,Telugu,2018-07-29,134,1.6,502766.0,Upcoming
7767,Black Journey,Documentary,Comedy,Hindi,2018-07-30,135,1.7,502767.0,available
7768,White Path,Sports,Horror,English,2018-07-31,136,1.8,502768.0,Available
7769,Crimson Truth,Movie,Sci-Fi,Tamil,2018-08-01,137,1.9,502769.0,Removed
7770,Storm Promise,Movie,Action,Kannada,2018-08-02,138,2.0,502770.0,Upcoming
7771,Fire Secrets,Series,Drama,,2018-08-03,139,2.1,502771.0,available
7772,Ice Chronicles,Documentary,Comedy,Telugu,2018-08-04,140,2.2,502772.0,Available
7773,Steel Tales,Sports,Thriller,Hindi,2018-08-05,141,2.3,502773.0,Removed
7774,Thunder Dreams,Movie,Romance,English,2018-08-06,142,2.4,502774.0,Upcoming
7775,Dark Valley,Movie,action,Tamil,2018-08-07,143,2.5,502775.0,available
7776,Golden Mountain,Series,DRAMA,Kannada,2018-08-08,144,2.6,502776.0,Available
7777,Silent River,Documentary,Comedy,Malayalam,2018-08-09,145,2.7,502777.0,Removed
7778,Rising Sky,Sports,Horror,Telugu,2018-08-10,146,2.8,502778.0,Upcoming
7779,Broken Ocean,Movie,Sci-Fi,Hindi,2018-08-11,147,2.9,502779.0,available
7780,Lost Horizon,Movie,Action,English,2018-08-12,148,3.0,502780.0,Available
7781,Hidden Legacy,Series,Drama,Tamil,2018-08-13,149,3.1,502781.0,Removed
7782,Sacred Empire,Documentary,Comedy,Kannada,2018-08-14,150,3.2,502782.0,Upcoming
7783,Wild Dawn,Sports,Thriller,Malayalam,2018-08-15,151,3.3,502783.0,available
7784,Iron Night,Movie,Romance,Telugu,2018-08-16,152,3.4,502784.0,Available
7785,Shadow Warriors,Movie,action,Hindi,2018-08-17,153,3.5,502785.0,Removed
7786,Burning Destiny,Series,DRAMA,English,2018-08-18,154,3.6,502786.0,Upcoming
7787,Last Journey,Documentary,Comedy,Tamil,2018-08-19,155,3.7,502787.0,available
7788,First Path,Sports,Horror,,2018-08-20,156,3.8,502788.0,Available
7789,Final Truth,Movie,Sci-Fi,Malayalam,2018-08-21,157,3.9,502789.0,Removed
7790,Blue Promise,Movie,Action,Telugu,2018-08-22,158,4.0,502790.0,Upcoming
7791,Red Secrets,Series,Drama,Hindi,2018-08-23,159,4.1,502791.0,available
7792,Black Chronicles,Documentary,Comedy,English,2018-08-24,160,4.2,502792.0,Available
7793,White Tales,Sports,Thriller,Tamil,2018-08-25,161,4.3,502793.0,Removed
7794,Crimson Dreams,Movie,Romance,Kannada,2018-08-26,162,4.4,502794.0,Upcoming
7795,Storm Valley,Movie,action,Malayalam,2018-08-27,163,4.5,502795.0,available
7796,Fire Mountain,Series,DRAMA,Telugu,2018-08-28,164,4.6,502796.0,Available
7797,Ice River,Documentary,Comedy,Hindi,2018-08-29,165,4.7,502797.0,Removed
7798,Steel Sky,Sports,Horror,English,2018-08-30,166,4.8,502798.0,Upcoming
7799,Thunder Ocean,Movie,Sci-Fi,Tamil,2018-08-31,167,4.9,502799.0,available
7800,Dark Horizon,Movie,Action,Kannada,2018-09-01,168,1.0,502800.0,Available
7801,Golden Legacy,Series,Drama,Malayalam,2018-09-02,169,1.1,502801.0,Removed
7802,Silent Empire,Documentary,Comedy,Telugu,2018-09-03,170,1.2,502802.0,Upcoming
7803,Rising Dawn,Sports,Thriller,Hindi,2018-09-04,171,1.3,502803.0,available
7804,Broken Night,Movie,Romance,English,2018-09-05,172,1.4,502804.0,Available
7805,Lost Warriors,Movie,action,,2018-09-06,173,1.5,502805.0,Removed
7806,Hidden Destiny,Series,DRAMA,Kannada,2018-09-07,174,1.6,502806.0,Upcoming
7807,Sacred Journey,Documentary,Comedy,Malayalam,2018-09-08,175,1.7,502807.0,available
7808,Wild Path,Sports,Horror,Telugu,2018-09-09,176,1.8,502808.0,Available
7809,Iron Truth,Movie,Sci-Fi,Hindi,2018-09-10,177,1.9,502809.0,Removed
7810,Shadow Promise,Movie,Action,English,2018-09-11,178,2.0,502810.0,Upcoming
7811,Burning Secrets,Series,Drama,Tamil,2018-09-12,179,2.1,502811.0,available
7812,Last Chronicles,Documentary,Comedy,Kannada,2018-09-13,180,2.2,502812.0,Available
7813,First Tales,Sports,Thriller,Malayalam,2018-09-14,181,2.3,502813.0,Removed
7814,Final Dreams,Movie,Romance,Telugu,2018-09-15,182,2.4,502814.0,Upcoming
7815,Blue Valley,Movie,action,Hindi,2018-09-16,183,2.5,502815.0,available
7816,Red Mountain,Series,DRAMA,English,2018-09-17,184,2.6,502816.0,Available
7817,Black River,Documentary,Comedy,Tamil,2018-09-18,185,2.7,502817.0,Removed
7818,White Sky,Sports,Horror,Kannada,2018-09-19,186,2.8,502818.0,Upcoming
7819,Crimson Ocean,Movie,Sci-Fi,Malayalam,2018-09-20,187,2.9,502819.0,available
7820,Storm Horizon,Movie,Action,Telugu,2018-09-21,188,3.0,502820.0,Available
7821,Fire Legacy,Series,Drama,Hindi,2018-09-22,189,3.1,502821.0,Removed
7822,Ice Empire,Documentary,Comedy,,2018-09-23,190,3.2,502822.0,Upcoming
7823,Steel Dawn,Sports,Thriller,Tamil,2018-09-24,191,3.3,502823.0,available
7824,Thunder Night,Movie,Romance,Kannada,2018-09-25,192,3.4,502824.0,Available
7825,Dark Warriors,Movie,action,Malayalam,2018-09-26,193,3.5,502825.0,Removed
7826,Golden Destiny,Series,DRAMA,Telugu,2018-09-27,194,3.6,502826.0,Upcoming
7827,Silent Journey,Documentary,Comedy,Hindi,2018-09-28,195,3.7,502827.0,available
7828,Rising Path,Sports,Horror,English,2018-09-29,196,3.8,502828.0,Available
7829,Broken Truth,Movie,Sci-Fi,Tamil,2018-09-30,197,3.9,502829.0,Removed
7830,Lost Promise,Movie,Action,Kannada,2018-10-01,198,4.0,502830.0,Upcoming
7831,Hidden Secrets,Series,Drama,Malayalam,2018-10-02,199,4.1,502831.0,available
7832,Sacred Chronicles,Documentary,Comedy,Telugu,2018-10-03,200,4.2,502832.0,Available
7833,Wild Tales,Sports,Thriller,Hindi,2018-10-04,201,4.3,502833.0,Removed
7834,Iron Dreams,Movie,Romance,English,2018-10-05,202,4.4,502834.0,Upcoming
7835,Shadow Valley,Movie,action,Tamil,2018-10-06,203,4.5,502835.0,available
7836,Burning Mountain,Series,DRAMA,Kannada,2018-10-07,204,4.6,502836.0,Available
7837,Last River,Documentary,Comedy,Malayalam,2018-10-08,205,4.7,502837.0,Removed
7838,First Sky,Sports,Horror,Telugu,2018-10-09,206,4.8,502838.0,Upcoming
7839,Final Ocean,Movie,Sci-Fi,,2018-10-10,207,4.9,502839.0,available
7840,Blue Horizon,Movie,Action,English,2018-10-11,208,1.0,502840.0,Available
7841,Red Legacy,Series,Drama,Tamil,2018-10-12,209,1.1,502841.0,Removed
7842,Black Empire,Documentary,Comedy,Kannada,2018-10-13,210,1.2,502842.0,Upcoming
7843,White Dawn,Sports,Thriller,Malayalam,2018-10-14,211,1.3,502843.0,available
7844,Crimson Night,Movie,Romance,Telugu,2018-10-15,212,1.4,502844.0,Available
7845,Storm Warriors,Movie,action,Hindi,2018-10-16,213,1.5,502845.0,Removed
7846,Fire Destiny,Series,DRAMA,English,2018-10-17,214,1.6,502846.0,Upcoming
7847,Ice Journey,Documentary,Comedy,Tamil,2018-10-18,215,1.7,502847.0,available
7848,Steel Path,Sports,Horror,Kannada,2018-10-19,216,1.8,502848.0,Available
7849,Thunder Truth,Movie,Sci-Fi,Malayalam,2018-10-20,217,1.9,502849.0,Removed
7850,Dark Promise,Movie,Action,Telugu,2018-10-21,218,2.0,502850.0,Upcoming
7851,Golden Secrets,Series,Drama,Hindi,2018-10-22,219,2.1,502851.0,available
7852,Silent Chronicles,Documentary,Comedy,English,2018-10-23,220,2.2,502852.0,Available
7853,Rising Tales,Sports,Thriller,Tamil,2018-10-24,221,2.3,502853.0,Removed
7854,Broken Dreams,Movie,Romance,Kannada,2018-10-25,222,2.4,502854.0,Upcoming
7855,Lost Valley,Movie,action,Malayalam,2018-10-26,223,2.5,502855.0,available
7856,Hidden Mountain,Series,DRAMA,,2018-10-27,224,2.6,502856.0,Available
7857,Sacred River,Documentary,Comedy,Hindi,2018-10-28,225,2.7,502857.0,Removed
7858,Wild Sky,Sports,Horror,English,2018-10-29,226,2.8,502858.0,Upcoming
7859,Iron Ocean,Movie,Sci-Fi,Tamil,2018-10-30,227,2.9,502859.0,available
7860,Shadow Horizon,Movie,Action,Kannada,2018-10-31,228,3.0,502860.0,Available
7861,Burning Legacy,Series,Drama,Malayalam,2018-11-01,229,3.1,502861.0,Removed
7862,Last Empire,Documentary,Comedy,Telugu,2018-11-02,230,3.2,502862.0,Upcoming
7863,First Dawn,Sports,Thriller,Hindi,2018-11-03,231,3.3,502863.0,available
7864,Final Night,Movie,Romance,English,2018-11-04,232,3.4,502864.0,Available
7865,Blue Warriors,Movie,action,Tamil,2018-11-05,233,3.5,502865.0,Removed
7866,Red Destiny,Series,DRAMA,Kannada,2018-11-06,234,3.6,502866.0,Upcoming
7867,Black Journey,Documentary,Comedy,Malayalam,2018-11-07,235,3.7,502867.0,available
7868,White Path,Sports,Horror,Telugu,2018-11-08,236,3.8,502868.0,Available
7869,Crimson Truth,Movie,Sci-Fi,Hindi,2018-11-09,237,3.9,502869.0,Removed
7870,Storm Promise,Movie,Action,English,2018-11-10,238,4.0,502870.0,Upcoming
7871,Fire Secrets,Series,Drama,Tamil,2018-11-11,239,4.1,502871.0,available
7872,Ice Chronicles,Documentary,Comedy,Kannada,2018-11-12,240,4.2,502872.0,Available
7873,Steel Tales,Sports,Thriller,,2018-11-13,20,4.3,502873.0,Removed
7874,Thunder Dreams,Movie,Romance,Telugu,2018-11-14,21,4.4,502874.0,Upcoming
7875,Dark Valley,Movie,action,Hindi,2018-11-15,22,4.5,502875.0,available
7876,Golden Mountain,Series,DRAMA,English,2018-11-16,23,4.6,502876.0,Available
7877,Silent River,Documentary,Comedy,Tamil,2018-11-17,24,4.7,502877.0,Removed
7878,Rising Sky,Sports,Horror,Kannada,2018-11-18,25,4.8,502878.0,Upcoming
7879,Broken Ocean,Movie,Sci-Fi,Malayalam,2018-11-19,26,4.9,502879.0,available
7880,Lost Horizon,Movie,Action,Telugu,2018-11-20,27,1.0,502880.0,Available
7881,Hidden Legacy,Series,Drama,Hindi,2018-11-21,28,1.1,502881.0,Removed
7882,Sacred Empire,Documentary,Comedy,English,2018-11-22,29,1.2,502882.0,Upcoming
7883,Wild Dawn,Sports,Thriller,Tamil,2018-11-23,30,1.3,502883.0,available
7884,Iron Night,Movie,Romance,Kannada,2018-11-24,31,1.4,502884.0,Available
7885,Shadow Warriors,Movie,action,Malayalam,2018-11-25,32,1.5,502885.0,Removed
7886,Burning Destiny,Series,DRAMA,Telugu,2018-11-26,33,1.6,502886.0,Upcoming
7887,Last Journey,Documentary,Comedy,Hindi,2018-11-27,34,1.7,502887.0,available
7888,First Path,Sports,Horror,English,2018-11-28,35,1.8,502888.0,Available
7889,Final Truth,Movie,Sci-Fi,Tamil,2018-11-29,36,1.9,502889.0,Removed
7890,Blue Promise,Movie,Action,,2018-11-30,37,2.0,502890.0,Upcoming
7891,Red Secrets,Series,Drama,Malayalam,2018-12-01,38,2.1,502891.0,available
7892,Black Chronicles,Documentary,Comedy,Telugu,2018-12-02,39,2.2,502892.0,Available
7893,White Tales,Sports,Thriller,Hindi,2018-12-03,40,2.3,502893.0,Removed
7894,Crimson Dreams,Movie,Romance,English,2018-12-04,41,2.4,502894.0,Upcoming
7895,Storm Valley,Movie,action,Tamil,2018-12-05,42,2.5,502895.0,available
7896,Fire Mountain,Series,DRAMA,Kannada,2018-12-06,43,2.6,502896.0,Available
7897,Ice River,Documentary,Comedy,Malayalam,2018-12-07,44,2.7,502897.0,Removed
7898,Steel Sky,Sports,Horror,Telugu,2018-12-08,45,2.8,502898.0,Upcoming
7899,Thunder Ocean,Movie,Sci-Fi,Hindi,2018-12-09,46,2.9,502899.0,available
7900,Dark Horizon,Movie,Action,English,2018-12-10,47,3.0,502900.0,Available
7901,Golden Legacy,Series,Drama,Tamil,2018-12-11,48,3.1,502901.0,Removed
7902,Silent Empire,Documentary,Comedy,Kannada,2018-12-12,49,3.2,502902.0,Upcoming
7903,Rising Dawn,Sports,Thriller,Malayalam,2018-12-13,50,3.3,502903.0,available
7904,Broken Night,Movie,Romance,Telugu,2018-12-14,51,3.4,502904.0,Available
7905,Lost Warriors,Movie,action,Hindi,2018-12-15,52,3.5,502905.0,Removed
7906,Hidden Destiny,Series,DRAMA,English,2018-12-16,53,3.6,502906.0,Upcoming
7907,Sacred Journey,Documentary,Comedy,,2018-12-17,54,3.7,502907.0,available
7908,Wild Path,Sports,Horror,Kannada,2018-12-18,55,3.8,502908.0,Available
7909,Iron Truth,Movie,Sci-Fi,Malayalam,2018-12-19,56,3.9,502909.0,Removed
7910,Shadow Promise,Movie,Action,Telugu,2018-12-20,57,4.0,502910.0,Upcoming
7911,Burning Secrets,Series,Drama,Hindi,2018-12-21,58,4.1,502911.0,available
7912,Last Chronicles,Documentary,Comedy,English,2018-12-22,59,4.2,502912.0,Available
7913,First Tales,Sports,Thriller,Tamil,2018-12-23,60,4.3,502913.0,Removed
7914,Final Dreams,Movie,Romance,Kannada,2018-12-24,61,4.4,502914.0,Upcoming
7915,Blue Valley,Movie,action,Malayalam,2018-12-25,62,4.5,502915.0,available
7916,Red Mountain,Series,DRAMA,Telugu,2018-12-26,63,4.6,502916.0,Available
7917,Black River,Documentary,Comedy,Hindi,2018-12-27,64,4.7,502917.0,Removed
7918,White Sky,Sports,Horror,English,2018-12-28,65,4.8,502918.0,Upcoming
7919,Crimson Ocean,Movie,Sci-Fi,Tamil,2018-12-29,66,4.9,502919.0,available
7920,Storm Horizon,Movie,Action,Kannada,2018-12-30,67,1.0,502920.0,Available
7921,Fire Legacy,Series,Drama,Malayalam,2018-12-31,68,1.1,502921.0,Removed
7922,Ice Empire,Documentary,Comedy,Telugu,2019-01-01,69,1.2,502922.0,Upcoming
7923,Steel Dawn,Sports,Thriller,Hindi,2019-01-02,70,1.3,502923.0,available
7924,Thunder Night,Movie,Romance,,2019-01-03,71,1.4,502924.0,Available
7925,Dark Warriors,Movie,action,Tamil,2019-01-04,72,1.5,502925.0,Removed
7926,Golden Destiny,Series,DRAMA,Kannada,2019-01-05,73,1.6,502926.0,Upcoming
7927,Silent Journey,Documentary,Comedy,Malayalam,2019-01-06,74,1.7,502927.0,available
7928,Rising Path,Sports,Horror,Telugu,2019-01-07,75,1.8,502928.0,Available
7929,Broken Truth,Movie,Sci-Fi,Hindi,2019-01-08,76,1.9,502929.0,Removed
7930,Lost Promise,Movie,Action,English,2019-01-09,77,2.0,502930.0,Upcoming
7931,Hidden Secrets,Series,Drama,Tamil,2019-01-10,78,2.1,502931.0,available
7932,Sacred Chronicles,Documentary,Comedy,Kannada,2019-01-11,79,2.2,502932.0,Available
7933,Wild Tales,Sports,Thriller,Malayalam,2019-01-12,80,2.3,502933.0,Removed
7934,Iron Dreams,Movie,Romance,Telugu,2019-01-13,81,2.4,502934.0,Upcoming
7935,Shadow Valley,Movie,action,Hindi,2019-01-14,82,2.5,502935.0,available
7936,Burning Mountain,Series,DRAMA,English,2019-01-15,83,2.6,502936.0,Available
7937,Last River,Documentary,Comedy,Tamil,2019-01-16,84,2.7,502937.0,Removed
7938,First Sky,Sports,Horror,Kannada,2019-01-17,85,2.8,502938.0,Upcoming
7939,Final Ocean,Movie,Sci-Fi,Malayalam,2019-01-18,86,2.9,502939.0,available
7940,Blue Horizon,Movie,Action,Telugu,2019-01-19,87,3.0,502940.0,Available
7941,Red Legacy,Series,Drama,,2019-01-20,88,3.1,502941.0,Removed
7942,Black Empire,Documentary,Comedy,English,2019-01-21,89,3.2,502942.0,Upcoming
7943,White Dawn,Sports,Thriller,Tamil,2019-01-22,90,3.3,502943.0,available
7944,Crimson Night,Movie,Romance,Kannada,2019-01-23,91,3.4,502944.0,Available
7945,Storm Warriors,Movie,action,Malayalam,2019-01-24,92,3.5,502945.0,Removed
7946,Fire Destiny,Series,DRAMA,Telugu,2019-01-25,93,3.6,502946.0,Upcoming
7947,Ice Journey,Documentary,Comedy,Hindi,2019-01-26,94,3.7,502947.0,available
7948,Steel Path,Sports,Horror,English,2019-01-27,95,3.8,502948.0,Available
7949,Thunder Truth,Movie,Sci-Fi,Tamil,2019-01-28,96,3.9,502949.0,Removed
7950,Dark Promise,Movie,Action,Kannada,2019-01-29,97,4.0,502950.0,Upcoming
7951,Golden Secrets,Series,Drama,Malayalam,2019-01-30,98,4.1,502951.0,available
7952,Silent Chronicles,Documentary,Comedy,Telugu,2019-01-31,99,4.2,502952.0,Available
7953,Rising Tales,Sports,Thriller,Hindi,2019-02-01,100,4.3,502953.0,Removed
7954,Broken Dreams,Movie,Romance,English,2019-02-02,101,4.4,502954.0,Upcoming
7955,Lost Valley,Movie,action,Tamil,2019-02-03,102,4.5,502955.0,available
7956,Hidden Mountain,Series,DRAMA,Kannada,2019-02-04,103,4.6,502956.0,Available
7957,Sacred River,Documentary,Comedy,Malayalam,2019-02-05,104,4.7,502957.0,Removed
7958,Wild Sky,Sports,Horror,,2019-02-06,105,4.8,502958.0,Upcoming
7959,Iron Ocean,Movie,Sci-Fi,Hindi,2019-02-07,106,4.9,502959.0,available
7960,Shadow Horizon,Movie,Action,English,2019-02-08,107,1.0,502960.0,Available
7961,Burning Legacy,Series,Drama,Tamil,2019-02-09,108,1.1,502961.0,Removed
7962,Last Empire,Documentary,Comedy,Kannada,2019-02-10,109,1.2,502962.0,Upcoming
7963,First Dawn,Sports,Thriller,Malayalam,2019-02-11,110,1.3,502963.0,available
7964,Final Night,Movie,Romance,Telugu,2019-02-12,111,1.4,502964.0,Available
7965,Blue Warriors,Movie,action,Hindi,2019-02-13,112,1.5,502965.0,Removed
7966,Red Destiny,Series,DRAMA,English,2019-02-14,113,1.6,502966.0,Upcoming
7967,Black Journey,Documentary,Comedy,Tamil,2019-02-15,114,1.7,502967.0,available
7968,White Path,Sports,Horror,Kannada,2019-02-16,115,1.8,502968.0,Available
7969,Crimson Truth,Movie,Sci-Fi,Malayalam,2019-02-17,116,1.9,502969.0,Removed
7970,Storm Promise,Movie,Action,Telugu,2019-02-18,117,2.0,502970.0,Upcoming
7971,Fire Secrets,Series,Drama,Hindi,2019-02-19,118,2.1,502971.0,available
7972,Ice Chronicles,Documentary,Comedy,English,2019-02-20,119,2.2,502972.0,Available
7973,Steel Tales,Sports,Thriller,Tamil,2019-02-21,120,2.3,502973.0,Removed
7974,Thunder Dreams,Movie,Romance,Kannada,2019-02-22,121,2.4,502974.0,Upcoming
7975,Dark Valley,Movie,action,,2019-02-23,122,2.5,502975.0,available
7976,Golden Mountain,Series,DRAMA,Telugu,2019-02-24,123,2.6,502976.0,Available
7977,Silent River,Documentary,Comedy,Hindi,2019-02-25,124,2.7,502977.0,Removed
7978,Rising Sky,Sports,Horror,English,2019-02-26,125,2.8,502978.0,Upcoming
7979,Broken Ocean,Movie,Sci-Fi,Tamil,2019-02-27,126,2.9,502979.0,available
7980,Lost Horizon,Movie,Action,Kannada,2019-02-28,127,3.0,502980.0,Available
7981,Hidden Legacy,Series,Drama,Malayalam,2019-03-01,128,3.1,502981.0,Removed
7982,Sacred Empire,Documentary,Comedy,Telugu,2019-03-02,129,3.2,502982.0,Upcoming
7983,Wild Dawn,Sports,Thriller,Hindi,2019-03-03,130,3.3,502983.0,available
7984,Iron Night,Movie,Romance,English,2019-03-04,131,3.4,502984.0,Available
7985,Shadow Warriors,Movie,action,Tamil,2019-03-05,132,3.5,502985.0,Removed
7986,Burning Destiny,Series,DRAMA,Kannada,2019-03-06,133,3.6,502986.0,Upcoming
7987,Last Journey,Documentary,Comedy,Malayalam,2019-03-07,134,3.7,502987.0,available
7988,First Path,Sports,Horror,Telugu,2019-03-08,135,3.8,502988.0,Available
7989,Final Truth,Movie,Sci-Fi,Hindi,2019-03-09,136,3.9,502989.0,Removed
7990,Blue Promise,Movie,Action,English,2019-03-10,137,4.0,502990.0,Upcoming
7991,Red Secrets,Series,Drama,Tamil,2019-03-11,138,4.1,502991.0,available
7992,Black Chronicles,Documentary,Comedy,,2019-03-12,139,4.2,502992.0,Available
7993,White Tales,Sports,Thriller,Malayalam,2019-03-13,140,4.3,502993.0,Removed
7994,Crimson Dreams,Movie,Romance,Telugu,2019-03-14,141,4.4,502994.0,Upcoming
7995,Storm Valley,Movie,action,Hindi,2019-03-15,142,4.5,502995.0,available
7996,Fire Mountain,Series,DRAMA,English,2019-03-16,143,4.6,502996.0,Available
7997,Ice River,Documentary,Comedy,Tamil,2019-03-17,144,4.7,502997.0,Removed
7998,Steel Sky,Sports,Horror,Kannada,2019-03-18,145,4.8,502998.0,Upcoming
7999,Thunder Ocean,Movie,Sci-Fi,Malayalam,2019-03-19,146,4.9,502999.0,available
8000,Dark Horizon,Movie,Action,Telugu,2019-03-20,147,1.0,503000.0,Available
8001,Golden Legacy,Series,Drama,Hindi,2019-03-21,148,1.1,503001.0,Removed
8002,Silent Empire,Documentary,Comedy,English,2019-03-22,149,1.2,503002.0,Upcoming
8003,Rising Dawn,Sports,Thriller,Tamil,2019-03-23,150,1.3,503003.0,available
8004,Broken Night,Movie,Romance,Kannada,2019-03-24,151,1.4,503004.0,Available
8005,Lost Warriors,Movie,action,Malayalam,2019-03-25,152,1.5,503005.0,Removed
8006,Hidden Destiny,Series,DRAMA,Telugu,2019-03-26,153,1.6,503006.0,Upcoming
8007,Sacred Journey,Documentary,Comedy,Hindi,2019-03-27,154,1.7,503007.0,available
8008,Wild Path,Sports,Horror,English,2019-03-28,155,1.8,503008.0,Available
8009,Iron Truth,Movie,Sci-Fi,,2019-03-29,156,1.9,503009.0,Removed
8010,Shadow Promise,Movie,Action,Kannada,2019-03-30,157,2.0,503010.0,Upcoming
8011,Burning Secrets,Series,Drama,Malayalam,2019-03-31,158,2.1,503011.0,available
8012,Last Chronicles,Documentary,Comedy,Telugu,2019-04-01,159,2.2,503012.0,Available
8013,First Tales,Sports,Thriller,Hindi,2019-04-02,160,2.3,503013.0,Removed
8014,Final Dreams,Movie,Romance,English,2019-04-03,161,2.4,503014.0,Upcoming
8015,Blue Valley,Movie,action,Tamil,2019-04-04,162,2.5,503015.0,available
8016,Red Mountain,Series,DRAMA,Kannada,2019-04-05,163,2.6,503016.0,Available
8017,Black River,Documentary,Comedy,Malayalam,2019-04-06,164,2.7,503017.0,Removed
8018,White Sky,Sports,Horror,Telugu,2019-04-07,165,2.8,503018.0,Upcoming
8019,Crimson Ocean,Movie,Sci-Fi,Hindi,2019-04-08,166,2.9,503019.0,available
8020,Storm Horizon,Movie,Action,English,2019-04-09,167,3.0,503020.0,Available
8021,Fire Legacy,Series,Drama,Tamil,2019-04-10,168,3.1,503021.0,Removed
8022,Ice Empire,Documentary,Comedy,Kannada,2019-04-11,169,3.2,503022.0,Upcoming
8023,Steel Dawn,Sports,Thriller,Malayalam,2019-04-12,170,3.3,503023.0,available
8024,Thunder Night,Movie,Romance,Telugu,2019-04-13,171,3.4,503024.0,Available
8025,Dark Warriors,Movie,action,Hindi,2019-04-14,172,3.5,503025.0,Removed
8026,Golden Destiny,Series,DRAMA,,2019-04-15,173,3.6,503026.0,Upcoming
8027,Silent Journey,Documentary,Comedy,Tamil,2019-04-16,174,3.7,503027.0,available
8028,Rising Path,Sports,Horror,Kannada,2019-04-17,175,3.8,503028.0,Available
8029,Broken Truth,Movie,Sci-Fi,Malayalam,2019-04-18,176,3.9,503029.0,Removed
8030,Lost Promise,Movie,Action,Telugu,2019-04-19,177,4.0,503030.0,Upcoming
8031,Hidden Secrets,Series,Drama,Hindi,2019-04-20,178,4.1,503031.0,available
8032,Sacred Chronicles,Documentary,Comedy,English,2019-04-21,179,4.2,503032.0,Available
8033,Wild Tales,Sports,Thriller,Tamil,2019-04-22,180,4.3,503033.0,Removed
8034,Iron Dreams,Movie,Romance,Kannada,2019-04-23,181,4.4,503034.0,Upcoming
8035,Shadow Valley,Movie,action,Malayalam,2019-04-24,182,4.5,503035.0,available
8036,Burning Mountain,Series,DRAMA,Telugu,2019-04-25,183,4.6,503036.0,Available
8037,Last River,Documentary,Comedy,Hindi,2019-04-26,184,4.7,503037.0,Removed
8038,First Sky,Sports,Horror,English,2019-04-27,185,4.8,503038.0,Upcoming
8039,Final Ocean,Movie,Sci-Fi,Tamil,2019-04-28,186,4.9,503039.0,available
8040,Blue Horizon,Movie,Action,Kannada,2019-04-29,187,1.0,503040.0,Available
8041,Red Legacy,Series,Drama,Malayalam,2019-04-30,188,1.1,503041.0,Removed
8042,Black Empire,Documentary,Comedy,Telugu,2019-05-01,189,1.2,503042.0,Upcoming
8043,White Dawn,Sports,Thriller,,2019-05-02,190,1.3,503043.0,available
8044,Crimson Night,Movie,Romance,English,2019-05-03,191,1.4,503044.0,Available
8045,Storm Warriors,Movie,action,Tamil,2019-05-04,192,1.5,503045.0,Removed
8046,Fire Destiny,Series,DRAMA,Kannada,2019-05-05,193,1.6,503046.0,Upcoming
8047,Ice Journey,Documentary,Comedy,Malayalam,2019-05-06,194,1.7,503047.0,available
8048,Steel Path,Sports,Horror,Telugu,2019-05-07,195,1.8,503048.0,Available
8049,Thunder Truth,Movie,Sci-Fi,Hindi,2019-05-08,196,1.9,503049.0,Removed
8050,Dark Promise,Movie,Action,English,2019-05-09,197,2.0,503050.0,Upcoming
8051,Golden Secrets,Series,Drama,Tamil,2019-05-10,198,2.1,503051.0,available
8052,Silent Chronicles,Documentary,Comedy,Kannada,2019-05-11,199,2.2,503052.0,Available
8053,Rising Tales,Sports,Thriller,Malayalam,2019-05-12,200,2.3,503053.0,Removed
8054,Broken Dreams,Movie,Romance,Telugu,2019-05-13,201,2.4,503054.0,Upcoming
8055,Lost Valley,Movie,action,Hindi,2019-05-14,202,2.5,503055.0,available
8056,Hidden Mountain,Series,DRAMA,English,2019-05-15,203,2.6,503056.0,Available
8057,Sacred River,Documentary,Comedy,Tamil,2019-05-16,204,2.7,503057.0,Removed
8058,Wild Sky,Sports,Horror,Kannada,2019-05-17,205,2.8,503058.0,Upcoming
8059,Iron Ocean,Movie,Sci-Fi,Malayalam,2019-05-18,206,2.9,503059.0,available
8060,Shadow Horizon,Movie,Action,,2019-05-19,207,3.0,503060.0,Available
8061,Burning Legacy,Series,Drama,Hindi,2019-05-20,208,3.1,503061.0,Removed
8062,Last Empire,Documentary,Comedy,English,2019-05-21,209,3.2,503062.0,Upcoming
8063,First Dawn,Sports,Thriller,Tamil,2019-05-22,210,3.3,503063.0,available
8064,Final Night,Movie,Romance,Kannada,2019-05-23,211,3.4,503064.0,Available
8065,Blue Warriors,Movie,action,Malayalam,2019-05-24,212,3.5,503065.0,Removed
8066,Red Destiny,Series,DRAMA,Telugu,2019-05-25,213,3.6,503066.0,Upcoming
8067,Black Journey,Documentary,Comedy,Hindi,2019-05-26,214,3.7,503067.0,available
8068,White Path,Sports,Horror,English,2019-05-27,215,3.8,503068.0,Available
8069,Crimson Truth,Movie,Sci-Fi,Tamil,2019-05-28,216,3.9,503069.0,Removed
8070,Storm Promise,Movie,Action,Kannada,2019-05-29,217,4.0,503070.0,Upcoming
8071,Fire Secrets,Series,Drama,Malayalam,2019-05-30,218,4.1,503071.0,available
8072,Ice Chronicles,Documentary,Comedy,Telugu,2019-05-31,219,4.2,503072.0,Available
8073,Steel Tales,Sports,Thriller,Hindi,2019-06-01,220,4.3,503073.0,Removed
8074,Thunder Dreams,Movie,Romance,English,2019-06-02,221,4.4,503074.0,Upcoming
8075,Dark Valley,Movie,action,Tamil,2019-06-03,222,4.5,503075.0,available
8076,Golden Mountain,Series,DRAMA,Kannada,2019-06-04,223,4.6,503076.0,Available
8077,Silent River,Documentary,Comedy,,2019-06-05,224,4.7,503077.0,Removed
8078,Rising Sky,Sports,Horror,Telugu,2019-06-06,225,4.8,503078.0,Upcoming
8079,Broken Ocean,Movie,Sci-Fi,Hindi,2019-06-07,226,4.9,503079.0,available
8080,Lost Horizon,Movie,Action,English,2019-06-08,227,1.0,503080.0,Available
8081,Hidden Legacy,Series,Drama,Tamil,2019-06-09,228,1.1,503081.0,Removed
8082,Sacred Empire,Documentary,Comedy,Kannada,2019-06-10,229,1.2,503082.0,Upcoming
8083,Wild Dawn,Sports,Thriller,Malayalam,2019-06-11,230,1.3,503083.0,available
8084,Iron Night,Movie,Romance,Telugu,2019-06-12,231,1.4,503084.0,Available
8085,Shadow Warriors,Movie,action,Hindi,2019-06-13,232,1.5,503085.0,Removed
8086,Burning Destiny,Series,DRAMA,English,2019-06-14,233,1.6,503086.0,Upcoming
8087,Last Journey,Documentary,Comedy,Tamil,2019-06-15,234,1.7,503087.0,available
8088,First Path,Sports,Horror,Kannada,2019-06-16,235,1.8,503088.0,Available
8089,Final Truth,Movie,Sci-Fi,Malayalam,2019-06-17,236,1.9,503089.0,Removed
8090,Blue Promise,Movie,Action,Telugu,2019-06-18,237,2.0,503090.0,Upcoming
8091,Red Secrets,Series,Drama,Hindi,2019-06-19,238,2.1,503091.0,available
8092,Black Chronicles,Documentary,Comedy,English,2019-06-20,239,2.2,503092.0,Available
8093,White Tales,Sports,Thriller,Tamil,2019-06-21,240,2.3,503093.0,Removed
8094,Crimson Dreams,Movie,Romance,,2019-06-22,20,2.4,503094.0,Upcoming
8095,Storm Valley,Movie,action,Malayalam,2019-06-23,21,2.5,503095.0,available
8096,Fire Mountain,Series,DRAMA,Telugu,2019-06-24,22,2.6,503096.0,Available
8097,Ice River,Documentary,Comedy,Hindi,2019-06-25,23,2.7,503097.0,Removed
8098,Steel Sky,Sports,Horror,English,2019-06-26,24,2.8,503098.0,Upcoming
8099,Thunder Ocean,Movie,Sci-Fi,Tamil,2019-06-27,25,2.9,503099.0,available
8100,Dark Horizon,Movie,Action,Kannada,2019-06-28,26,3.0,503100.0,Available
8101,Golden Legacy,Series,Drama,Malayalam,2019-06-29,27,3.1,503101.0,Removed
8102,Silent Empire,Documentary,Comedy,Telugu,2019-06-30,28,3.2,503102.0,Upcoming
8103,Rising Dawn,Sports,Thriller,Hindi,2019-07-01,29,3.3,503103.0,available
8104,Broken Night,Movie,Romance,English,2019-07-02,30,3.4,503104.0,Available
8105,Lost Warriors,Movie,action,Tamil,2019-07-03,31,3.5,503105.0,Removed
8106,Hidden Destiny,Series,DRAMA,Kannada,2019-07-04,32,3.6,503106.0,Upcoming
8107,Sacred Journey,Documentary,Comedy,Malayalam,2019-07-05,33,3.7,503107.0,available
8108,Wild Path,Sports,Horror,Telugu,2019-07-06,34,3.8,503108.0,Available
8109,Iron Truth,Movie,Sci-Fi,Hindi,2019-07-07,35,3.9,503109.0,Removed
8110,Shadow Promise,Movie,Action,English,2019-07-08,36,4.0,503110.0,Upcoming
8111,Burning Secrets,Series,Drama,,2019-07-09,37,4.1,503111.0,available
8112,Last Chronicles,Documentary,Comedy,Kannada,2019-07-10,38,4.2,503112.0,Available
8113,First Tales,Sports,Thriller,Malayalam,2019-07-11,39,4.3,503113.0,Removed
8114,Final Dreams,Movie,Romance,Telugu,2019-07-12,40,4.4,503114.0,Upcoming
8115,Blue Valley,Movie,action,Hindi,2019-07-13,41,4.5,503115.0,available
8116,Red Mountain,Series,DRAMA,English,2019-07-14,42,4.6,503116.0,Available
8117,Black River,Documentary,Comedy,Tamil,2019-07-15,43,4.7,503117.0,Removed
8118,White Sky,Sports,Horror,Kannada,2019-07-16,44,4.8,503118.0,Upcoming
8119,Crimson Ocean,Movie,Sci-Fi,Malayalam,2019-07-17,45,4.9,503119.0,available
8120,Storm Horizon,Movie,Action,Telugu,2019-07-18,46,1.0,503120.0,Available
8121,Fire Legacy,Series,Drama,Hindi,2019-07-19,47,1.1,503121.0,Removed
8122,Ice Empire,Documentary,Comedy,English,2019-07-20,48,1.2,503122.0,Upcoming
8123,Steel Dawn,Sports,Thriller,Tamil,2019-07-21,49,1.3,503123.0,available
8124,Thunder Night,Movie,Romance,Kannada,2019-07-22,50,1.4,503124.0,Available
8125,Dark Warriors,Movie,action,Malayalam,2019-07-23,51,1.5,503125.0,Removed
8126,Golden Destiny,Series,DRAMA,Telugu,2019-07-24,52,1.6,503126.0,Upcoming
8127,Silent Journey,Documentary,Comedy,Hindi,2019-07-25,53,1.7,503127.0,available
8128,Rising Path,Sports,Horror,,2019-07-26,54,1.8,503128.0,Available
8129,Broken Truth,Movie,Sci-Fi,Tamil,2019-07-27,55,1.9,503129.0,Removed
8130,Lost Promise,Movie,Action,Kannada,2019-07-28,56,2.0,503130.0,Upcoming
8131,Hidden Secrets,Series,Drama,Malayalam,2019-07-29,57,2.1,503131.0,available
8132,Sacred Chronicles,Documentary,Comedy,Telugu,2019-07-30,58,2.2,503132.0,Available
8133,Wild Tales,Sports,Thriller,Hindi,2019-07-31,59,2.3,503133.0,Removed
8134,Iron Dreams,Movie,Romance,English,2019-08-01,60,2.4,503134.0,Upcoming
8135,Shadow Valley,Movie,action,Tamil,2019-08-02,61,2.5,503135.0,available
8136,Burning Mountain,Series,DRAMA,Kannada,2019-08-03,62,2.6,503136.0,Available
8137,Last River,Documentary,Comedy,Malayalam,2019-08-04,63,2.7,503137.0,Removed
8138,First Sky,Sports,Horror,Telugu,2019-08-05,64,2.8,503138.0,Upcoming
8139,Final Ocean,Movie,Sci-Fi,Hindi,2019-08-06,65,2.9,503139.0,available
8140,Blue Horizon,Movie,Action,English,2019-08-07,66,3.0,503140.0,Available
8141,Red Legacy,Series,Drama,Tamil,2019-08-08,67,3.1,503141.0,Removed
8142,Black Empire,Documentary,Comedy,Kannada,2019-08-09,68,3.2,503142.0,Upcoming
8143,White Dawn,Sports,Thriller,Malayalam,2019-08-10,69,3.3,503143.0,available
8144,Crimson Night,Movie,Romance,Telugu,2019-08-11,70,3.4,503144.0,Available
8145,Storm Warriors,Movie,action,,2019-08-12,71,3.5,503145.0,Removed
8146,Fire Destiny,Series,DRAMA,English,2019-08-13,72,3.6,503146.0,Upcoming
8147,Ice Journey,Documentary,Comedy,Tamil,2019-08-14,73,3.7,503147.0,available
8148,Steel Path,Sports,Horror,Kannada,2019-08-15,74,3.8,503148.0,Available
8149,Thunder Truth,Movie,Sci-Fi,Malayalam,2019-08-16,75,3.9,503149.0,Removed
8150,Dark Promise,Movie,Action,Telugu,2019-08-17,76,4.0,503150.0,Upcoming
8151,Golden Secrets,Series,Drama,Hindi,2019-08-18,77,4.1,503151.0,available
8152,Silent Chronicles,Documentary,Comedy,English,2019-08-19,78,4.2,503152.0,Available
8153,Rising Tales,Sports,Thriller,Tamil,2019-08-20,79,4.3,503153.0,Removed
8154,Broken Dreams,Movie,Romance,Kannada,2019-08-21,80,4.4,503154.0,Upcoming
8155,Lost Valley,Movie,action,Malayalam,2019-08-22,81,4.5,503155.0,available
8156,Hidden Mountain,Series,DRAMA,Telugu,2019-08-23,82,4.6,503156.0,Available
8157,Sacred River,Documentary,Comedy,Hindi,2019-08-24,83,4.7,503157.0,Removed
8158,Wild Sky,Sports,Horror,English,2019-08-25,84,4.8,503158.0,Upcoming
8159,Iron Ocean,Movie,Sci-Fi,Tamil,2019-08-26,85,4.9,503159.0,available
8160,Shadow Horizon,Movie,Action,Kannada,2019-08-27,86,1.0,503160.0,Available
8161,Burning Legacy,Series,Drama,Malayalam,2019-08-28,87,1.1,503161.0,Removed
8162,Last Empire,Documentary,Comedy,,2019-08-29,88,1.2,503162.0,Upcoming
8163,First Dawn,Sports,Thriller,Hindi,2019-08-30,89,1.3,503163.0,available
8164,Final Night,Movie,Romance,English,2019-08-31,90,1.4,503164.0,Available
8165,Blue Warriors,Movie,action,Tamil,2019-09-01,91,1.5,503165.0,Removed
8166,Red Destiny,Series,DRAMA,Kannada,2019-09-02,92,1.6,503166.0,Upcoming
8167,Black Journey,Documentary,Comedy,Malayalam,2019-09-03,93,1.7,503167.0,available
8168,White Path,Sports,Horror,Telugu,2019-09-04,94,1.8,503168.0,Available
8169,Crimson Truth,Movie,Sci-Fi,Hindi,2019-09-05,95,1.9,503169.0,Removed
8170,Storm Promise,Movie,Action,English,2019-09-06,96,2.0,503170.0,Upcoming
8171,Fire Secrets,Series,Drama,Tamil,2019-09-07,97,2.1,503171.0,available
8172,Ice Chronicles,Documentary,Comedy,Kannada,2019-09-08,98,2.2,503172.0,Available
8173,Steel Tales,Sports,Thriller,Malayalam,2019-09-09,99,2.3,503173.0,Removed
8174,Thunder Dreams,Movie,Romance,Telugu,2019-09-10,100,2.4,503174.0,Upcoming
8175,Dark Valley,Movie,action,Hindi,2019-09-11,101,2.5,503175.0,available
8176,Golden Mountain,Series,DRAMA,English,2019-09-12,102,2.6,503176.0,Available
8177,Silent River,Documentary,Comedy,Tamil,2019-09-13,103,2.7,503177.0,Removed
8178,Rising Sky,Sports,Horror,Kannada,2019-09-14,104,2.8,503178.0,Upcoming
8179,Broken Ocean,Movie,Sci-Fi,,2019-09-15,105,2.9,503179.0,available
8180,Lost Horizon,Movie,Action,Telugu,2019-09-16,106,3.0,503180.0,Available
8181,Hidden Legacy,Series,Drama,Hindi,2019-09-17,107,3.1,503181.0,Removed
8182,Sacred Empire,Documentary,Comedy,English,2019-09-18,108,3.2,503182.0,Upcoming
8183,Wild Dawn,Sports,Thriller,Tamil,2019-09-19,109,3.3,503183.0,available
8184,Iron Night,Movie,Romance,Kannada,2019-09-20,110,3.4,503184.0,Available
8185,Shadow Warriors,Movie,action,Malayalam,2019-09-21,111,3.5,503185.0,Removed
8186,Burning Destiny,Series,DRAMA,Telugu,2019-09-22,112,3.6,503186.0,Upcoming
8187,Last Journey,Documentary,Comedy,Hindi,2019-09-23,113,3.7,503187.0,available
8188,First Path,Sports,Horror,English,2019-09-24,114,3.8,503188.0,Available
8189,Final Truth,Movie,Sci-Fi,Tamil,2019-09-25,115,3.9,503189.0,Removed
8190,Blue Promise,Movie,Action,Kannada,2019-09-26,116,4.0,503190.0,Upcoming
8191,Red Secrets,Series,Drama,Malayalam,2019-09-27,117,4.1,503191.0,available
8192,Black Chronicles,Documentary,Comedy,Telugu,2019-09-28,118,4.2,503192.0,Available
8193,White Tales,Sports,Thriller,Hindi,2019-09-29,119,4.3,503193.0,Removed
8194,Crimson Dreams,Movie,Romance,English,2019-09-30,120,4.4,503194.0,Upcoming
8195,Storm Valley,Movie,action,Tamil,2019-10-01,121,4.5,503195.0,available
8196,Fire Mountain,Series,DRAMA,,2019-10-02,122,4.6,503196.0,Available
8197,Ice River,Documentary,Comedy,Malayalam,2019-10-03,123,4.7,503197.0,Removed
8198,Steel Sky,Sports,Horror,Telugu,2019-10-04,124,4.8,503198.0,Upcoming
8199,Thunder Ocean,Movie,Sci-Fi,Hindi,2019-10-05,125,4.9,503199.0,available
8200,Dark Horizon,Movie,Action,English,2019-10-06,126,1.0,503200.0,Available
8201,Golden Legacy,Series,Drama,Tamil,2019-10-07,127,1.1,503201.0,Removed
8202,Silent Empire,Documentary,Comedy,Kannada,2019-10-08,128,1.2,503202.0,Upcoming
8203,Rising Dawn,Sports,Thriller,Malayalam,2019-10-09,129,1.3,503203.0,available
8204,Broken Night,Movie,Romance,Telugu,2019-10-10,130,1.4,503204.0,Available
8205,Lost Warriors,Movie,action,Hindi,2019-10-11,131,1.5,503205.0,Removed
8206,Hidden Destiny,Series,DRAMA,English,2019-10-12,132,1.6,503206.0,Upcoming
8207,Sacred Journey,Documentary,Comedy,Tamil,2019-10-13,133,1.7,503207.0,available
8208,Wild Path,Sports,Horror,Kannada,2019-10-14,134,1.8,503208.0,Available
8209,Iron Truth,Movie,Sci-Fi,Malayalam,2019-10-15,135,1.9,503209.0,Removed
8210,Shadow Promise,Movie,Action,Telugu,2019-10-16,136,2.0,503210.0,Upcoming
8211,Burning Secrets,Series,Drama,Hindi,2019-10-17,137,2.1,503211.0,available
8212,Last Chronicles,Documentary,Comedy,English,2019-10-18,138,2.2,503212.0,Available
8213,First Tales,Sports,Thriller,,2019-10-19,139,2.3,503213.0,Removed
8214,Final Dreams,Movie,Romance,Kannada,2019-10-20,140,2.4,503214.0,Upcoming
8215,Blue Valley,Movie,action,Malayalam,2019-10-21,141,2.5,503215.0,available
8216,Red Mountain,Series,DRAMA,Telugu,2019-10-22,142,2.6,503216.0,Available
8217,Black River,Documentary,Comedy,Hindi,2019-10-23,143,2.7,503217.0,Removed
8218,White Sky,Sports,Horror,English,2019-10-24,144,2.8,503218.0,Upcoming
8219,Crimson Ocean,Movie,Sci-Fi,Tamil,2019-10-25,145,2.9,503219.0,available
8220,Storm Horizon,Movie,Action,Kannada,2019-10-26,146,3.0,503220.0,Available
8221,Fire Legacy,Series,Drama,Malayalam,2019-10-27,147,3.1,503221.0,Removed
8222,Ice Empire,Documentary,Comedy,Telugu,2019-10-28,148,3.2,503222.0,Upcoming
8223,Steel Dawn,Sports,Thriller,Hindi,2019-10-29,149,3.3,503223.0,available
8224,Thunder Night,Movie,Romance,English,2019-10-30,150,3.4,503224.0,Available
8225,Dark Warriors,Movie,action,Tamil,2019-10-31,151,3.5,503225.0,Removed
8226,Golden Destiny,Series,DRAMA,Kannada,2019-11-01,152,3.6,503226.0,Upcoming
8227,Silent Journey,Documentary,Comedy,Malayalam,2019-11-02,153,3.7,503227.0,available
8228,Rising Path,Sports,Horror,Telugu,2019-11-03,154,3.8,503228.0,Available
8229,Broken Truth,Movie,Sci-Fi,Hindi,2019-11-04,155,3.9,503229.0,Removed
8230,Lost Promise,Movie,Action,,2019-11-05,156,4.0,503230.0,Upcoming
8231,Hidden Secrets,Series,Drama,Tamil,2019-11-06,157,4.1,503231.0,available
8232,Sacred Chronicles,Documentary,Comedy,Kannada,2019-11-07,158,4.2,503232.0,Available
8233,Wild Tales,Sports,Thriller,Malayalam,2019-11-08,159,4.3,503233.0,Removed
8234,Iron Dreams,Movie,Romance,Telugu,2019-11-09,160,4.4,503234.0,Upcoming
8235,Shadow Valley,Movie,action,Hindi,2019-11-10,161,4.5,503235.0,available
8236,Burning Mountain,Series,DRAMA,English,2019-11-11,162,4.6,503236.0,Available
8237,Last River,Documentary,Comedy,Tamil,2019-11-12,163,4.7,503237.0,Removed
8238,First Sky,Sports,Horror,Kannada,2019-11-13,164,4.8,503238.0,Upcoming
8239,Final Ocean,Movie,Sci-Fi,Malayalam,2019-11-14,165,4.9,503239.0,available
8240,Blue Horizon,Movie,Action,Telugu,2019-11-15,166,1.0,503240.0,Available
8241,Red Legacy,Series,Drama,Hindi,2019-11-16,167,1.1,503241.0,Removed
8242,Black Empire,Documentary,Comedy,English,2019-11-17,168,1.2,503242.0,Upcoming
8243,White Dawn,Sports,Thriller,Tamil,2019-11-18,169,1.3,503243.0,available
8244,Crimson Night,Movie,Romance,Kannada,2019-11-19,170,1.4,503244.0,Available
8245,Storm Warriors,Movie,action,Malayalam,2019-11-20,171,1.5,503245.0,Removed
8246,Fire Destiny,Series,DRAMA,Telugu,2019-11-21,172,1.6,503246.0,Upcoming
8247,Ice Journey,Documentary,Comedy,,2019-11-22,173,1.7,503247.0,available
8248,Steel Path,Sports,Horror,English,2019-11-23,174,1.8,503248.0,Available
8249,Thunder Truth,Movie,Sci-Fi,Tamil,2019-11-24,175,1.9,503249.0,Removed
8250,Dark Promise,Movie,Action,Kannada,2019-11-25,176,2.0,503250.0,Upcoming
8251,Golden Secrets,Series,Drama,Malayalam,2019-11-26,177,2.1,503251.0,available
8252,Silent Chronicles,Documentary,Comedy,Telugu,2019-11-27,178,2.2,503252.0,Available
8253,Rising Tales,Sports,Thriller,Hindi,2019-11-28,179,2.3,503253.0,Removed
8254,Broken Dreams,Movie,Romance,English,2019-11-29,180,2.4,503254.0,Upcoming
8255,Lost Valley,Movie,action,Tamil,2019-11-30,181,2.5,503255.0,available
8256,Hidden Mountain,Series,DRAMA,Kannada,2019-12-01,182,2.6,503256.0,Available
8257,Sacred River,Documentary,Comedy,Malayalam,2019-12-02,183,2.7,503257.0,Removed
8258,Wild Sky,Sports,Horror,Telugu,2019-12-03,184,2.8,503258.0,Upcoming
8259,Iron Ocean,Movie,Sci-Fi,Hindi,2019-12-04,185,2.9,503259.0,available
8260,Shadow Horizon,Movie,Action,English,2019-12-05,186,3.0,503260.0,Available
8261,Burning Legacy,Series,Drama,Tamil,2019-12-06,187,3.1,503261.0,Removed
8262,Last Empire,Documentary,Comedy,Kannada,2019-12-07,188,3.2,503262.0,Upcoming
8263,First Dawn,Sports,Thriller,Malayalam,2019-12-08,189,3.3,503263.0,available
8264,Final Night,Movie,Romance,,2019-12-09,190,3.4,503264.0,Available
8265,Blue Warriors,Movie,action,Hindi,2019-12-10,191,3.5,503265.0,Removed
8266,Red Destiny,Series,DRAMA,English,2019-12-11,192,3.6,503266.0,Upcoming
8267,Black Journey,Documentary,Comedy,Tamil,2019-12-12,193,3.7,503267.0,available
8268,White Path,Sports,Horror,Kannada,2019-12-13,194,3.8,503268.0,Available
8269,Crimson Truth,Movie,Sci-Fi,Malayalam,2019-12-14,195,3.9,503269.0,Removed
8270,Storm Promise,Movie,Action,Telugu,2019-12-15,196,4.0,503270.0,Upcoming
8271,Fire Secrets,Series,Drama,Hindi,2019-12-16,197,4.1,503271.0,available
8272,Ice Chronicles,Documentary,Comedy,English,2019-12-17,198,4.2,503272.0,Available
8273,Steel Tales,Sports,Thriller,Tamil,2019-12-18,199,4.3,503273.0,Removed
8274,Thunder Dreams,Movie,Romance,Kannada,2019-12-19,200,4.4,503274.0,Upcoming
8275,Dark Valley,Movie,action,Malayalam,2019-12-20,201,4.5,503275.0,available
8276,Golden Mountain,Series,DRAMA,Telugu,2019-12-21,202,4.6,503276.0,Available
8277,Silent River,Documentary,Comedy,Hindi,2019-12-22,203,4.7,503277.0,Removed
8278,Rising Sky,Sports,Horror,English,2019-12-23,204,4.8,503278.0,Upcoming
8279,Broken Ocean,Movie,Sci-Fi,Tamil,2019-12-24,205,4.9,503279.0,available
8280,Lost Horizon,Movie,Action,Kannada,2019-12-25,206,1.0,503280.0,Available
8281,Hidden Legacy,Series,Drama,,2019-12-26,207,1.1,503281.0,Removed
8282,Sacred Empire,Documentary,Comedy,Telugu,2019-12-27,208,1.2,503282.0,Upcoming
8283,Wild Dawn,Sports,Thriller,Hindi,2019-12-28,209,1.3,503283.0,available
8284,Iron Night,Movie,Romance,English,2019-12-29,210,1.4,503284.0,Available
8285,Shadow Warriors,Movie,action,Tamil,2019-12-30,211,1.5,503285.0,Removed
8286,Burning Destiny,Series,DRAMA,Kannada,2019-12-31,212,1.6,503286.0,Upcoming
8287,Last Journey,Documentary,Comedy,Malayalam,2020-01-01,213,1.7,503287.0,available
8288,First Path,Sports,Horror,Telugu,2020-01-02,214,1.8,503288.0,Available
8289,Final Truth,Movie,Sci-Fi,Hindi,2020-01-03,215,1.9,503289.0,Removed
8290,Blue Promise,Movie,Action,English,2020-01-04,216,2.0,503290.0,Upcoming
8291,Red Secrets,Series,Drama,Tamil,2020-01-05,217,2.1,503291.0,available
8292,Black Chronicles,Documentary,Comedy,Kannada,2020-01-06,218,2.2,503292.0,Available
8293,White Tales,Sports,Thriller,Malayalam,2020-01-07,219,2.3,503293.0,Removed
8294,Crimson Dreams,Movie,Romance,Telugu,2020-01-08,220,2.4,503294.0,Upcoming
8295,Storm Valley,Movie,action,Hindi,2020-01-09,221,2.5,503295.0,available
8296,Fire Mountain,Series,DRAMA,English,2020-01-10,222,2.6,503296.0,Available
8297,Ice River,Documentary,Comedy,Tamil,2020-01-11,223,2.7,503297.0,Removed
8298,Steel Sky,Sports,Horror,,2020-01-12,224,2.8,503298.0,Upcoming
8299,Thunder Ocean,Movie,Sci-Fi,Malayalam,2020-01-13,225,2.9,503299.0,available
8300,Dark Horizon,Movie,Action,Telugu,2020-01-14,226,3.0,503300.0,Available
8301,Golden Legacy,Series,Drama,Hindi,2020-01-15,227,3.1,503301.0,Removed
8302,Silent Empire,Documentary,Comedy,English,2020-01-16,228,3.2,503302.0,Upcoming
8303,Rising Dawn,Sports,Thriller,Tamil,2020-01-17,229,3.3,503303.0,available
8304,Broken Night,Movie,Romance,Kannada,2020-01-18,230,3.4,503304.0,Available
8305,Lost Warriors,Movie,action,Malayalam,2020-01-19,231,3.5,503305.0,Removed
8306,Hidden Destiny,Series,DRAMA,Telugu,2020-01-20,232,3.6,503306.0,Upcoming
8307,Sacred Journey,Documentary,Comedy,Hindi,2020-01-21,233,3.7,503307.0,available
8308,Wild Path,Sports,Horror,English,2020-01-22,234,3.8,503308.0,Available
8309,Iron Truth,Movie,Sci-Fi,Tamil,2020-01-23,235,3.9,503309.0,Removed
8310,Shadow Promise,Movie,Action,Kannada,2020-01-24,236,4.0,503310.0,Upcoming
8311,Burning Secrets,Series,Drama,Malayalam,2020-01-25,237,4.1,503311.0,available
8312,Last Chronicles,Documentary,Comedy,Telugu,2020-01-26,238,4.2,503312.0,Available
8313,First Tales,Sports,Thriller,Hindi,2020-01-27,239,4.3,503313.0,Removed
8314,Final Dreams,Movie,Romance,English,2020-01-28,240,4.4,503314.0,Upcoming
8315,Blue Valley,Movie,action,,2020-01-29,20,4.5,503315.0,available
8316,Red Mountain,Series,DRAMA,Kannada,2020-01-30,21,4.6,503316.0,Available
8317,Black River,Documentary,Comedy,Malayalam,2020-01-31,22,4.7,503317.0,Removed
8318,White Sky,Sports,Horror,Telugu,2020-02-01,23,4.8,503318.0,Upcoming
8319,Crimson Ocean,Movie,Sci-Fi,Hindi,2020-02-02,24,4.9,503319.0,available
8320,Storm Horizon,Movie,Action,English,2020-02-03,25,1.0,503320.0,Available
8321,Fire Legacy,Series,Drama,Tamil,2020-02-04,26,1.1,503321.0,Removed
8322,Ice Empire,Documentary,Comedy,Kannada,2020-02-05,27,1.2,503322.0,Upcoming
8323,Steel Dawn,Sports,Thriller,Malayalam,2020-02-06,28,1.3,503323.0,available
8324,Thunder Night,Movie,Romance,Telugu,2020-02-07,29,1.4,503324.0,Available
8325,Dark Warriors,Movie,action,Hindi,2020-02-08,30,1.5,503325.0,Removed
8326,Golden Destiny,Series,DRAMA,English,2020-02-09,31,1.6,503326.0,Upcoming
8327,Silent Journey,Documentary,Comedy,Tamil,2020-02-10,32,1.7,503327.0,available
8328,Rising Path,Sports,Horror,Kannada,2020-02-11,33,1.8,503328.0,Available
8329,Broken Truth,Movie,Sci-Fi,Malayalam,2020-02-12,34,1.9,503329.0,Removed
8330,Lost Promise,Movie,Action,Telugu,2020-02-13,35,2.0,503330.0,Upcoming
8331,Hidden Secrets,Series,Drama,Hindi,2020-02-14,36,2.1,503331.0,available
8332,Sacred Chronicles,Documentary,Comedy,,2020-02-15,37,2.2,503332.0,Available
8333,Wild Tales,Sports,Thriller,Tamil,2020-02-16,38,2.3,503333.0,Removed
8334,Iron Dreams,Movie,Romance,Kannada,2020-02-17,39,2.4,503334.0,Upcoming
8335,Shadow Valley,Movie,action,Malayalam,2020-02-18,40,2.5,503335.0,available
8336,Burning Mountain,Series,DRAMA,Telugu,2020-02-19,41,2.6,503336.0,Available
8337,Last River,Documentary,Comedy,Hindi,2020-02-20,42,2.7,503337.0,Removed
8338,First Sky,Sports,Horror,English,2020-02-21,43,2.8,503338.0,Upcoming
8339,Final Ocean,Movie,Sci-Fi,Tamil,2020-02-22,44,2.9,503339.0,available
8340,Blue Horizon,Movie,Action,Kannada,2020-02-23,45,3.0,503340.0,Available
8341,Red Legacy,Series,Drama,Malayalam,2020-02-24,46,3.1,503341.0,Removed
8342,Black Empire,Documentary,Comedy,Telugu,2020-02-25,47,3.2,503342.0,Upcoming
8343,White Dawn,Sports,Thriller,Hindi,2020-02-26,48,3.3,503343.0,available
8344,Crimson Night,Movie,Romance,English,2020-02-27,49,3.4,503344.0,Available
8345,Storm Warriors,Movie,action,Tamil,2020-02-28,50,3.5,503345.0,Removed
8346,Fire Destiny,Series,DRAMA,Kannada,2020-02-29,51,3.6,503346.0,Upcoming
8347,Ice Journey,Documentary,Comedy,Malayalam,2020-03-01,52,3.7,503347.0,available
8348,Steel Path,Sports,Horror,Telugu,2020-03-02,53,3.8,503348.0,Available
8349,Thunder Truth,Movie,Sci-Fi,,2020-03-03,54,3.9,503349.0,Removed
8350,Dark Promise,Movie,Action,English,2020-03-04,55,4.0,503350.0,Upcoming
8351,Golden Secrets,Series,Drama,Tamil,2020-03-05,56,4.1,503351.0,available
8352,Silent Chronicles,Documentary,Comedy,Kannada,2020-03-06,57,4.2,503352.0,Available
8353,Rising Tales,Sports,Thriller,Malayalam,2020-03-07,58,4.3,503353.0,Removed
8354,Broken Dreams,Movie,Romance,Telugu,2020-03-08,59,4.4,503354.0,Upcoming
8355,Lost Valley,Movie,action,Hindi,2020-03-09,60,4.5,503355.0,available
8356,Hidden Mountain,Series,DRAMA,English,2020-03-10,61,4.6,503356.0,Available
8357,Sacred River,Documentary,Comedy,Tamil,2020-03-11,62,4.7,503357.0,Removed
8358,Wild Sky,Sports,Horror,Kannada,2020-03-12,63,4.8,503358.0,Upcoming
8359,Iron Ocean,Movie,Sci-Fi,Malayalam,2020-03-13,64,4.9,503359.0,available
8360,Shadow Horizon,Movie,Action,Telugu,2020-03-14,65,1.0,503360.0,Available
8361,Burning Legacy,Series,Drama,Hindi,2020-03-15,66,1.1,503361.0,Removed
8362,Last Empire,Documentary,Comedy,English,2020-03-16,67,1.2,503362.0,Upcoming
8363,First Dawn,Sports,Thriller,Tamil,2020-03-17,68,1.3,503363.0,available
8364,Final Night,Movie,Romance,Kannada,2020-03-18,69,1.4,503364.0,Available
8365,Blue Warriors,Movie,action,Malayalam,2020-03-19,70,1.5,503365.0,Removed
8366,Red Destiny,Series,DRAMA,,2020-03-20,71,1.6,503366.0,Upcoming
8367,Black Journey,Documentary,Comedy,Hindi,2020-03-21,72,1.7,503367.0,available
8368,White Path,Sports,Horror,English,2020-03-22,73,1.8,503368.0,Available
8369,Crimson Truth,Movie,Sci-Fi,Tamil,2020-03-23,74,1.9,503369.0,Removed
8370,Storm Promise,Movie,Action,Kannada,2020-03-24,75,2.0,503370.0,Upcoming
8371,Fire Secrets,Series,Drama,Malayalam,2020-03-25,76,2.1,503371.0,available
8372,Ice Chronicles,Documentary,Comedy,Telugu,2020-03-26,77,2.2,503372.0,Available
8373,Steel Tales,Sports,Thriller,Hindi,2020-03-27,78,2.3,503373.0,Removed
8374,Thunder Dreams,Movie,Romance,English,2020-03-28,79,2.4,503374.0,Upcoming
8375,Dark Valley,Movie,action,Tamil,2020-03-29,80,2.5,503375.0,available
8376,Golden Mountain,Series,DRAMA,Kannada,2020-03-30,81,2.6,503376.0,Available
8377,Silent River,Documentary,Comedy,Malayalam,2020-03-31,82,2.7,503377.0,Removed
8378,Rising Sky,Sports,Horror,Telugu,2020-04-01,83,2.8,503378.0,Upcoming
8379,Broken Ocean,Movie,Sci-Fi,Hindi,2020-04-02,84,2.9,503379.0,available
8380,Lost Horizon,Movie,Action,English,2020-04-03,85,3.0,503380.0,Available
8381,Hidden Legacy,Series,Drama,Tamil,2020-04-04,86,3.1,503381.0,Removed
8382,Sacred Empire,Documentary,Comedy,Kannada,2020-04-05,87,3.2,503382.0,Upcoming
8383,Wild Dawn,Sports,Thriller,,2020-04-06,88,3.3,503383.0,available
8384,Iron Night,Movie,Romance,Telugu,2020-04-07,89,3.4,503384.0,Available
8385,Shadow Warriors,Movie,action,Hindi,2020-04-08,90,3.5,503385.0,Removed
8386,Burning Destiny,Series,DRAMA,English,2020-04-09,91,3.6,503386.0,Upcoming
8387,Last Journey,Documentary,Comedy,Tamil,2020-04-10,92,3.7,503387.0,available
8388,First Path,Sports,Horror,Kannada,2020-04-11,93,3.8,503388.0,Available
8389,Final Truth,Movie,Sci-Fi,Malayalam,2020-04-12,94,3.9,503389.0,Removed
8390,Blue Promise,Movie,Action,Telugu,2020-04-13,95,4.0,503390.0,Upcoming
8391,Red Secrets,Series,Drama,Hindi,2020-04-14,96,4.1,503391.0,available
8392,Black Chronicles,Documentary,Comedy,English,2020-04-15,97,4.2,503392.0,Available
8393,White Tales,Sports,Thriller,Tamil,2020-04-16,98,4.3,503393.0,Removed
8394,Crimson Dreams,Movie,Romance,Kannada,2020-04-17,99,4.4,503394.0,Upcoming
8395,Storm Valley,Movie,action,Malayalam,2020-04-18,100,4.5,503395.0,available
8396,Fire Mountain,Series,DRAMA,Telugu,2020-04-19,101,4.6,503396.0,Available
8397,Ice River,Documentary,Comedy,Hindi,2020-04-20,102,4.7,503397.0,Removed
8398,Steel Sky,Sports,Horror,English,2020-04-21,103,4.8,503398.0,Upcoming
8399,Thunder Ocean,Movie,Sci-Fi,Tamil,2020-04-22,104,4.9,503399.0,available
8400,Dark Horizon,Movie,Action,,2020-04-23,105,1.0,503400.0,Available
8401,Golden Legacy,Series,Drama,Malayalam,2020-04-24,106,1.1,503401.0,Removed
8402,Silent Empire,Documentary,Comedy,Telugu,2020-04-25,107,1.2,503402.0,Upcoming
8403,Rising Dawn,Sports,Thriller,Hindi,2020-04-26,108,1.3,503403.0,available
8404,Broken Night,Movie,Romance,English,2020-04-27,109,1.4,503404.0,Available
8405,Lost Warriors,Movie,action,Tamil,2020-04-28,110,1.5,503405.0,Removed
8406,Hidden Destiny,Series,DRAMA,Kannada,2020-04-29,111,1.6,503406.0,Upcoming
8407,Sacred Journey,Documentary,Comedy,Malayalam,2020-04-30,112,1.7,503407.0,available
8408,Wild Path,Sports,Horror,Telugu,2020-05-01,113,1.8,503408.0,Available
8409,Iron Truth,Movie,Sci-Fi,Hindi,2020-05-02,114,1.9,503409.0,Removed
8410,Shadow Promise,Movie,Action,English,2020-05-03,115,2.0,503410.0,Upcoming
8411,Burning Secrets,Series,Drama,Tamil,2020-05-04,116,2.1,503411.0,available
8412,Last Chronicles,Documentary,Comedy,Kannada,2020-05-05,117,2.2,503412.0,Available
8413,First Tales,Sports,Thriller,Malayalam,2020-05-06,118,2.3,503413.0,Removed
8414,Final Dreams,Movie,Romance,Telugu,2020-05-07,119,2.4,503414.0,Upcoming
8415,Blue Valley,Movie,action,Hindi,2020-05-08,120,2.5,503415.0,available
8416,Red Mountain,Series,DRAMA,English,2020-05-09,121,2.6,503416.0,Available
8417,Black River,Documentary,Comedy,,2020-05-10,122,2.7,503417.0,Removed
8418,White Sky,Sports,Horror,Kannada,2020-05-11,123,2.8,503418.0,Upcoming
8419,Crimson Ocean,Movie,Sci-Fi,Malayalam,2020-05-12,124,2.9,503419.0,available
8420,Storm Horizon,Movie,Action,Telugu,2020-05-13,125,3.0,503420.0,Available
8421,Fire Legacy,Series,Drama,Hindi,2020-05-14,126,3.1,503421.0,Removed
8422,Ice Empire,Documentary,Comedy,English,2020-05-15,127,3.2,503422.0,Upcoming
8423,Steel Dawn,Sports,Thriller,Tamil,2020-05-16,128,3.3,503423.0,available
8424,Thunder Night,Movie,Romance,Kannada,2020-05-17,129,3.4,503424.0,Available
8425,Dark Warriors,Movie,action,Malayalam,2020-05-18,130,3.5,503425.0,Removed
8426,Golden Destiny,Series,DRAMA,Telugu,2020-05-19,131,3.6,503426.0,Upcoming
8427,Silent Journey,Documentary,Comedy,Hindi,2020-05-20,132,3.7,503427.0,available
8428,Rising Path,Sports,Horror,English,2020-05-21,133,3.8,503428.0,Available
8429,Broken Truth,Movie,Sci-Fi,Tamil,2020-05-22,134,3.9,503429.0,Removed
8430,Lost Promise,Movie,Action,Kannada,2020-05-23,135,4.0,503430.0,Upcoming
8431,Hidden Secrets,Series,Drama,Malayalam,2020-05-24,136,4.1,503431.0,available
8432,Sacred Chronicles,Documentary,Comedy,Telugu,2020-05-25,137,4.2,503432.0,Available
8433,Wild Tales,Sports,Thriller,Hindi,2020-05-26,138,4.3,503433.0,Removed
8434,Iron Dreams,Movie,Romance,,2020-05-27,139,4.4,503434.0,Upcoming
8435,Shadow Valley,Movie,action,Tamil,2020-05-28,140,4.5,503435.0,available
8436,Burning Mountain,Series,DRAMA,Kannada,2020-05-29,141,4.6,503436.0,Available
8437,Last River,Documentary,Comedy,Malayalam,2020-05-30,142,4.7,503437.0,Removed
8438,First Sky,Sports,Horror,Telugu,2020-05-31,143,4.8,503438.0,Upcoming
8439,Final Ocean,Movie,Sci-Fi,Hindi,2020-06-01,144,4.9,503439.0,available
8440,Blue Horizon,Movie,Action,English,2020-06-02,145,1.0,503440.0,Available
8441,Red Legacy,Series,Drama,Tamil,2020-06-03,146,1.1,503441.0,Removed
8442,Black Empire,Documentary,Comedy,Kannada,2020-06-04,147,1.2,503442.0,Upcoming
8443,White Dawn,Sports,Thriller,Malayalam,2020-06-05,148,1.3,503443.0,available
8444,Crimson Night,Movie,Romance,Telugu,2020-06-06,149,1.4,503444.0,Available
8445,Storm Warriors,Movie,action,Hindi,2020-06-07,150,1.5,503445.0,Removed
8446,Fire Destiny,Series,DRAMA,English,2020-06-08,151,1.6,503446.0,Upcoming
8447,Ice Journey,Documentary,Comedy,Tamil,2020-06-09,152,1.7,503447.0,available
8448,Steel Path,Sports,Horror,Kannada,2020-06-10,153,1.8,503448.0,Available
8449,Thunder Truth,Movie,Sci-Fi,Malayalam,2020-06-11,154,1.9,503449.0,Removed
8450,Dark Promise,Movie,Action,Telugu,2020-06-12,155,2.0,503450.0,Upcoming
8451,Golden Secrets,Series,Drama,,2020-06-13,156,2.1,503451.0,available
8452,Silent Chronicles,Documentary,Comedy,English,2020-06-14,157,2.2,503452.0,Available
8453,Rising Tales,Sports,Thriller,Tamil,2020-06-15,158,2.3,503453.0,Removed
8454,Broken Dreams,Movie,Romance,Kannada,2020-06-16,159,2.4,503454.0,Upcoming
8455,Lost Valley,Movie,action,Malayalam,2020-06-17,160,2.5,503455.0,available
8456,Hidden Mountain,Series,DRAMA,Telugu,2020-06-18,161,2.6,503456.0,Available
8457,Sacred River,Documentary,Comedy,Hindi,2020-06-19,162,2.7,503457.0,Removed
8458,Wild Sky,Sports,Horror,English,2020-06-20,163,2.8,503458.0,Upcoming
8459,Iron Ocean,Movie,Sci-Fi,Tamil,2020-06-21,164,2.9,503459.0,available
8460,Shadow Horizon,Movie,Action,Kannada,2020-06-22,165,3.0,503460.0,Available
8461,Burning Legacy,Series,Drama,Malayalam,2020-06-23,166,3.1,503461.0,Removed
8462,Last Empire,Documentary,Comedy,Telugu,2020-06-24,167,3.2,503462.0,Upcoming
8463,First Dawn,Sports,Thriller,Hindi,2020-06-25,168,3.3,503463.0,available
8464,Final Night,Movie,Romance,English,2020-06-26,169,3.4,503464.0,Available
8465,Blue Warriors,Movie,action,Tamil,2020-06-27,170,3.5,503465.0,Removed
8466,Red Destiny,Series,DRAMA,Kannada,2020-06-28,171,3.6,503466.0,Upcoming
8467,Black Journey,Documentary,Comedy,Malayalam,2020-06-29,172,3.7,503467.0,available
8468,White Path,Sports,Horror,,2020-06-30,173,3.8,503468.0,Available
8469,Crimson Truth,Movie,Sci-Fi,Hindi,2020-07-01,174,3.9,503469.0,Removed
8470,Storm Promise,Movie,Action,English,2020-07-02,175,4.0,503470.0,Upcoming
8471,Fire Secrets,Series,Drama,Tamil,2020-07-03,176,4.1,503471.0,available
8472,Ice Chronicles,Documentary,Comedy,Kannada,2020-07-04,177,4.2,503472.0,Available
8473,Steel Tales,Sports,Thriller,Malayalam,2020-07-05,178,4.3,503473.0,Removed
8474,Thunder Dreams,Movie,Romance,Telugu,2020-07-06,179,4.4,503474.0,Upcoming
8475,Dark Valley,Movie,action,Hindi,2020-07-07,180,4.5,503475.0,available
8476,Golden Mountain,Series,DRAMA,English,2020-07-08,181,4.6,503476.0,Available
8477,Silent River,Documentary,Comedy,Tamil,2020-07-09,182,4.7,503477.0,Removed
8478,Rising Sky,Sports,Horror,Kannada,2020-07-10,183,4.8,503478.0,Upcoming
8479,Broken Ocean,Movie,Sci-Fi,Malayalam,2020-07-11,184,4.9,503479.0,available
8480,Lost Horizon,Movie,Action,Telugu,2020-07-12,185,1.0,503480.0,Available
8481,Hidden Legacy,Series,Drama,Hindi,2020-07-13,186,1.1,503481.0,Removed
8482,Sacred Empire,Documentary,Comedy,English,2020-07-14,187,1.2,503482.0,Upcoming
8483,Wild Dawn,Sports,Thriller,Tamil,2020-07-15,188,1.3,503483.0,available
8484,Iron Night,Movie,Romance,Kannada,2020-07-16,189,1.4,503484.0,Available
8485,Shadow Warriors,Movie,action,,2020-07-17,190,1.5,503485.0,Removed
8486,Burning Destiny,Series,DRAMA,Telugu,2020-07-18,191,1.6,503486.0,Upcoming
8487,Last Journey,Documentary,Comedy,Hindi,2020-07-19,192,1.7,503487.0,available
8488,First Path,Sports,Horror,English,2020-07-20,193,1.8,503488.0,Available
8489,Final Truth,Movie,Sci-Fi,Tamil,2020-07-21,194,1.9,503489.0,Removed
8490,Blue Promise,Movie,Action,Kannada,2020-07-22,195,2.0,503490.0,Upcoming
8491,Red Secrets,Series,Drama,Malayalam,2020-07-23,196,2.1,503491.0,available
8492,Black Chronicles,Documentary,Comedy,Telugu,2020-07-24,197,2.2,503492.0,Available
8493,White Tales,Sports,Thriller,Hindi,2020-07-25,198,2.3,503493.0,Removed
8494,Crimson Dreams,Movie,Romance,English,2020-07-26,199,2.4,503494.0,Upcoming
8495,Storm Valley,Movie,action,Tamil,2020-07-27,200,2.5,503495.0,available
8496,Fire Mountain,Series,DRAMA,Kannada,2020-07-28,201,2.6,503496.0,Available
8497,Ice River,Documentary,Comedy,Malayalam,2020-07-29,202,2.7,503497.0,Removed
8498,Steel Sky,Sports,Horror,Telugu,2020-07-30,203,2.8,503498.0,Upcoming
8499,Thunder Ocean,Movie,Sci-Fi,Hindi,2020-07-31,204,2.9,503499.0,available
8500,Dark Horizon,Movie,Action,English,2020-08-01,205,3.0,503500.0,Available
8501,Golden Legacy,Series,Drama,Tamil,2020-08-02,206,3.1,503501.0,Removed
8502,Silent Empire,Documentary,Comedy,,2020-08-03,207,3.2,503502.0,Upcoming
8503,Rising Dawn,Sports,Thriller,Malayalam,2020-08-04,208,3.3,503503.0,available
8504,Broken Night,Movie,Romance,Telugu,2020-08-05,209,3.4,503504.0,Available
8505,Lost Warriors,Movie,action,Hindi,2020-08-06,210,3.5,503505.0,Removed
8506,Hidden Destiny,Series,DRAMA,English,2020-08-07,211,3.6,503506.0,Upcoming
8507,Sacred Journey,Documentary,Comedy,Tamil,2020-08-08,212,3.7,503507.0,available
8508,Wild Path,Sports,Horror,Kannada,2020-08-09,213,3.8,503508.0,Available
8509,Iron Truth,Movie,Sci-Fi,Malayalam,2020-08-10,214,3.9,503509.0,Removed
8510,Shadow Promise,Movie,Action,Telugu,2020-08-11,215,4.0,503510.0,Upcoming
8511,Burning Secrets,Series,Drama,Hindi,2020-08-12,216,4.1,503511.0,available
8512,Last Chronicles,Documentary,Comedy,English,2020-08-13,217,4.2,503512.0,Available
8513,First Tales,Sports,Thriller,Tamil,2020-08-14,218,4.3,503513.0,Removed
8514,Final Dreams,Movie,Romance,Kannada,2020-08-15,219,4.4,503514.0,Upcoming
8515,Blue Valley,Movie,action,Malayalam,2020-08-16,220,4.5,503515.0,available
8516,Red Mountain,Series,DRAMA,Telugu,2020-08-17,221,4.6,503516.0,Available
8517,Black River,Documentary,Comedy,Hindi,2020-08-18,222,4.7,503517.0,Removed
8518,White Sky,Sports,Horror,English,2020-08-19,223,4.8,503518.0,Upcoming
8519,Crimson Ocean,Movie,Sci-Fi,,2020-08-20,224,4.9,503519.0,available
8520,Storm Horizon,Movie,Action,Kannada,2020-08-21,225,1.0,503520.0,Available
8521,Fire Legacy,Series,Drama,Malayalam,2020-08-22,226,1.1,503521.0,Removed
8522,Ice Empire,Documentary,Comedy,Telugu,2020-08-23,227,1.2,503522.0,Upcoming
8523,Steel Dawn,Sports,Thriller,Hindi,2020-08-24,228,1.3,503523.0,available
8524,Thunder Night,Movie,Romance,English,2020-08-25,229,1.4,503524.0,Available
8525,Dark Warriors,Movie,action,Tamil,2020-08-26,230,1.5,503525.0,Removed
8526,Golden Destiny,Series,DRAMA,Kannada,2020-08-27,231,1.6,503526.0,Upcoming
8527,Silent Journey,Documentary,Comedy,Malayalam,2020-08-28,232,1.7,503527.0,available
8528,Rising Path,Sports,Horror,Telugu,2020-08-29,233,1.8,503528.0,Available
8529,Broken Truth,Movie,Sci-Fi,Hindi,2020-08-30,234,1.9,503529.0,Removed
8530,Lost Promise,Movie,Action,English,2020-08-31,235,2.0,503530.0,Upcoming
8531,Hidden Secrets,Series,Drama,Tamil,2020-09-01,236,2.1,503531.0,available
8532,Sacred Chronicles,Documentary,Comedy,Kannada,2020-09-02,237,2.2,503532.0,Available
8533,Wild Tales,Sports,Thriller,Malayalam,2020-09-03,238,2.3,503533.0,Removed
8534,Iron Dreams,Movie,Romance,Telugu,2020-09-04,239,2.4,503534.0,Upcoming
8535,Shadow Valley,Movie,action,Hindi,2020-09-05,240,2.5,503535.0,available
8536,Burning Mountain,Series,DRAMA,,2020-09-06,20,2.6,503536.0,Available
8537,Last River,Documentary,Comedy,Tamil,2020-09-07,21,2.7,503537.0,Removed
8538,First Sky,Sports,Horror,Kannada,2020-09-08,22,2.8,503538.0,Upcoming
8539,Final Ocean,Movie,Sci-Fi,Malayalam,2020-09-09,23,2.9,503539.0,available
8540,Blue Horizon,Movie,Action,Telugu,2020-09-10,24,3.0,503540.0,Available
8541,Red Legacy,Series,Drama,Hindi,2020-09-11,25,3.1,503541.0,Removed
8542,Black Empire,Documentary,Comedy,English,2020-09-12,26,3.2,503542.0,Upcoming
8543,White Dawn,Sports,Thriller,Tamil,2020-09-13,27,3.3,503543.0,available
8544,Crimson Night,Movie,Romance,Kannada,2020-09-14,28,3.4,503544.0,Available
8545,Storm Warriors,Movie,action,Malayalam,2020-09-15,29,3.5,503545.0,Removed
8546,Fire Destiny,Series,DRAMA,Telugu,2020-09-16,30,3.6,503546.0,Upcoming
8547,Ice Journey,Documentary,Comedy,Hindi,2020-09-17,31,3.7,503547.0,available
8548,Steel Path,Sports,Horror,English,2020-09-18,32,3.8,503548.0,Available
8549,Thunder Truth,Movie,Sci-Fi,Tamil,2020-09-19,33,3.9,503549.0,Removed
8550,Dark Promise,Movie,Action,Kannada,2020-09-20,34,4.0,503550.0,Upcoming
8551,Golden Secrets,Series,Drama,Malayalam,2020-09-21,35,4.1,503551.0,available
8552,Silent Chronicles,Documentary,Comedy,Telugu,2020-09-22,36,4.2,503552.0,Available
8553,Rising Tales,Sports,Thriller,,2020-09-23,37,4.3,503553.0,Removed
8554,Broken Dreams,Movie,Romance,English,2020-09-24,38,4.4,503554.0,Upcoming
8555,Lost Valley,Movie,action,Tamil,2020-09-25,39,4.5,503555.0,available
8556,Hidden Mountain,Series,DRAMA,Kannada,2020-09-26,40,4.6,503556.0,Available
8557,Sacred River,Documentary,Comedy,Malayalam,2020-09-27,41,4.7,503557.0,Removed
8558,Wild Sky,Sports,Horror,Telugu,2020-09-28,42,4.8,503558.0,Upcoming
8559,Iron Ocean,Movie,Sci-Fi,Hindi,2020-09-29,43,4.9,503559.0,available
8560,Shadow Horizon,Movie,Action,English,2020-09-30,44,1.0,503560.0,Available
8561,Burning Legacy,Series,Drama,Tamil,2020-10-01,45,1.1,503561.0,Removed
8562,Last Empire,Documentary,Comedy,Kannada,2020-10-02,46,1.2,503562.0,Upcoming
8563,First Dawn,Sports,Thriller,Malayalam,2020-10-03,47,1.3,503563.0,available
8564,Final Night,Movie,Romance,Telugu,2020-10-04,48,1.4,503564.0,Available
8565,Blue Warriors,Movie,action,Hindi,2020-10-05,49,1.5,503565.0,Removed
8566,Red Destiny,Series,DRAMA,English,2020-10-06,50,1.6,503566.0,Upcoming
8567,Black Journey,Documentary,Comedy,Tamil,2020-10-07,51,1.7,503567.0,available
8568,White Path,Sports,Horror,Kannada,2020-10-08,52,1.8,503568.0,Available
8569,Crimson Truth,Movie,Sci-Fi,Malayalam,2020-10-09,53,1.9,503569.0,Removed
8570,Storm Promise,Movie,Action,,2020-10-10,54,2.0,503570.0,Upcoming
8571,Fire Secrets,Series,Drama,Hindi,2020-10-11,55,2.1,503571.0,available
8572,Ice Chronicles,Documentary,Comedy,English,2020-10-12,56,2.2,503572.0,Available
8573,Steel Tales,Sports,Thriller,Tamil,2020-10-13,57,2.3,503573.0,Removed
8574,Thunder Dreams,Movie,Romance,Kannada,2020-10-14,58,2.4,503574.0,Upcoming
8575,Dark Valley,Movie,action,Malayalam,2020-10-15,59,2.5,503575.0,available
8576,Golden Mountain,Series,DRAMA,Telugu,2020-10-16,60,2.6,503576.0,Available
8577,Silent River,Documentary,Comedy,Hindi,2020-10-17,61,2.7,503577.0,Removed
8578,Rising Sky,Sports,Horror,English,2020-10-18,62,2.8,503578.0,Upcoming
8579,Broken Ocean,Movie,Sci-Fi,Tamil,2020-10-19,63,2.9,503579.0,available
8580,Lost Horizon,Movie,Action,Kannada,2020-10-20,64,3.0,503580.0,Available
8581,Hidden Legacy,Series,Drama,Malayalam,2020-10-21,65,3.1,503581.0,Removed
8582,Sacred Empire,Documentary,Comedy,Telugu,2020-10-22,66,3.2,503582.0,Upcoming
8583,Wild Dawn,Sports,Thriller,Hindi,2020-10-23,67,3.3,503583.0,available
8584,Iron Night,Movie,Romance,English,2020-10-24,68,3.4,503584.0,Available
8585,Shadow Warriors,Movie,action,Tamil,2020-10-25,69,3.5,503585.0,Removed
8586,Burning Destiny,Series,DRAMA,Kannada,2020-10-26,70,3.6,503586.0,Upcoming
8587,Last Journey,Documentary,Comedy,,2020-10-27,71,3.7,503587.0,available
8588,First Path,Sports,Horror,Telugu,2020-10-28,72,3.8,503588.0,Available
8589,Final Truth,Movie,Sci-Fi,Hindi,2020-10-29,73,3.9,503589.0,Removed
8590,Blue Promise,Movie,Action,English,2020-10-30,74,4.0,503590.0,Upcoming
8591,Red Secrets,Series,Drama,Tamil,2020-10-31,75,4.1,503591.0,available
8592,Black Chronicles,Documentary,Comedy,Kannada,2020-11-01,76,4.2,503592.0,Available
8593,White Tales,Sports,Thriller,Malayalam,2020-11-02,77,4.3,503593.0,Removed
8594,Crimson Dreams,Movie,Romance,Telugu,2020-11-03,78,4.4,503594.0,Upcoming
8595,Storm Valley,Movie,action,Hindi,2020-11-04,79,4.5,503595.0,available
8596,Fire Mountain,Series,DRAMA,English,2020-11-05,80,4.6,503596.0,Available
8597,Ice River,Documentary,Comedy,Tamil,2020-11-06,81,4.7,503597.0,Removed
8598,Steel Sky,Sports,Horror,Kannada,2020-11-07,82,4.8,503598.0,Upcoming
8599,Thunder Ocean,Movie,Sci-Fi,Malayalam,2020-11-08,83,4.9,503599.0,available
8600,Dark Horizon,Movie,Action,Telugu,2020-11-09,84,1.0,503600.0,Available
8601,Golden Legacy,Series,Drama,Hindi,2020-11-10,85,1.1,503601.0,Removed
8602,Silent Empire,Documentary,Comedy,English,2020-11-11,86,1.2,503602.0,Upcoming
8603,Rising Dawn,Sports,Thriller,Tamil,2020-11-12,87,1.3,503603.0,available
8604,Broken Night,Movie,Romance,,2020-11-13,88,1.4,503604.0,Available
8605,Lost Warriors,Movie,action,Malayalam,2020-11-14,89,1.5,503605.0,Removed
8606,Hidden Destiny,Series,DRAMA,Telugu,2020-11-15,90,1.6,503606.0,Upcoming
8607,Sacred Journey,Documentary,Comedy,Hindi,2020-11-16,91,1.7,503607.0,available
8608,Wild Path,Sports,Horror,English,2020-11-17,92,1.8,503608.0,Available
8609,Iron Truth,Movie,Sci-Fi,Tamil,2020-11-18,93,1.9,503609.0,Removed
8610,Shadow Promise,Movie,Action,Kannada,2020-11-19,94,2.0,503610.0,Upcoming
8611,Burning Secrets,Series,Drama,Malayalam,2020-11-20,95,2.1,503611.0,available
8612,Last Chronicles,Documentary,Comedy,Telugu,2020-11-21,96,2.2,503612.0,Available
8613,First Tales,Sports,Thriller,Hindi,2020-11-22,97,2.3,503613.0,Removed
8614,Final Dreams,Movie,Romance,English,2020-11-23,98,2.4,503614.0,Upcoming
8615,Blue Valley,Movie,action,Tamil,2020-11-24,99,2.5,503615.0,available
8616,Red Mountain,Series,DRAMA,Kannada,2020-11-25,100,2.6,503616.0,Available
8617,Black River,Documentary,Comedy,Malayalam,2020-11-26,101,2.7,503617.0,Removed
8618,White Sky,Sports,Horror,Telugu,2020-11-27,102,2.8,503618.0,Upcoming
8619,Crimson Ocean,Movie,Sci-Fi,Hindi,2020-11-28,103,2.9,503619.0,available
8620,Storm Horizon,Movie,Action,English,2020-11-29,104,3.0,503620.0,Available
8621,Fire Legacy,Series,Drama,,2020-11-30,105,3.1,503621.0,Removed
8622,Ice Empire,Documentary,Comedy,Kannada,2020-12-01,106,3.2,503622.0,Upcoming
8623,Steel Dawn,Sports,Thriller,Malayalam,2020-12-02,107,3.3,503623.0,available
8624,Thunder Night,Movie,Romance,Telugu,2020-12-03,108,3.4,503624.0,Available
8625,Dark Warriors,Movie,action,Hindi,2020-12-04,109,3.5,503625.0,Removed
8626,Golden Destiny,Series,DRAMA,English,2020-12-05,110,3.6,503626.0,Upcoming
8627,Silent Journey,Documentary,Comedy,Tamil,2020-12-06,111,3.7,503627.0,available
8628,Rising Path,Sports,Horror,Kannada,2020-12-07,112,3.8,503628.0,Available
8629,Broken Truth,Movie,Sci-Fi,Malayalam,2020-12-08,113,3.9,503629.0,Removed
8630,Lost Promise,Movie,Action,Telugu,2020-12-09,114,4.0,503630.0,Upcoming
8631,Hidden Secrets,Series,Drama,Hindi,2020-12-10,115,4.1,503631.0,available
8632,Sacred Chronicles,Documentary,Comedy,English,2020-12-11,116,4.2,503632.0,Available
8633,Wild Tales,Sports,Thriller,Tamil,2020-12-12,117,4.3,503633.0,Removed
8634,Iron Dreams,Movie,Romance,Kannada,2020-12-13,118,4.4,503634.0,Upcoming
8635,Shadow Valley,Movie,action,Malayalam,2020-12-14,119,4.5,503635.0,available
8636,Burning Mountain,Series,DRAMA,Telugu,2020-12-15,120,4.6,503636.0,Available
8637,Last River,Documentary,Comedy,Hindi,2020-12-16,121,4.7,503637.0,Removed
8638,First Sky,Sports,Horror,,2020-12-17,122,4.8,503638.0,Upcoming
8639,Final Ocean,Movie,Sci-Fi,Tamil,2020-12-18,123,4.9,503639.0,available
8640,Blue Horizon,Movie,Action,Kannada,2020-12-19,124,1.0,503640.0,Available
8641,Red Legacy,Series,Drama,Malayalam,2020-12-20,125,1.1,503641.0,Removed
8642,Black Empire,Documentary,Comedy,Telugu,2020-12-21,126,1.2,503642.0,Upcoming
8643,White Dawn,Sports,Thriller,Hindi,2020-12-22,127,1.3,503643.0,available
8644,Crimson Night,Movie,Romance,English,2020-12-23,128,1.4,503644.0,Available
8645,Storm Warriors,Movie,action,Tamil,2020-12-24,129,1.5,503645.0,Removed
8646,Fire Destiny,Series,DRAMA,Kannada,2020-12-25,130,1.6,503646.0,Upcoming
8647,Ice Journey,Documentary,Comedy,Malayalam,2020-12-26,131,1.7,503647.0,available
8648,Steel Path,Sports,Horror,Telugu,2020-12-27,132,1.8,503648.0,Available
8649,Thunder Truth,Movie,Sci-Fi,Hindi,2020-12-28,133,1.9,503649.0,Removed
8650,Dark Promise,Movie,Action,English,2020-12-29,134,2.0,503650.0,Upcoming
8651,Golden Secrets,Series,Drama,Tamil,2020-12-30,135,2.1,503651.0,available
8652,Silent Chronicles,Documentary,Comedy,Kannada,2020-12-31,136,2.2,503652.0,Available
8653,Rising Tales,Sports,Thriller,Malayalam,2021-01-01,137,2.3,503653.0,Removed
8654,Broken Dreams,Movie,Romance,Telugu,2021-01-02,138,2.4,503654.0,Upcoming
8655,Lost Valley,Movie,action,,2021-01-03,139,2.5,503655.0,available
8656,Hidden Mountain,Series,DRAMA,English,2021-01-04,140,2.6,503656.0,Available
8657,Sacred River,Documentary,Comedy,Tamil,2021-01-05,141,2.7,503657.0,Removed
8658,Wild Sky,Sports,Horror,Kannada,2021-01-06,142,2.8,503658.0,Upcoming
8659,Iron Ocean,Movie,Sci-Fi,Malayalam,2021-01-07,143,2.9,503659.0,available
8660,Shadow Horizon,Movie,Action,Telugu,2021-01-08,144,3.0,503660.0,Available
8661,Burning Legacy,Series,Drama,Hindi,2021-01-09,145,3.1,503661.0,Removed
8662,Last Empire,Documentary,Comedy,English,2021-01-10,146,3.2,503662.0,Upcoming
8663,First Dawn,Sports,Thriller,Tamil,2021-01-11,147,3.3,503663.0,available
8664,Final Night,Movie,Romance,Kannada,2021-01-12,148,3.4,503664.0,Available
8665,Blue Warriors,Movie,action,Malayalam,2021-01-13,149,3.5,503665.0,Removed
8666,Red Destiny,Series,DRAMA,Telugu,2021-01-14,150,3.6,503666.0,Upcoming
8667,Black Journey,Documentary,Comedy,Hindi,2021-01-15,151,3.7,503667.0,available
8668,White Path,Sports,Horror,English,2021-01-16,152,3.8,503668.0,Available
8669,Crimson Truth,Movie,Sci-Fi,Tamil,2021-01-17,153,3.9,503669.0,Removed
8670,Storm Promise,Movie,Action,Kannada,2021-01-18,154,4.0,503670.0,Upcoming
8671,Fire Secrets,Series,Drama,Malayalam,2021-01-19,155,4.1,503671.0,available
8672,Ice Chronicles,Documentary,Comedy,,2021-01-20,156,4.2,503672.0,Available
8673,Steel Tales,Sports,Thriller,Hindi,2021-01-21,157,4.3,503673.0,Removed
8674,Thunder Dreams,Movie,Romance,English,2021-01-22,158,4.4,503674.0,Upcoming
8675,Dark Valley,Movie,action,Tamil,2021-01-23,159,4.5,503675.0,available
8676,Golden Mountain,Series,DRAMA,Kannada,2021-01-24,160,4.6,503676.0,Available
8677,Silent River,Documentary,Comedy,Malayalam,2021-01-25,161,4.7,503677.0,Removed
8678,Rising Sky,Sports,Horror,Telugu,2021-01-26,162,4.8,503678.0,Upcoming
8679,Broken Ocean,Movie,Sci-Fi,Hindi,2021-01-27,163,4.9,503679.0,available
8680,Lost Horizon,Movie,Action,English,2021-01-28,164,1.0,503680.0,Available
8681,Hidden Legacy,Series,Drama,Tamil,2021-01-29,165,1.1,503681.0,Removed
8682,Sacred Empire,Documentary,Comedy,Kannada,2021-01-30,166,1.2,503682.0,Upcoming
8683,Wild Dawn,Sports,Thriller,Malayalam,2021-01-31,167,1.3,503683.0,available
8684,Iron Night,Movie,Romance,Telugu,2021-02-01,168,1.4,503684.0,Available
8685,Shadow Warriors,Movie,action,Hindi,2021-02-02,169,1.5,503685.0,Removed
8686,Burning Destiny,Series,DRAMA,English,2021-02-03,170,1.6,503686.0,Upcoming
8687,Last Journey,Documentary,Comedy,Tamil,2021-02-04,171,1.7,503687.0,available
8688,First Path,Sports,Horror,Kannada,2021-02-05,172,1.8,503688.0,Available
8689,Final Truth,Movie,Sci-Fi,,2021-02-06,173,1.9,503689.0,Removed
8690,Blue Promise,Movie,Action,Telugu,2021-02-07,174,2.0,503690.0,Upcoming
8691,Red Secrets,Series,Drama,Hindi,2021-02-08,175,2.1,503691.0,available
8692,Black Chronicles,Documentary,Comedy,English,2021-02-09,176,2.2,503692.0,Available
8693,White Tales,Sports,Thriller,Tamil,2021-02-10,177,2.3,503693.0,Removed
8694,Crimson Dreams,Movie,Romance,Kannada,2021-02-11,178,2.4,503694.0,Upcoming
8695,Storm Valley,Movie,action,Malayalam,2021-02-12,179,2.5,503695.0,available
8696,Fire Mountain,Series,DRAMA,Telugu,2021-02-13,180,2.6,503696.0,Available
8697,Ice River,Documentary,Comedy,Hindi,2021-02-14,181,2.7,503697.0,Removed
8698,Steel Sky,Sports,Horror,English,2021-02-15,182,2.8,503698.0,Upcoming
8699,Thunder Ocean,Movie,Sci-Fi,Tamil,2021-02-16,183,2.9,503699.0,available
8700,Dark Horizon,Movie,Action,Kannada,2021-02-17,184,3.0,503700.0,Available
8701,Golden Legacy,Series,Drama,Malayalam,2021-02-18,185,3.1,503701.0,Removed
8702,Silent Empire,Documentary,Comedy,Telugu,2021-02-19,186,3.2,503702.0,Upcoming
8703,Rising Dawn,Sports,Thriller,Hindi,2021-02-20,187,3.3,503703.0,available
8704,Broken Night,Movie,Romance,English,2021-02-21,188,3.4,503704.0,Available
8705,Lost Warriors,Movie,action,Tamil,2021-02-22,189,3.5,503705.0,Removed
8706,Hidden Destiny,Series,DRAMA,,2021-02-23,190,3.6,503706.0,Upcoming
8707,Sacred Journey,Documentary,Comedy,Malayalam,2021-02-24,191,3.7,503707.0,available
8708,Wild Path,Sports,Horror,Telugu,2021-02-25,192,3.8,503708.0,Available
8709,Iron Truth,Movie,Sci-Fi,Hindi,2021-02-26,193,3.9,503709.0,Removed
8710,Shadow Promise,Movie,Action,English,2021-02-27,194,4.0,503710.0,Upcoming
8711,Burning Secrets,Series,Drama,Tamil,2021-02-28,195,4.1,503711.0,available
8712,Last Chronicles,Documentary,Comedy,Kannada,2021-03-01,196,4.2,503712.0,Available
8713,First Tales,Sports,Thriller,Malayalam,2021-03-02,197,4.3,503713.0,Removed
8714,Final Dreams,Movie,Romance,Telugu,2021-03-03,198,4.4,503714.0,Upcoming
8715,Blue Valley,Movie,action,Hindi,2021-03-04,199,4.5,503715.0,available
8716,Red Mountain,Series,DRAMA,English,2021-03-05,200,4.6,503716.0,Available
8717,Black River,Documentary,Comedy,Tamil,2021-03-06,201,4.7,503717.0,Removed
8718,White Sky,Sports,Horror,Kannada,2021-03-07,202,4.8,503718.0,Upcoming
8719,Crimson Ocean,Movie,Sci-Fi,Malayalam,2021-03-08,203,4.9,503719.0,available
8720,Storm Horizon,Movie,Action,Telugu,2021-03-09,204,1.0,503720.0,Available
8721,Fire Legacy,Series,Drama,Hindi,2021-03-10,205,1.1,503721.0,Removed
8722,Ice Empire,Documentary,Comedy,English,2021-03-11,206,1.2,503722.0,Upcoming
8723,Steel Dawn,Sports,Thriller,,2021-03-12,207,1.3,503723.0,available
8724,Thunder Night,Movie,Romance,Kannada,2021-03-13,208,1.4,503724.0,Available
8725,Dark Warriors,Movie,action,Malayalam,2021-03-14,209,1.5,503725.0,Removed
8726,Golden Destiny,Series,DRAMA,Telugu,2021-03-15,210,1.6,503726.0,Upcoming
8727,Silent Journey,Documentary,Comedy,Hindi,2021-03-16,211,1.7,503727.0,available
8728,Rising Path,Sports,Horror,English,2021-03-17,212,1.8,503728.0,Available
8729,Broken Truth,Movie,Sci-Fi,Tamil,2021-03-18,213,1.9,503729.0,Removed
8730,Lost Promise,Movie,Action,Kannada,2021-03-19,214,2.0,503730.0,Upcoming
8731,Hidden Secrets,Series,Drama,Malayalam,2021-03-20,215,2.1,503731.0,available
8732,Sacred Chronicles,Documentary,Comedy,Telugu,2021-03-21,216,2.2,503732.0,Available
8733,Wild Tales,Sports,Thriller,Hindi,2021-03-22,217,2.3,503733.0,Removed
8734,Iron Dreams,Movie,Romance,English,2021-03-23,218,2.4,503734.0,Upcoming
8735,Shadow Valley,Movie,action,Tamil,2021-03-24,219,2.5,503735.0,available
8736,Burning Mountain,Series,DRAMA,Kannada,2021-03-25,220,2.6,503736.0,Available
8737,Last River,Documentary,Comedy,Malayalam,2021-03-26,221,2.7,503737.0,Removed
8738,First Sky,Sports,Horror,Telugu,2021-03-27,222,2.8,503738.0,Upcoming
8739,Final Ocean,Movie,Sci-Fi,Hindi,2021-03-28,223,2.9,503739.0,available
8740,Blue Horizon,Movie,Action,,2021-03-29,224,3.0,503740.0,Available
8741,Red Legacy,Series,Drama,Tamil,2021-03-30,225,3.1,503741.0,Removed
8742,Black Empire,Documentary,Comedy,Kannada,2021-03-31,226,3.2,503742.0,Upcoming
8743,White Dawn,Sports,Thriller,Malayalam,2021-04-01,227,3.3,503743.0,available
8744,Crimson Night,Movie,Romance,Telugu,2021-04-02,228,3.4,503744.0,Available
8745,Storm Warriors,Movie,action,Hindi,2021-04-03,229,3.5,503745.0,Removed
8746,Fire Destiny,Series,DRAMA,English,2021-04-04,230,3.6,503746.0,Upcoming
8747,Ice Journey,Documentary,Comedy,Tamil,2021-04-05,231,3.7,503747.0,available
8748,Steel Path,Sports,Horror,Kannada,2021-04-06,232,3.8,503748.0,Available
8749,Thunder Truth,Movie,Sci-Fi,Malayalam,2021-04-07,233,3.9,503749.0,Removed
8750,Dark Promise,Movie,Action,Telugu,2021-04-08,234,4.0,503750.0,Upcoming
8751,Golden Secrets,Series,Drama,Hindi,2021-04-09,235,4.1,503751.0,available
8752,Silent Chronicles,Documentary,Comedy,English,2021-04-10,236,4.2,503752.0,Available
8753,Rising Tales,Sports,Thriller,Tamil,2021-04-11,237,4.3,503753.0,Removed
8754,Broken Dreams,Movie,Romance,Kannada,2021-04-12,238,4.4,503754.0,Upcoming
8755,Lost Valley,Movie,action,Malayalam,2021-04-13,239,4.5,503755.0,available
8756,Hidden Mountain,Series,DRAMA,Telugu,2021-04-14,240,4.6,503756.0,Available
8757,Sacred River,Documentary,Comedy,,2021-04-15,20,4.7,503757.0,Removed
8758,Wild Sky,Sports,Horror,English,2021-04-16,21,4.8,503758.0,Upcoming
8759,Iron Ocean,Movie,Sci-Fi,Tamil,2021-04-17,22,4.9,503759.0,available
8760,Shadow Horizon,Movie,Action,Kannada,2021-04-18,23,1.0,503760.0,Available
8761,Burning Legacy,Series,Drama,Malayalam,2021-04-19,24,1.1,503761.0,Removed
8762,Last Empire,Documentary,Comedy,Telugu,2021-04-20,25,1.2,503762.0,Upcoming
8763,First Dawn,Sports,Thriller,Hindi,2021-04-21,26,1.3,503763.0,available
8764,Final Night,Movie,Romance,English,2021-04-22,27,1.4,503764.0,Available
8765,Blue Warriors,Movie,action,Tamil,2021-04-23,28,1.5,503765.0,Removed
8766,Red Destiny,Series,DRAMA,Kannada,2021-04-24,29,1.6,503766.0,Upcoming
8767,Black Journey,Documentary,Comedy,Malayalam,2021-04-25,30,1.7,503767.0,available
8768,White Path,Sports,Horror,Telugu,2021-04-26,31,1.8,503768.0,Available
8769,Crimson Truth,Movie,Sci-Fi,Hindi,2021-04-27,32,1.9,503769.0,Removed
8770,Storm Promise,Movie,Action,English,2021-04-28,33,2.0,503770.0,Upcoming
8771,Fire Secrets,Series,Drama,Tamil,2021-04-29,34,2.1,503771.0,available
8772,Ice Chronicles,Documentary,Comedy,Kannada,2021-04-30,35,2.2,503772.0,Available
8773,Steel Tales,Sports,Thriller,Malayalam,2021-05-01,36,2.3,503773.0,Removed
8774,Thunder Dreams,Movie,Romance,,2021-05-02,37,2.4,503774.0,Upcoming
8775,Dark Valley,Movie,action,Hindi,2021-05-03,38,2.5,503775.0,available
8776,Golden Mountain,Series,DRAMA,English,2021-05-04,39,2.6,503776.0,Available
8777,Silent River,Documentary,Comedy,Tamil,2021-05-05,40,2.7,503777.0,Removed
8778,Rising Sky,Sports,Horror,Kannada,2021-05-06,41,2.8,503778.0,Upcoming
8779,Broken Ocean,Movie,Sci-Fi,Malayalam,2021-05-07,42,2.9,503779.0,available
8780,Lost Horizon,Movie,Action,Telugu,2021-05-08,43,3.0,503780.0,Available
8781,Hidden Legacy,Series,Drama,Hindi,2021-05-09,44,3.1,503781.0,Removed
8782,Sacred Empire,Documentary,Comedy,English,2021-05-10,45,3.2,503782.0,Upcoming
8783,Wild Dawn,Sports,Thriller,Tamil,2021-05-11,46,3.3,503783.0,available
8784,Iron Night,Movie,Romance,Kannada,2021-05-12,47,3.4,503784.0,Available
8785,Shadow Warriors,Movie,action,Malayalam,2021-05-13,48,3.5,503785.0,Removed
8786,Burning Destiny,Series,DRAMA,Telugu,2021-05-14,49,3.6,503786.0,Upcoming
8787,Last Journey,Documentary,Comedy,Hindi,2021-05-15,50,3.7,503787.0,available
8788,First Path,Sports,Horror,English,2021-05-16,51,3.8,503788.0,Available
8789,Final Truth,Movie,Sci-Fi,Tamil,2021-05-17,52,3.9,503789.0,Removed
8790,Blue Promise,Movie,Action,Kannada,2021-05-18,53,4.0,503790.0,Upcoming
8791,Red Secrets,Series,Drama,,2021-05-19,54,4.1,503791.0,available
8792,Black Chronicles,Documentary,Comedy,Telugu,2021-05-20,55,4.2,503792.0,Available
8793,White Tales,Sports,Thriller,Hindi,2021-05-21,56,4.3,503793.0,Removed
8794,Crimson Dreams,Movie,Romance,English,2021-05-22,57,4.4,503794.0,Upcoming
8795,Storm Valley,Movie,action,Tamil,2021-05-23,58,4.5,503795.0,available
8796,Fire Mountain,Series,DRAMA,Kannada,2021-05-24,59,4.6,503796.0,Available
8797,Ice River,Documentary,Comedy,Malayalam,2021-05-25,60,4.7,503797.0,Removed
8798,Steel Sky,Sports,Horror,Telugu,2021-05-26,61,4.8,503798.0,Upcoming
8799,Thunder Ocean,Movie,Sci-Fi,Hindi,2021-05-27,62,4.9,503799.0,available
8800,Dark Horizon,Movie,Action,English,2021-05-28,63,1.0,503800.0,Available
8801,Golden Legacy,Series,Drama,Tamil,2021-05-29,64,1.1,503801.0,Removed
8802,Silent Empire,Documentary,Comedy,Kannada,2021-05-30,65,1.2,503802.0,Upcoming
8803,Rising Dawn,Sports,Thriller,Malayalam,2021-05-31,66,1.3,503803.0,available
8804,Broken Night,Movie,Romance,Telugu,2021-06-01,67,1.4,503804.0,Available
8805,Lost Warriors,Movie,action,Hindi,2021-06-02,68,1.5,503805.0,Removed
8806,Hidden Destiny,Series,DRAMA,English,2021-06-03,69,1.6,503806.0,Upcoming
8807,Sacred Journey,Documentary,Comedy,Tamil,2021-06-04,70,1.7,503807.0,available
8808,Wild Path,Sports,Horror,,2021-06-05,71,1.8,503808.0,Available
8809,Iron Truth,Movie,Sci-Fi,Malayalam,2021-06-06,72,1.9,503809.0,Removed
8810,Shadow Promise,Movie,Action,Telugu,2021-06-07,73,2.0,503810.0,Upcoming
8811,Burning Secrets,Series,Drama,Hindi,2021-06-08,74,2.1,503811.0,available
8812,Last Chronicles,Documentary,Comedy,English,2021-06-09,75,2.2,503812.0,Available
8813,First Tales,Sports,Thriller,Tamil,2021-06-10,76,2.3,503813.0,Removed
8814,Final Dreams,Movie,Romance,Kannada,2021-06-11,77,2.4,503814.0,Upcoming
8815,Blue Valley,Movie,action,Malayalam,2021-06-12,78,2.5,503815.0,available
8816,Red Mountain,Series,DRAMA,Telugu,2021-06-13,79,2.6,503816.0,Available
8817,Black River,Documentary,Comedy,Hindi,2021-06-14,80,2.7,503817.0,Removed
8818,White Sky,Sports,Horror,English,2021-06-15,81,2.8,503818.0,Upcoming
8819,Crimson Ocean,Movie,Sci-Fi,Tamil,2021-06-16,82,2.9,503819.0,available
8820,Storm Horizon,Movie,Action,Kannada,2021-06-17,83,3.0,503820.0,Available
8821,Fire Legacy,Series,Drama,Malayalam,2021-06-18,84,3.1,503821.0,Removed
8822,Ice Empire,Documentary,Comedy,Telugu,2021-06-19,85,3.2,503822.0,Upcoming
8823,Steel Dawn,Sports,Thriller,Hindi,2021-06-20,86,3.3,503823.0,available
8824,Thunder Night,Movie,Romance,English,2021-06-21,87,3.4,503824.0,Available
8825,Dark Warriors,Movie,action,,2021-06-22,88,3.5,503825.0,Removed
8826,Golden Destiny,Series,DRAMA,Kannada,2021-06-23,89,3.6,503826.0,Upcoming
8827,Silent Journey,Documentary,Comedy,Malayalam,2021-06-24,90,3.7,503827.0,available
8828,Rising Path,Sports,Horror,Telugu,2021-06-25,91,3.8,503828.0,Available
8829,Broken Truth,Movie,Sci-Fi,Hindi,2021-06-26,92,3.9,503829.0,Removed
8830,Lost Promise,Movie,Action,English,2021-06-27,93,4.0,503830.0,Upcoming
8831,Hidden Secrets,Series,Drama,Tamil,2021-06-28,94,4.1,503831.0,available
8832,Sacred Chronicles,Documentary,Comedy,Kannada,2021-06-29,95,4.2,503832.0,Available
8833,Wild Tales,Sports,Thriller,Malayalam,2021-06-30,96,4.3,503833.0,Removed
8834,Iron Dreams,Movie,Romance,Telugu,2021-07-01,97,4.4,503834.0,Upcoming
8835,Shadow Valley,Movie,action,Hindi,2021-07-02,98,4.5,503835.0,available
8836,Burning Mountain,Series,DRAMA,English,2021-07-03,99,4.6,503836.0,Available
8837,Last River,Documentary,Comedy,Tamil,2021-07-04,100,4.7,503837.0,Removed
8838,First Sky,Sports,Horror,Kannada,2021-07-05,101,4.8,503838.0,Upcoming
8839,Final Ocean,Movie,Sci-Fi,Malayalam,2021-07-06,102,4.9,503839.0,available
8840,Blue Horizon,Movie,Action,Telugu,2021-07-07,103,1.0,503840.0,Available
8841,Red Legacy,Series,Drama,Hindi,2021-07-08,104,1.1,503841.0,Removed
8842,Black Empire,Documentary,Comedy,,2021-07-09,105,1.2,503842.0,Upcoming
8843,White Dawn,Sports,Thriller,Tamil,2021-07-10,106,1.3,503843.0,available
8844,Crimson Night,Movie,Romance,Kannada,2021-07-11,107,1.4,503844.0,Available
8845,Storm Warriors,Movie,action,Malayalam,2021-07-12,108,1.5,503845.0,Removed
8846,Fire Destiny,Series,DRAMA,Telugu,2021-07-13,109,1.6,503846.0,Upcoming
8847,Ice Journey,Documentary,Comedy,Hindi,2021-07-14,110,1.7,503847.0,available
8848,Steel Path,Sports,Horror,English,2021-07-15,111,1.8,503848.0,Available
8849,Thunder Truth,Movie,Sci-Fi,Tamil,2021-07-16,112,1.9,503849.0,Removed
8850,Dark Promise,Movie,Action,Kannada,2021-07-17,113,2.0,503850.0,Upcoming
8851,Golden Secrets,Series,Drama,Malayalam,2021-07-18,114,2.1,503851.0,available
8852,Silent Chronicles,Documentary,Comedy,Telugu,2021-07-19,115,2.2,503852.0,Available
8853,Rising Tales,Sports,Thriller,Hindi,2021-07-20,116,2.3,503853.0,Removed
8854,Broken Dreams,Movie,Romance,English,2021-07-21,117,2.4,503854.0,Upcoming
8855,Lost Valley,Movie,action,Tamil,2021-07-22,118,2.5,503855.0,available
8856,Hidden Mountain,Series,DRAMA,Kannada,2021-07-23,119,2.6,503856.0,Available
8857,Sacred River,Documentary,Comedy,Malayalam,2021-07-24,120,2.7,503857.0,Removed
8858,Wild Sky,Sports,Horror,Telugu,2021-07-25,121,2.8,503858.0,Upcoming
8859,Iron Ocean,Movie,Sci-Fi,,2021-07-26,122,2.9,503859.0,available
8860,Shadow Horizon,Movie,Action,English,2021-07-27,123,3.0,503860.0,Available
8861,Burning Legacy,Series,Drama,Tamil,2021-07-28,124,3.1,503861.0,Removed
8862,Last Empire,Documentary,Comedy,Kannada,2021-07-29,125,3.2,503862.0,Upcoming
8863,First Dawn,Sports,Thriller,Malayalam,2021-07-30,126,3.3,503863.0,available
8864,Final Night,Movie,Romance,Telugu,2021-07-31,127,3.4,503864.0,Available
8865,Blue Warriors,Movie,action,Hindi,2021-08-01,128,3.5,503865.0,Removed
8866,Red Destiny,Series,DRAMA,English,2021-08-02,129,3.6,503866.0,Upcoming
8867,Black Journey,Documentary,Comedy,Tamil,2021-08-03,130,3.7,503867.0,available
8868,White Path,Sports,Horror,Kannada,2021-08-04,131,3.8,503868.0,Available
8869,Crimson Truth,Movie,Sci-Fi,Malayalam,2021-08-05,132,3.9,503869.0,Removed
8870,Storm Promise,Movie,Action,Telugu,2021-08-06,133,4.0,503870.0,Upcoming
8871,Fire Secrets,Series,Drama,Hindi,2021-08-07,134,4.1,503871.0,available
8872,Ice Chronicles,Documentary,Comedy,English,2021-08-08,135,4.2,503872.0,Available
8873,Steel Tales,Sports,Thriller,Tamil,2021-08-09,136,4.3,503873.0,Removed
8874,Thunder Dreams,Movie,Romance,Kannada,2021-08-10,137,4.4,503874.0,Upcoming
8875,Dark Valley,Movie,action,Malayalam,2021-08-11,138,4.5,503875.0,available
8876,Golden Mountain,Series,DRAMA,,2021-08-12,139,4.6,503876.0,Available
8877,Silent River,Documentary,Comedy,Hindi,2021-08-13,140,4.7,503877.0,Removed
8878,Rising Sky,Sports,Horror,English,2021-08-14,141,4.8,503878.0,Upcoming
8879,Broken Ocean,Movie,Sci-Fi,Tamil,2021-08-15,142,4.9,503879.0,available
8880,Lost Horizon,Movie,Action,Kannada,2021-08-16,143,1.0,503880.0,Available
8881,Hidden Legacy,Series,Drama,Malayalam,2021-08-17,144,1.1,503881.0,Removed
8882,Sacred Empire,Documentary,Comedy,Telugu,2021-08-18,145,1.2,503882.0,Upcoming
8883,Wild Dawn,Sports,Thriller,Hindi,2021-08-19,146,1.3,503883.0,available
8884,Iron Night,Movie,Romance,English,2021-08-20,147,1.4,503884.0,Available
8885,Shadow Warriors,Movie,action,Tamil,2021-08-21,148,1.5,503885.0,Removed
8886,Burning Destiny,Series,DRAMA,Kannada,2021-08-22,149,1.6,503886.0,Upcoming
8887,Last Journey,Documentary,Comedy,Malayalam,2021-08-23,150,1.7,503887.0,available
8888,First Path,Sports,Horror,Telugu,2021-08-24,151,1.8,503888.0,Available
8889,Final Truth,Movie,Sci-Fi,Hindi,2021-08-25,152,1.9,503889.0,Removed
8890,Blue Promise,Movie,Action,English,2021-08-26,153,2.0,503890.0,Upcoming
8891,Red Secrets,Series,Drama,Tamil,2021-08-27,154,2.1,503891.0,available
8892,Black Chronicles,Documentary,Comedy,Kannada,2021-08-28,155,2.2,503892.0,Available
8893,White Tales,Sports,Thriller,,2021-08-29,156,2.3,503893.0,Removed
8894,Crimson Dreams,Movie,Romance,Telugu,2021-08-30,157,2.4,503894.0,Upcoming
8895,Storm Valley,Movie,action,Hindi,2021-08-31,158,2.5,503895.0,available
8896,Fire Mountain,Series,DRAMA,English,2021-09-01,159,2.6,503896.0,Available
8897,Ice River,Documentary,Comedy,Tamil,2021-09-02,160,2.7,503897.0,Removed
8898,Steel Sky,Sports,Horror,Kannada,2021-09-03,161,2.8,503898.0,Upcoming
8899,Thunder Ocean,Movie,Sci-Fi,Malayalam,2021-09-04,162,2.9,503899.0,available
8900,Dark Horizon,Movie,Action,Telugu,2021-09-05,163,3.0,503900.0,Available
8901,Golden Legacy,Series,Drama,Hindi,2021-09-06,164,3.1,503901.0,Removed
8902,Silent Empire,Documentary,Comedy,English,2021-09-07,165,3.2,503902.0,Upcoming
8903,Rising Dawn,Sports,Thriller,Tamil,2021-09-08,166,3.3,503903.0,available
8904,Broken Night,Movie,Romance,Kannada,2021-09-09,167,3.4,503904.0,Available
8905,Lost Warriors,Movie,action,Malayalam,2021-09-10,168,3.5,503905.0,Removed
8906,Hidden Destiny,Series,DRAMA,Telugu,2021-09-11,169,3.6,503906.0,Upcoming
8907,Sacred Journey,Documentary,Comedy,Hindi,2021-09-12,170,3.7,503907.0,available
8908,Wild Path,Sports,Horror,English,2021-09-13,171,3.8,503908.0,Available
8909,Iron Truth,Movie,Sci-Fi,Tamil,2021-09-14,172,3.9,503909.0,Removed
8910,Shadow Promise,Movie,Action,,2021-09-15,173,4.0,503910.0,Upcoming
8911,Burning Secrets,Series,Drama,Malayalam,2021-09-16,174,4.1,503911.0,available
8912,Last Chronicles,Documentary,Comedy,Telugu,2021-09-17,175,4.2,503912.0,Available
8913,First Tales,Sports,Thriller,Hindi,2021-09-18,176,4.3,503913.0,Removed
8914,Final Dreams,Movie,Romance,English,2021-09-19,177,4.4,503914.0,Upcoming
8915,Blue Valley,Movie,action,Tamil,2021-09-20,178,4.5,503915.0,available
8916,Red Mountain,Series,DRAMA,Kannada,2021-09-21,179,4.6,503916.0,Available
8917,Black River,Documentary,Comedy,Malayalam,2021-09-22,180,4.7,503917.0,Removed
8918,White Sky,Sports,Horror,Telugu,2021-09-23,181,4.8,503918.0,Upcoming
8919,Crimson Ocean,Movie,Sci-Fi,Hindi,2021-09-24,182,4.9,503919.0,available
8920,Storm Horizon,Movie,Action,English,2021-09-25,183,1.0,503920.0,Available
8921,Fire Legacy,Series,Drama,Tamil,2021-09-26,184,1.1,503921.0,Removed
8922,Ice Empire,Documentary,Comedy,Kannada,2021-09-27,185,1.2,503922.0,Upcoming
8923,Steel Dawn,Sports,Thriller,Malayalam,2021-09-28,186,1.3,503923.0,available
8924,Thunder Night,Movie,Romance,Telugu,2021-09-29,187,1.4,503924.0,Available
8925,Dark Warriors,Movie,action,Hindi,2021-09-30,188,1.5,503925.0,Removed
8926,Golden Destiny,Series,DRAMA,English,2021-10-01,189,1.6,503926.0,Upcoming
8927,Silent Journey,Documentary,Comedy,,2021-10-02,190,1.7,503927.0,available
8928,Rising Path,Sports,Horror,Kannada,2021-10-03,191,1.8,503928.0,Available
8929,Broken Truth,Movie,Sci-Fi,Malayalam,2021-10-04,192,1.9,503929.0,Removed
8930,Lost Promise,Movie,Action,Telugu,2021-10-05,193,2.0,503930.0,Upcoming
8931,Hidden Secrets,Series,Drama,Hindi,2021-10-06,194,2.1,503931.0,available
8932,Sacred Chronicles,Documentary,Comedy,English,2021-10-07,195,2.2,503932.0,Available
8933,Wild Tales,Sports,Thriller,Tamil,2021-10-08,196,2.3,503933.0,Removed
8934,Iron Dreams,Movie,Romance,Kannada,2021-10-09,197,2.4,503934.0,Upcoming
8935,Shadow Valley,Movie,action,Malayalam,2021-10-10,198,2.5,503935.0,available
8936,Burning Mountain,Series,DRAMA,Telugu,2021-10-11,199,2.6,503936.0,Available
8937,Last River,Documentary,Comedy,Hindi,2021-10-12,200,2.7,503937.0,Removed
8938,First Sky,Sports,Horror,English,2021-10-13,201,2.8,503938.0,Upcoming
8939,Final Ocean,Movie,Sci-Fi,Tamil,2021-10-14,202,2.9,503939.0,available
8940,Blue Horizon,Movie,Action,Kannada,2021-10-15,203,3.0,503940.0,Available
8941,Red Legacy,Series,Drama,Malayalam,2021-10-16,204,3.1,503941.0,Removed
8942,Black Empire,Documentary,Comedy,Telugu,2021-10-17,205,3.2,503942.0,Upcoming
8943,White Dawn,Sports,Thriller,Hindi,2021-10-18,206,3.3,503943.0,available
8944,Crimson Night,Movie,Romance,,2021-10-19,207,3.4,503944.0,Available
8945,Storm Warriors,Movie,action,Tamil,2021-10-20,208,3.5,503945.0,Removed
8946,Fire Destiny,Series,DRAMA,Kannada,2021-10-21,209,3.6,503946.0,Upcoming
8947,Ice Journey,Documentary,Comedy,Malayalam,2021-10-22,210,3.7,503947.0,available
8948,Steel Path,Sports,Horror,Telugu,2021-10-23,211,3.8,503948.0,Available
8949,Thunder Truth,Movie,Sci-Fi,Hindi,2021-10-24,212,3.9,503949.0,Removed
8950,Dark Promise,Movie,Action,English,2021-10-25,213,4.0,503950.0,Upcoming
8951,Golden Secrets,Series,Drama,Tamil,2021-10-26,214,4.1,503951.0,available
8952,Silent Chronicles,Documentary,Comedy,Kannada,2021-10-27,215,4.2,503952.0,Available
8953,Rising Tales,Sports,Thriller,Malayalam,2021-10-28,216,4.3,503953.0,Removed
8954,Broken Dreams,Movie,Romance,Telugu,2021-10-29,217,4.4,503954.0,Upcoming
8955,Lost Valley,Movie,action,Hindi,2021-10-30,218,4.5,503955.0,available
8956,Hidden Mountain,Series,DRAMA,English,2021-10-31,219,4.6,503956.0,Available
8957,Sacred River,Documentary,Comedy,Tamil,2021-11-01,220,4.7,503957.0,Removed
8958,Wild Sky,Sports,Horror,Kannada,2021-11-02,221,4.8,503958.0,Upcoming
8959,Iron Ocean,Movie,Sci-Fi,Malayalam,2021-11-03,222,4.9,503959.0,available
8960,Shadow Horizon,Movie,Action,Telugu,2021-11-04,223,1.0,503960.0,Available
8961,Burning Legacy,Series,Drama,,2021-11-05,224,1.1,503961.0,Removed
8962,Last Empire,Documentary,Comedy,English,2021-11-06,225,1.2,503962.0,Upcoming
8963,First Dawn,Sports,Thriller,Tamil,2021-11-07,226,1.3,503963.0,available
8964,Final Night,Movie,Romance,Kannada,2021-11-08,227,1.4,503964.0,Available
8965,Blue Warriors,Movie,action,Malayalam,2021-11-09,228,1.5,503965.0,Removed
8966,Red Destiny,Series,DRAMA,Telugu,2021-11-10,229,1.6,503966.0,Upcoming
8967,Black Journey,Documentary,Comedy,Hindi,2021-11-11,230,1.7,503967.0,available
8968,White Path,Sports,Horror,English,2021-11-12,231,1.8,503968.0,Available
8969,Crimson Truth,Movie,Sci-Fi,Tamil,2021-11-13,232,1.9,503969.0,Removed
8970,Storm Promise,Movie,Action,Kannada,2021-11-14,233,2.0,503970.0,Upcoming
8971,Fire Secrets,Series,Drama,Malayalam,2021-11-15,234,2.1,503971.0,available
8972,Ice Chronicles,Documentary,Comedy,Telugu,2021-11-16,235,2.2,503972.0,Available
8973,Steel Tales,Sports,Thriller,Hindi,2021-11-17,236,2.3,503973.0,Removed
8974,Thunder Dreams,Movie,Romance,English,2021-11-18,237,2.4,503974.0,Upcoming
8975,Dark Valley,Movie,action,Tamil,2021-11-19,238,2.5,503975.0,available
8976,Golden Mountain,Series,DRAMA,Kannada,2021-11-20,239,2.6,503976.0,Available
8977,Silent River,Documentary,Comedy,Malayalam,2021-11-21,240,2.7,503977.0,Removed
8978,Rising Sky,Sports,Horror,,2021-11-22,20,2.8,503978.0,Upcoming
8979,Broken Ocean,Movie,Sci-Fi,Hindi,2021-11-23,21,2.9,503979.0,available
8980,Lost Horizon,Movie,Action,English,2021-11-24,22,3.0,503980.0,Available
8981,Hidden Legacy,Series,Drama,Tamil,2021-11-25,23,3.1,503981.0,Removed
8982,Sacred Empire,Documentary,Comedy,Kannada,2021-11-26,24,3.2,503982.0,Upcoming
8983,Wild Dawn,Sports,Thriller,Malayalam,2021-11-27,25,3.3,503983.0,available
8984,Iron Night,Movie,Romance,Telugu,2021-11-28,26,3.4,503984.0,Available
8985,Shadow Warriors,Movie,action,Hindi,2021-11-29,27,3.5,503985.0,Removed
8986,Burning Destiny,Series,DRAMA,English,2021-11-30,28,3.6,503986.0,Upcoming
8987,Last Journey,Documentary,Comedy,Tamil,2021-12-01,29,3.7,503987.0,available
8988,First Path,Sports,Horror,Kannada,2021-12-02,30,3.8,503988.0,Available
8989,Final Truth,Movie,Sci-Fi,Malayalam,2021-12-03,31,3.9,503989.0,Removed
8990,Blue Promise,Movie,Action,Telugu,2021-12-04,32,4.0,503990.0,Upcoming
8991,Red Secrets,Series,Drama,Hindi,2021-12-05,33,4.1,503991.0,available
8992,Black Chronicles,Documentary,Comedy,English,2021-12-06,34,4.2,503992.0,Available
8993,White Tales,Sports,Thriller,Tamil,2021-12-07,35,4.3,503993.0,Removed
8994,Crimson Dreams,Movie,Romance,Kannada,2021-12-08,36,4.4,503994.0,Upcoming
8995,Storm Valley,Movie,action,,2021-12-09,37,4.5,503995.0,available
8996,Fire Mountain,Series,DRAMA,Telugu,2021-12-10,38,4.6,503996.0,Available
8997,Ice River,Documentary,Comedy,Hindi,2021-12-11,39,4.7,503997.0,Removed
8998,Steel Sky,Sports,Horror,English,2021-12-12,40,4.8,503998.0,Upcoming
8999,Thunder Ocean,Movie,Sci-Fi,Tamil,2021-12-13,41,4.9,503999.0,available
9000,Dark Horizon,Movie,Action,Kannada,2021-12-14,42,1.0,504000.0,Available
9001,Golden Legacy,Series,Drama,Malayalam,2021-12-15,43,1.1,504001.0,Removed
9002,Silent Empire,Documentary,Comedy,Telugu,2021-12-16,44,1.2,504002.0,Upcoming
9003,Rising Dawn,Sports,Thriller,Hindi,2021-12-17,45,1.3,504003.0,available
9004,Broken Night,Movie,Romance,English,2021-12-18,46,1.4,504004.0,Available
9005,Lost Warriors,Movie,action,Tamil,2021-12-19,47,1.5,504005.0,Removed
9006,Hidden Destiny,Series,DRAMA,Kannada,2021-12-20,48,1.6,504006.0,Upcoming
9007,Sacred Journey,Documentary,Comedy,Malayalam,2021-12-21,49,1.7,504007.0,available
9008,Wild Path,Sports,Horror,Telugu,2021-12-22,50,1.8,504008.0,Available
9009,Iron Truth,Movie,Sci-Fi,Hindi,2021-12-23,51,1.9,504009.0,Removed
9010,Shadow Promise,Movie,Action,English,2021-12-24,52,2.0,504010.0,Upcoming
9011,Burning Secrets,Series,Drama,Tamil,2021-12-25,53,2.1,504011.0,available
9012,Last Chronicles,Documentary,Comedy,,2021-12-26,54,2.2,504012.0,Available
9013,First Tales,Sports,Thriller,Malayalam,2021-12-27,55,2.3,504013.0,Removed
9014,Final Dreams,Movie,Romance,Telugu,2021-12-28,56,2.4,504014.0,Upcoming
9015,Blue Valley,Movie,action,Hindi,2021-12-29,57,2.5,504015.0,available
9016,Red Mountain,Series,DRAMA,English,2021-12-30,58,2.6,504016.0,Available
9017,Black River,Documentary,Comedy,Tamil,2021-12-31,59,2.7,504017.0,Removed
9018,White Sky,Sports,Horror,Kannada,2022-01-01,60,2.8,504018.0,Upcoming
9019,Crimson Ocean,Movie,Sci-Fi,Malayalam,2022-01-02,61,2.9,504019.0,available
9020,Storm Horizon,Movie,Action,Telugu,2022-01-03,62,3.0,504020.0,Available
9021,Fire Legacy,Series,Drama,Hindi,2022-01-04,63,3.1,504021.0,Removed
9022,Ice Empire,Documentary,Comedy,English,2022-01-05,64,3.2,504022.0,Upcoming
9023,Steel Dawn,Sports,Thriller,Tamil,2022-01-06,65,3.3,504023.0,available
9024,Thunder Night,Movie,Romance,Kannada,2022-01-07,66,3.4,504024.0,Available
9025,Dark Warriors,Movie,action,Malayalam,2022-01-08,67,3.5,504025.0,Removed
9026,Golden Destiny,Series,DRAMA,Telugu,2022-01-09,68,3.6,504026.0,Upcoming
9027,Silent Journey,Documentary,Comedy,Hindi,2022-01-10,69,3.7,504027.0,available
9028,Rising Path,Sports,Horror,English,2022-01-11,70,3.8,504028.0,Available
9029,Broken Truth,Movie,Sci-Fi,,2022-01-12,71,3.9,504029.0,Removed
9030,Lost Promise,Movie,Action,Kannada,2022-01-13,72,4.0,504030.0,Upcoming
9031,Hidden Secrets,Series,Drama,Malayalam,2022-01-14,73,4.1,504031.0,available
9032,Sacred Chronicles,Documentary,Comedy,Telugu,2022-01-15,74,4.2,504032.0,Available
9033,Wild Tales,Sports,Thriller,Hindi,2022-01-16,75,4.3,504033.0,Removed
9034,Iron Dreams,Movie,Romance,English,2022-01-17,76,4.4,504034.0,Upcoming
9035,Shadow Valley,Movie,action,Tamil,2022-01-18,77,4.5,504035.0,available
9036,Burning Mountain,Series,DRAMA,Kannada,2022-01-19,78,4.6,504036.0,Available
9037,Last River,Documentary,Comedy,Malayalam,2022-01-20,79,4.7,504037.0,Removed
9038,First Sky,Sports,Horror,Telugu,2022-01-21,80,4.8,504038.0,Upcoming
9039,Final Ocean,Movie,Sci-Fi,Hindi,2022-01-22,81,4.9,504039.0,available
9040,Blue Horizon,Movie,Action,English,2022-01-23,82,1.0,504040.0,Available
9041,Red Legacy,Series,Drama,Tamil,2022-01-24,83,1.1,504041.0,Removed
9042,Black Empire,Documentary,Comedy,Kannada,2022-01-25,84,1.2,504042.0,Upcoming
9043,White Dawn,Sports,Thriller,Malayalam,2022-01-26,85,1.3,504043.0,available
9044,Crimson Night,Movie,Romance,Telugu,2022-01-27,86,1.4,504044.0,Available
9045,Storm Warriors,Movie,action,Hindi,2022-01-28,87,1.5,504045.0,Removed
9046,Fire Destiny,Series,DRAMA,,2022-01-29,88,1.6,504046.0,Upcoming
9047,Ice Journey,Documentary,Comedy,Tamil,2022-01-30,89,1.7,504047.0,available
9048,Steel Path,Sports,Horror,Kannada,2022-01-31,90,1.8,504048.0,Available
9049,Thunder Truth,Movie,Sci-Fi,Malayalam,2022-02-01,91,1.9,504049.0,Removed
9050,Dark Promise,Movie,Action,Telugu,2022-02-02,92,2.0,504050.0,Upcoming
9051,Golden Secrets,Series,Drama,Hindi,2022-02-03,93,2.1,504051.0,available
9052,Silent Chronicles,Documentary,Comedy,English,2022-02-04,94,2.2,504052.0,Available
9053,Rising Tales,Sports,Thriller,Tamil,2022-02-05,95,2.3,504053.0,Removed
9054,Broken Dreams,Movie,Romance,Kannada,2022-02-06,96,2.4,504054.0,Upcoming
9055,Lost Valley,Movie,action,Malayalam,2022-02-07,97,2.5,504055.0,available
9056,Hidden Mountain,Series,DRAMA,Telugu,2022-02-08,98,2.6,504056.0,Available
9057,Sacred River,Documentary,Comedy,Hindi,2022-02-09,99,2.7,504057.0,Removed
9058,Wild Sky,Sports,Horror,English,2022-02-10,100,2.8,504058.0,Upcoming
9059,Iron Ocean,Movie,Sci-Fi,Tamil,2022-02-11,101,2.9,504059.0,available
9060,Shadow Horizon,Movie,Action,Kannada,2022-02-12,102,3.0,504060.0,Available
9061,Burning Legacy,Series,Drama,Malayalam,2022-02-13,103,3.1,504061.0,Removed
9062,Last Empire,Documentary,Comedy,Telugu,2022-02-14,104,3.2,504062.0,Upcoming
9063,First Dawn,Sports,Thriller,,2022-02-15,105,3.3,504063.0,available
9064,Final Night,Movie,Romance,English,2022-02-16,106,3.4,504064.0,Available
9065,Blue Warriors,Movie,action,Tamil,2022-02-17,107,3.5,504065.0,Removed
9066,Red Destiny,Series,DRAMA,Kannada,2022-02-18,108,3.6,504066.0,Upcoming
9067,Black Journey,Documentary,Comedy,Malayalam,2022-02-19,109,3.7,504067.0,available
9068,White Path,Sports,Horror,Telugu,2022-02-20,110,3.8,504068.0,Available
9069,Crimson Truth,Movie,Sci-Fi,Hindi,2022-02-21,111,3.9,504069.0,Removed
9070,Storm Promise,Movie,Action,English,2022-02-22,112,4.0,504070.0,Upcoming
9071,Fire Secrets,Series,Drama,Tamil,2022-02-23,113,4.1,504071.0,available
9072,Ice Chronicles,Documentary,Comedy,Kannada,2022-02-24,114,4.2,504072.0,Available
9073,Steel Tales,Sports,Thriller,Malayalam,2022-02-25,115,4.3,504073.0,Removed
9074,Thunder Dreams,Movie,Romance,Telugu,2022-02-26,116,4.4,504074.0,Upcoming
9075,Dark Valley,Movie,action,Hindi,2022-02-27,117,4.5,504075.0,available
9076,Golden Mountain,Series,DRAMA,English,2022-02-28,118,4.6,504076.0,Available
9077,Silent River,Documentary,Comedy,Tamil,2022-03-01,119,4.7,504077.0,Removed
9078,Rising Sky,Sports,Horror,Kannada,2022-03-02,120,4.8,504078.0,Upcoming
9079,Broken Ocean,Movie,Sci-Fi,Malayalam,2022-03-03,121,4.9,504079.0,available
9080,Lost Horizon,Movie,Action,,2022-03-04,122,1.0,504080.0,Available
9081,Hidden Legacy,Series,Drama,Hindi,2022-03-05,123,1.1,504081.0,Removed
9082,Sacred Empire,Documentary,Comedy,English,2022-03-06,124,1.2,504082.0,Upcoming
9083,Wild Dawn,Sports,Thriller,Tamil,2022-03-07,125,1.3,504083.0,available
9084,Iron Night,Movie,Romance,Kannada,2022-03-08,126,1.4,504084.0,Available
9085,Shadow Warriors,Movie,action,Malayalam,2022-03-09,127,1.5,504085.0,Removed
9086,Burning Destiny,Series,DRAMA,Telugu,2022-03-10,128,1.6,504086.0,Upcoming
9087,Last Journey,Documentary,Comedy,Hindi,2022-03-11,129,1.7,504087.0,available
9088,First Path,Sports,Horror,English,2022-03-12,130,1.8,504088.0,Available
9089,Final Truth,Movie,Sci-Fi,Tamil,2022-03-13,131,1.9,504089.0,Removed
9090,Blue Promise,Movie,Action,Kannada,2022-03-14,132,2.0,504090.0,Upcoming
9091,Red Secrets,Series,Drama,Malayalam,2022-03-15,133,2.1,504091.0,available
9092,Black Chronicles,Documentary,Comedy,Telugu,2022-03-16,134,2.2,504092.0,Available
9093,White Tales,Sports,Thriller,Hindi,2022-03-17,135,2.3,504093.0,Removed
9094,Crimson Dreams,Movie,Romance,English,2022-03-18,136,2.4,504094.0,Upcoming
9095,Storm Valley,Movie,action,Tamil,2022-03-19,137,2.5,504095.0,available
9096,Fire Mountain,Series,DRAMA,Kannada,2022-03-20,138,2.6,504096.0,Available
9097,Ice River,Documentary,Comedy,,2022-03-21,139,2.7,504097.0,Removed
9098,Steel Sky,Sports,Horror,Telugu,2022-03-22,140,2.8,504098.0,Upcoming
9099,Thunder Ocean,Movie,Sci-Fi,Hindi,2022-03-23,141,2.9,504099.0,available
9100,Dark Horizon,Movie,Action,English,2022-03-24,142,3.0,504100.0,Available
9101,Golden Legacy,Series,Drama,Tamil,2022-03-25,143,3.1,504101.0,Removed
9102,Silent Empire,Documentary,Comedy,Kannada,2022-03-26,144,3.2,504102.0,Upcoming
9103,Rising Dawn,Sports,Thriller,Malayalam,2022-03-27,145,3.3,504103.0,available
9104,Broken Night,Movie,Romance,Telugu,2022-03-28,146,3.4,504104.0,Available
9105,Lost Warriors,Movie,action,Hindi,2022-03-29,147,3.5,504105.0,Removed
9106,Hidden Destiny,Series,DRAMA,English,2022-03-30,148,3.6,504106.0,Upcoming
9107,Sacred Journey,Documentary,Comedy,Tamil,2022-03-31,149,3.7,504107.0,available
9108,Wild Path,Sports,Horror,Kannada,2022-04-01,150,3.8,504108.0,Available
9109,Iron Truth,Movie,Sci-Fi,Malayalam,2022-04-02,151,3.9,504109.0,Removed
9110,Shadow Promise,Movie,Action,Telugu,2022-04-03,152,4.0,504110.0,Upcoming
9111,Burning Secrets,Series,Drama,Hindi,2022-04-04,153,4.1,504111.0,available
9112,Last Chronicles,Documentary,Comedy,English,2022-04-05,154,4.2,504112.0,Available
9113,First Tales,Sports,Thriller,Tamil,2022-04-06,155,4.3,504113.0,Removed
9114,Final Dreams,Movie,Romance,,2022-04-07,156,4.4,504114.0,Upcoming
9115,Blue Valley,Movie,action,Malayalam,2022-04-08,157,4.5,504115.0,available
9116,Red Mountain,Series,DRAMA,Telugu,2022-04-09,158,4.6,504116.0,Available
9117,Black River,Documentary,Comedy,Hindi,2022-04-10,159,4.7,504117.0,Removed
9118,White Sky,Sports,Horror,English,2022-04-11,160,4.8,504118.0,Upcoming
9119,Crimson Ocean,Movie,Sci-Fi,Tamil,2022-04-12,161,4.9,504119.0,available
9120,Storm Horizon,Movie,Action,Kannada,2022-04-13,162,1.0,504120.0,Available
9121,Fire Legacy,Series,Drama,Malayalam,2022-04-14,163,1.1,504121.0,Removed
9122,Ice Empire,Documentary,Comedy,Telugu,2022-04-15,164,1.2,504122.0,Upcoming
9123,Steel Dawn,Sports,Thriller,Hindi,2022-04-16,165,1.3,504123.0,available
9124,Thunder Night,Movie,Romance,English,2022-04-17,166,1.4,504124.0,Available
9125,Dark Warriors,Movie,action,Tamil,2022-04-18,167,1.5,504125.0,Removed
9126,Golden Destiny,Series,DRAMA,Kannada,2022-04-19,168,1.6,504126.0,Upcoming
9127,Silent Journey,Documentary,Comedy,Malayalam,2022-04-20,169,1.7,504127.0,available
9128,Rising Path,Sports,Horror,Telugu,2022-04-21,170,1.8,504128.0,Available
9129,Broken Truth,Movie,Sci-Fi,Hindi,2022-04-22,171,1.9,504129.0,Removed
9130,Lost Promise,Movie,Action,English,2022-04-23,172,2.0,504130.0,Upcoming
9131,Hidden Secrets,Series,Drama,,2022-04-24,173,2.1,504131.0,available
9132,Sacred Chronicles,Documentary,Comedy,Kannada,2022-04-25,174,2.2,504132.0,Available
9133,Wild Tales,Sports,Thriller,Malayalam,2022-04-26,175,2.3,504133.0,Removed
9134,Iron Dreams,Movie,Romance,Telugu,2022-04-27,176,2.4,504134.0,Upcoming
9135,Shadow Valley,Movie,action,Hindi,2022-04-28,177,2.5,504135.0,available
9136,Burning Mountain,Series,DRAMA,English,2022-04-29,178,2.6,504136.0,Available
9137,Last River,Documentary,Comedy,Tamil,2022-04-30,179,2.7,504137.0,Removed
9138,First Sky,Sports,Horror,Kannada,2022-05-01,180,2.8,504138.0,Upcoming
9139,Final Ocean,Movie,Sci-Fi,Malayalam,2022-05-02,181,2.9,504139.0,available
9140,Blue Horizon,Movie,Action,Telugu,2022-05-03,182,3.0,504140.0,Available
9141,Red Legacy,Series,Drama,Hindi,2022-05-04,183,3.1,504141.0,Removed
9142,Black Empire,Documentary,Comedy,English,2022-05-05,184,3.2,504142.0,Upcoming
9143,White Dawn,Sports,Thriller,Tamil,2022-05-06,185,3.3,504143.0,available
9144,Crimson Night,Movie,Romance,Kannada,2022-05-07,186,3.4,504144.0,Available
9145,Storm Warriors,Movie,action,Malayalam,2022-05-08,187,3.5,504145.0,Removed
9146,Fire Destiny,Series,DRAMA,Telugu,2022-05-09,188,3.6,504146.0,Upcoming
9147,Ice Journey,Documentary,Comedy,Hindi,2022-05-10,189,3.7,504147.0,available
9148,Steel Path,Sports,Horror,,2022-05-11,190,3.8,504148.0,Available
9149,Thunder Truth,Movie,Sci-Fi,Tamil,2022-05-12,191,3.9,504149.0,Removed
9150,Dark Promise,Movie,Action,Kannada,2022-05-13,192,4.0,504150.0,Upcoming
9151,Golden Secrets,Series,Drama,Malayalam,2022-05-14,193,4.1,504151.0,available
9152,Silent Chronicles,Documentary,Comedy,Telugu,2022-05-15,194,4.2,504152.0,Available
9153,Rising Tales,Sports,Thriller,Hindi,2022-05-16,195,4.3,504153.0,Removed
9154,Broken Dreams,Movie,Romance,English,2022-05-17,196,4.4,504154.0,Upcoming
9155,Lost Valley,Movie,action,Tamil,2022-05-18,197,4.5,504155.0,available
9156,Hidden Mountain,Series,DRAMA,Kannada,2022-05-19,198,4.6,504156.0,Available
9157,Sacred River,Documentary,Comedy,Malayalam,2022-05-20,199,4.7,504157.0,Removed
9158,Wild Sky,Sports,Horror,Telugu,2022-05-21,200,4.8,504158.0,Upcoming
9159,Iron Ocean,Movie,Sci-Fi,Hindi,2022-05-22,201,4.9,504159.0,available
9160,Shadow Horizon,Movie,Action,English,2022-05-23,202,1.0,504160.0,Available
9161,Burning Legacy,Series,Drama,Tamil,2022-05-24,203,1.1,504161.0,Removed
9162,Last Empire,Documentary,Comedy,Kannada,2022-05-25,204,1.2,504162.0,Upcoming
9163,First Dawn,Sports,Thriller,Malayalam,2022-05-26,205,1.3,504163.0,available
9164,Final Night,Movie,Romance,Telugu,2022-05-27,206,1.4,504164.0,Available
9165,Blue Warriors,Movie,action,,2022-05-28,207,1.5,504165.0,Removed
9166,Red Destiny,Series,DRAMA,English,2022-05-29,208,1.6,504166.0,Upcoming
9167,Black Journey,Documentary,Comedy,Tamil,2022-05-30,209,1.7,504167.0,available
9168,White Path,Sports,Horror,Kannada,2022-05-31,210,1.8,504168.0,Available
9169,Crimson Truth,Movie,Sci-Fi,Malayalam,2022-06-01,211,1.9,504169.0,Removed
9170,Storm Promise,Movie,Action,Telugu,2022-06-02,212,2.0,504170.0,Upcoming
9171,Fire Secrets,Series,Drama,Hindi,2022-06-03,213,2.1,504171.0,available
9172,Ice Chronicles,Documentary,Comedy,English,2022-06-04,214,2.2,504172.0,Available
9173,Steel Tales,Sports,Thriller,Tamil,2022-06-05,215,2.3,504173.0,Removed
9174,Thunder Dreams,Movie,Romance,Kannada,2022-06-06,216,2.4,504174.0,Upcoming
9175,Dark Valley,Movie,action,Malayalam,2022-06-07,217,2.5,504175.0,available
9176,Golden Mountain,Series,DRAMA,Telugu,2022-06-08,218,2.6,504176.0,Available
9177,Silent River,Documentary,Comedy,Hindi,2022-06-09,219,2.7,504177.0,Removed
9178,Rising Sky,Sports,Horror,English,2022-06-10,220,2.8,504178.0,Upcoming
9179,Broken Ocean,Movie,Sci-Fi,Tamil,2022-06-11,221,2.9,504179.0,available
9180,Lost Horizon,Movie,Action,Kannada,2022-06-12,222,3.0,504180.0,Available
9181,Hidden Legacy,Series,Drama,Malayalam,2022-06-13,223,3.1,504181.0,Removed
9182,Sacred Empire,Documentary,Comedy,,2022-06-14,224,3.2,504182.0,Upcoming
9183,Wild Dawn,Sports,Thriller,Hindi,2022-06-15,225,3.3,504183.0,available
9184,Iron Night,Movie,Romance,English,2022-06-16,226,3.4,504184.0,Available
9185,Shadow Warriors,Movie,action,Tamil,2022-06-17,227,3.5,504185.0,Removed
9186,Burning Destiny,Series,DRAMA,Kannada,2022-06-18,228,3.6,504186.0,Upcoming
9187,Last Journey,Documentary,Comedy,Malayalam,2022-06-19,229,3.7,504187.0,available
9188,First Path,Sports,Horror,Telugu,2022-06-20,230,3.8,504188.0,Available
9189,Final Truth,Movie,Sci-Fi,Hindi,2022-06-21,231,3.9,504189.0,Removed
9190,Blue Promise,Movie,Action,English,2022-06-22,232,4.0,504190.0,Upcoming
9191,Red Secrets,Series,Drama,Tamil,2022-06-23,233,4.1,504191.0,available
9192,Black Chronicles,Documentary,Comedy,Kannada,2022-06-24,234,4.2,504192.0,Available
9193,White Tales,Sports,Thriller,Malayalam,2022-06-25,235,4.3,504193.0,Removed
9194,Crimson Dreams,Movie,Romance,Telugu,2022-06-26,236,4.4,504194.0,Upcoming
9195,Storm Valley,Movie,action,Hindi,2022-06-27,237,4.5,504195.0,available
9196,Fire Mountain,Series,DRAMA,English,2022-06-28,238,4.6,504196.0,Available
9197,Ice River,Documentary,Comedy,Tamil,2022-06-29,239,4.7,504197.0,Removed
9198,Steel Sky,Sports,Horror,Kannada,2022-06-30,240,4.8,504198.0,Upcoming
9199,Thunder Ocean,Movie,Sci-Fi,,2022-07-01,20,4.9,504199.0,available
9200,Dark Horizon,Movie,Action,Telugu,2022-07-02,21,1.0,504200.0,Available
9201,Golden Legacy,Series,Drama,Hindi,2022-07-03,22,1.1,504201.0,Removed
9202,Silent Empire,Documentary,Comedy,English,2022-07-04,23,1.2,504202.0,Upcoming
9203,Rising Dawn,Sports,Thriller,Tamil,2022-07-05,24,1.3,504203.0,available
9204,Broken Night,Movie,Romance,Kannada,2022-07-06,25,1.4,504204.0,Available
9205,Lost Warriors,Movie,action,Malayalam,2022-07-07,26,1.5,504205.0,Removed
9206,Hidden Destiny,Series,DRAMA,Telugu,2022-07-08,27,1.6,504206.0,Upcoming
9207,Sacred Journey,Documentary,Comedy,Hindi,2022-07-09,28,1.7,504207.0,available
9208,Wild Path,Sports,Horror,English,2022-07-10,29,1.8,504208.0,Available
9209,Iron Truth,Movie,Sci-Fi,Tamil,2022-07-11,30,1.9,504209.0,Removed
9210,Shadow Promise,Movie,Action,Kannada,2022-07-12,31,2.0,504210.0,Upcoming
9211,Burning Secrets,Series,Drama,Malayalam,2022-07-13,32,2.1,504211.0,available
9212,Last Chronicles,Documentary,Comedy,Telugu,2022-07-14,33,2.2,504212.0,Available
9213,First Tales,Sports,Thriller,Hindi,2022-07-15,34,2.3,504213.0,Removed
9214,Final Dreams,Movie,Romance,English,2022-07-16,35,2.4,504214.0,Upcoming
9215,Blue Valley,Movie,action,Tamil,2022-07-17,36,2.5,504215.0,available
9216,Red Mountain,Series,DRAMA,,2022-07-18,37,2.6,504216.0,Available
9217,Black River,Documentary,Comedy,Malayalam,2022-07-19,38,2.7,504217.0,Removed
9218,White Sky,Sports,Horror,Telugu,2022-07-20,39,2.8,504218.0,Upcoming
9219,Crimson Ocean,Movie,Sci-Fi,Hindi,2022-07-21,40,2.9,504219.0,available
9220,Storm Horizon,Movie,Action,English,2022-07-22,41,3.0,504220.0,Available
9221,Fire Legacy,Series,Drama,Tamil,2022-07-23,42,3.1,504221.0,Removed
9222,Ice Empire,Documentary,Comedy,Kannada,2022-07-24,43,3.2,504222.0,Upcoming
9223,Steel Dawn,Sports,Thriller,Malayalam,2022-07-25,44,3.3,504223.0,available
9224,Thunder Night,Movie,Romance,Telugu,2022-07-26,45,3.4,504224.0,Available
9225,Dark Warriors,Movie,action,Hindi,2022-07-27,46,3.5,504225.0,Removed
9226,Golden Destiny,Series,DRAMA,English,2022-07-28,47,3.6,504226.0,Upcoming
9227,Silent Journey,Documentary,Comedy,Tamil,2022-07-29,48,3.7,504227.0,available
9228,Rising Path,Sports,Horror,Kannada,2022-07-30,49,3.8,504228.0,Available
9229,Broken Truth,Movie,Sci-Fi,Malayalam,2022-07-31,50,3.9,504229.0,Removed
9230,Lost Promise,Movie,Action,Telugu,2022-08-01,51,4.0,504230.0,Upcoming
9231,Hidden Secrets,Series,Drama,Hindi,2022-08-02,52,4.1,504231.0,available
9232,Sacred Chronicles,Documentary,Comedy,English,2022-08-03,53,4.2,504232.0,Available
9233,Wild Tales,Sports,Thriller,,2022-08-04,54,4.3,504233.0,Removed
9234,Iron Dreams,Movie,Romance,Kannada,2022-08-05,55,4.4,504234.0,Upcoming
9235,Shadow Valley,Movie,action,Malayalam,2022-08-06,56,4.5,504235.0,available
9236,Burning Mountain,Series,DRAMA,Telugu,2022-08-07,57,4.6,504236.0,Available
9237,Last River,Documentary,Comedy,Hindi,2022-08-08,58,4.7,504237.0,Removed
9238,First Sky,Sports,Horror,English,2022-08-09,59,4.8,504238.0,Upcoming
9239,Final Ocean,Movie,Sci-Fi,Tamil,2022-08-10,60,4.9,504239.0,available
9240,Blue Horizon,Movie,Action,Kannada,2022-08-11,61,1.0,504240.0,Available
9241,Red Legacy,Series,Drama,Malayalam,2022-08-12,62,1.1,504241.0,Removed
9242,Black Empire,Documentary,Comedy,Telugu,2022-08-13,63,1.2,504242.0,Upcoming
9243,White Dawn,Sports,Thriller,Hindi,2022-08-14,64,1.3,504243.0,available
9244,Crimson Night,Movie,Romance,English,2022-08-15,65,1.4,504244.0,Available
9245,Storm Warriors,Movie,action,Tamil,2022-08-16,66,1.5,504245.0,Removed
9246,Fire Destiny,Series,DRAMA,Kannada,2022-08-17,67,1.6,504246.0,Upcoming
9247,Ice Journey,Documentary,Comedy,Malayalam,2022-08-18,68,1.7,504247.0,available
9248,Steel Path,Sports,Horror,Telugu,2022-08-19,69,1.8,504248.0,Available
9249,Thunder Truth,Movie,Sci-Fi,Hindi,2022-08-20,70,1.9,504249.0,Removed
9250,Dark Promise,Movie,Action,,2022-08-21,71,2.0,504250.0,Upcoming
9251,Golden Secrets,Series,Drama,Tamil,2022-08-22,72,2.1,504251.0,available
9252,Silent Chronicles,Documentary,Comedy,Kannada,2022-08-23,73,2.2,504252.0,Available
9253,Rising Tales,Sports,Thriller,Malayalam,2022-08-24,74,2.3,504253.0,Removed
9254,Broken Dreams,Movie,Romance,Telugu,2022-08-25,75,2.4,504254.0,Upcoming
9255,Lost Valley,Movie,action,Hindi,2022-08-26,76,2.5,504255.0,available
9256,Hidden Mountain,Series,DRAMA,English,2022-08-27,77,2.6,504256.0,Available
9257,Sacred River,Documentary,Comedy,Tamil,2022-08-28,78,2.7,504257.0,Removed
9258,Wild Sky,Sports,Horror,Kannada,2022-08-29,79,2.8,504258.0,Upcoming
9259,Iron Ocean,Movie,Sci-Fi,Malayalam,2022-08-30,80,2.9,504259.0,available
9260,Shadow Horizon,Movie,Action,Telugu,2022-08-31,81,3.0,504260.0,Available
9261,Burning Legacy,Series,Drama,Hindi,2022-09-01,82,3.1,504261.0,Removed
9262,Last Empire,Documentary,Comedy,English,2022-09-02,83,3.2,504262.0,Upcoming
9263,First Dawn,Sports,Thriller,Tamil,2022-09-03,84,3.3,504263.0,available
9264,Final Night,Movie,Romance,Kannada,2022-09-04,85,3.4,504264.0,Available
9265,Blue Warriors,Movie,action,Malayalam,2022-09-05,86,3.5,504265.0,Removed
9266,Red Destiny,Series,DRAMA,Telugu,2022-09-06,87,3.6,504266.0,Upcoming
9267,Black Journey,Documentary,Comedy,,2022-09-07,88,3.7,504267.0,available
9268,White Path,Sports,Horror,English,2022-09-08,89,3.8,504268.0,Available
9269,Crimson Truth,Movie,Sci-Fi,Tamil,2022-09-09,90,3.9,504269.0,Removed
9270,Storm Promise,Movie,Action,Kannada,2022-09-10,91,4.0,504270.0,Upcoming
9271,Fire Secrets,Series,Drama,Malayalam,2022-09-11,92,4.1,504271.0,available
9272,Ice Chronicles,Documentary,Comedy,Telugu,2022-09-12,93,4.2,504272.0,Available
9273,Steel Tales,Sports,Thriller,Hindi,2022-09-13,94,4.3,504273.0,Removed
9274,Thunder Dreams,Movie,Romance,English,2022-09-14,95,4.4,504274.0,Upcoming
9275,Dark Valley,Movie,action,Tamil,2022-09-15,96,4.5,504275.0,available
9276,Golden Mountain,Series,DRAMA,Kannada,2022-09-16,97,4.6,504276.0,Available
9277,Silent River,Documentary,Comedy,Malayalam,2022-09-17,98,4.7,504277.0,Removed
9278,Rising Sky,Sports,Horror,Telugu,2022-09-18,99,4.8,504278.0,Upcoming
9279,Broken Ocean,Movie,Sci-Fi,Hindi,2022-09-19,100,4.9,504279.0,available
9280,Lost Horizon,Movie,Action,English,2022-09-20,101,1.0,504280.0,Available
9281,Hidden Legacy,Series,Drama,Tamil,2022-09-21,102,1.1,504281.0,Removed
9282,Sacred Empire,Documentary,Comedy,Kannada,2022-09-22,103,1.2,504282.0,Upcoming
9283,Wild Dawn,Sports,Thriller,Malayalam,2022-09-23,104,1.3,504283.0,available
9284,Iron Night,Movie,Romance,,2022-09-24,105,1.4,504284.0,Available
9285,Shadow Warriors,Movie,action,Hindi,2022-09-25,106,1.5,504285.0,Removed
9286,Burning Destiny,Series,DRAMA,English,2022-09-26,107,1.6,504286.0,Upcoming
9287,Last Journey,Documentary,Comedy,Tamil,2022-09-27,108,1.7,504287.0,available
9288,First Path,Sports,Horror,Kannada,2022-09-28,109,1.8,504288.0,Available
9289,Final Truth,Movie,Sci-Fi,Malayalam,2022-09-29,110,1.9,504289.0,Removed
9290,Blue Promise,Movie,Action,Telugu,2022-09-30,111,2.0,504290.0,Upcoming
9291,Red Secrets,Series,Drama,Hindi,2022-10-01,112,2.1,504291.0,available
9292,Black Chronicles,Documentary,Comedy,English,2022-10-02,113,2.2,504292.0,Available
9293,White Tales,Sports,Thriller,Tamil,2022-10-03,114,2.3,504293.0,Removed
9294,Crimson Dreams,Movie,Romance,Kannada,2022-10-04,115,2.4,504294.0,Upcoming
9295,Storm Valley,Movie,action,Malayalam,2022-10-05,116,2.5,504295.0,available
9296,Fire Mountain,Series,DRAMA,Telugu,2022-10-06,117,2.6,504296.0,Available
9297,Ice River,Documentary,Comedy,Hindi,2022-10-07,118,2.7,504297.0,Removed
9298,Steel Sky,Sports,Horror,English,2022-10-08,119,2.8,504298.0,Upcoming
9299,Thunder Ocean,Movie,Sci-Fi,Tamil,2022-10-09,120,2.9,504299.0,available
9300,Dark Horizon,Movie,Action,Kannada,2022-10-10,121,3.0,504300.0,Available
9301,Golden Legacy,Series,Drama,,2022-10-11,122,3.1,504301.0,Removed
9302,Silent Empire,Documentary,Comedy,Telugu,2022-10-12,123,3.2,504302.0,Upcoming
9303,Rising Dawn,Sports,Thriller,Hindi,2022-10-13,124,3.3,504303.0,available
9304,Broken Night,Movie,Romance,English,2022-10-14,125,3.4,504304.0,Available
9305,Lost Warriors,Movie,action,Tamil,2022-10-15,126,3.5,504305.0,Removed
9306,Hidden Destiny,Series,DRAMA,Kannada,2022-10-16,127,3.6,504306.0,Upcoming
9307,Sacred Journey,Documentary,Comedy,Malayalam,2022-10-17,128,3.7,504307.0,available
9308,Wild Path,Sports,Horror,Telugu,2022-10-18,129,3.8,504308.0,Available
9309,Iron Truth,Movie,Sci-Fi,Hindi,2022-10-19,130,3.9,504309.0,Removed
9310,Shadow Promise,Movie,Action,English,2022-10-20,131,4.0,504310.0,Upcoming
9311,Burning Secrets,Series,Drama,Tamil,2022-10-21,132,4.1,504311.0,available
9312,Last Chronicles,Documentary,Comedy,Kannada,2022-10-22,133,4.2,504312.0,Available
9313,First Tales,Sports,Thriller,Malayalam,2022-10-23,134,4.3,504313.0,Removed
9314,Final Dreams,Movie,Romance,Telugu,2022-10-24,135,4.4,504314.0,Upcoming
9315,Blue Valley,Movie,action,Hindi,2022-10-25,136,4.5,504315.0,available
9316,Red Mountain,Series,DRAMA,English,2022-10-26,137,4.6,504316.0,Available
9317,Black River,Documentary,Comedy,Tamil,2022-10-27,138,4.7,504317.0,Removed
9318,White Sky,Sports,Horror,,2022-10-28,139,4.8,504318.0,Upcoming
9319,Crimson Ocean,Movie,Sci-Fi,Malayalam,2022-10-29,140,4.9,504319.0,available
9320,Storm Horizon,Movie,Action,Telugu,2022-10-30,141,1.0,504320.0,Available
9321,Fire Legacy,Series,Drama,Hindi,2022-10-31,142,1.1,504321.0,Removed
9322,Ice Empire,Documentary,Comedy,English,2022-11-01,143,1.2,504322.0,Upcoming
9323,Steel Dawn,Sports,Thriller,Tamil,2022-11-02,144,1.3,504323.0,available
9324,Thunder Night,Movie,Romance,Kannada,2022-11-03,145,1.4,504324.0,Available
9325,Dark Warriors,Movie,action,Malayalam,2022-11-04,146,1.5,504325.0,Removed
9326,Golden Destiny,Series,DRAMA,Telugu,2022-11-05,147,1.6,504326.0,Upcoming
9327,Silent Journey,Documentary,Comedy,Hindi,2022-11-06,148,1.7,504327.0,available
9328,Rising Path,Sports,Horror,English,2022-11-07,149,1.8,504328.0,Available
9329,Broken Truth,Movie,Sci-Fi,Tamil,2022-11-08,150,1.9,504329.0,Removed
9330,Lost Promise,Movie,Action,Kannada,2022-11-09,151,2.0,504330.0,Upcoming
9331,Hidden Secrets,Series,Drama,Malayalam,2022-11-10,152,2.1,504331.0,available
9332,Sacred Chronicles,Documentary,Comedy,Telugu,2022-11-11,153,2.2,504332.0,Available
9333,Wild Tales,Sports,Thriller,Hindi,2022-11-12,154,2.3,504333.0,Removed
9334,Iron Dreams,Movie,Romance,English,2022-11-13,155,2.4,504334.0,Upcoming
9335,Shadow Valley,Movie,action,,2022-11-14,156,2.5,504335.0,available
9336,Burning Mountain,Series,DRAMA,Kannada,2022-11-15,157,2.6,504336.0,Available
9337,Last River,Documentary,Comedy,Malayalam,2022-11-16,158,2.7,504337.0,Removed
9338,First Sky,Sports,Horror,Telugu,2022-11-17,159,2.8,504338.0,Upcoming
9339,Final Ocean,Movie,Sci-Fi,Hindi,2022-11-18,160,2.9,504339.0,available
9340,Blue Horizon,Movie,Action,English,2022-11-19,161,3.0,504340.0,Available
9341,Red Legacy,Series,Drama,Tamil,2022-11-20,162,3.1,504341.0,Removed
9342,Black Empire,Documentary,Comedy,Kannada,2022-11-21,163,3.2,504342.0,Upcoming
9343,White Dawn,Sports,Thriller,Malayalam,2022-11-22,164,3.3,504343.0,available
9344,Crimson Night,Movie,Romance,Telugu,2022-11-23,165,3.4,504344.0,Available
9345,Storm Warriors,Movie,action,Hindi,2022-11-24,166,3.5,504345.0,Removed
9346,Fire Destiny,Series,DRAMA,English,2022-11-25,167,3.6,504346.0,Upcoming
9347,Ice Journey,Documentary,Comedy,Tamil,2022-11-26,168,3.7,504347.0,available
9348,Steel Path,Sports,Horror,Kannada,2022-11-27,169,3.8,504348.0,Available
9349,Thunder Truth,Movie,Sci-Fi,Malayalam,2022-11-28,170,3.9,504349.0,Removed
9350,Dark Promise,Movie,Action,Telugu,2022-11-29,171,4.0,504350.0,Upcoming
9351,Golden Secrets,Series,Drama,Hindi,2022-11-30,172,4.1,504351.0,available
9352,Silent Chronicles,Documentary,Comedy,,2022-12-01,173,4.2,504352.0,Available
9353,Rising Tales,Sports,Thriller,Tamil,2022-12-02,174,4.3,504353.0,Removed
9354,Broken Dreams,Movie,Romance,Kannada,2022-12-03,175,4.4,504354.0,Upcoming
9355,Lost Valley,Movie,action,Malayalam,2022-12-04,176,4.5,504355.0,available
9356,Hidden Mountain,Series,DRAMA,Telugu,2022-12-05,177,4.6,504356.0,Available
9357,Sacred River,Documentary,Comedy,Hindi,2022-12-06,178,4.7,504357.0,Removed
9358,Wild Sky,Sports,Horror,English,2022-12-07,179,4.8,504358.0,Upcoming
9359,Iron Ocean,Movie,Sci-Fi,Tamil,2022-12-08,180,4.9,504359.0,available
9360,Shadow Horizon,Movie,Action,Kannada,2022-12-09,181,1.0,504360.0,Available
9361,Burning Legacy,Series,Drama,Malayalam,2022-12-10,182,1.1,504361.0,Removed
9362,Last Empire,Documentary,Comedy,Telugu,2022-12-11,183,1.2,504362.0,Upcoming
9363,First Dawn,Sports,Thriller,Hindi,2022-12-12,184,1.3,504363.0,available
9364,Final Night,Movie,Romance,English,2022-12-13,185,1.4,504364.0,Available
9365,Blue Warriors,Movie,action,Tamil,2022-12-14,186,1.5,504365.0,Removed
9366,Red Destiny,Series,DRAMA,Kannada,2022-12-15,187,1.6,504366.0,Upcoming
9367,Black Journey,Documentary,Comedy,Malayalam,2022-12-16,188,1.7,504367.0,available
9368,White Path,Sports,Horror,Telugu,2022-12-17,189,1.8,504368.0,Available
9369,Crimson Truth,Movie,Sci-Fi,,2022-12-18,190,1.9,504369.0,Removed
9370,Storm Promise,Movie,Action,English,2022-12-19,191,2.0,504370.0,Upcoming
9371,Fire Secrets,Series,Drama,Tamil,2022-12-20,192,2.1,504371.0,available
9372,Ice Chronicles,Documentary,Comedy,Kannada,2022-12-21,193,2.2,504372.0,Available
9373,Steel Tales,Sports,Thriller,Malayalam,2022-12-22,194,2.3,504373.0,Removed
9374,Thunder Dreams,Movie,Romance,Telugu,2022-12-23,195,2.4,504374.0,Upcoming
9375,Dark Valley,Movie,action,Hindi,2022-12-24,196,2.5,504375.0,available
9376,Golden Mountain,Series,DRAMA,English,2022-12-25,197,2.6,504376.0,Available
9377,Silent River,Documentary,Comedy,Tamil,2022-12-26,198,2.7,504377.0,Removed
9378,Rising Sky,Sports,Horror,Kannada,2022-12-27,199,2.8,504378.0,Upcoming
9379,Broken Ocean,Movie,Sci-Fi,Malayalam,2022-12-28,200,2.9,504379.0,available
9380,Lost Horizon,Movie,Action,Telugu,2022-12-29,201,3.0,504380.0,Available
9381,Hidden Legacy,Series,Drama,Hindi,2022-12-30,202,3.1,504381.0,Removed
9382,Sacred Empire,Documentary,Comedy,English,2022-12-31,203,3.2,504382.0,Upcoming
9383,Wild Dawn,Sports,Thriller,Tamil,2023-01-01,204,3.3,504383.0,available
9384,Iron Night,Movie,Romance,Kannada,2023-01-02,205,3.4,504384.0,Available
9385,Shadow Warriors,Movie,action,Malayalam,2023-01-03,206,3.5,504385.0,Removed
9386,Burning Destiny,Series,DRAMA,,2023-01-04,207,3.6,504386.0,Upcoming
9387,Last Journey,Documentary,Comedy,Hindi,2023-01-05,208,3.7,504387.0,available
9388,First Path,Sports,Horror,English,2023-01-06,209,3.8,504388.0,Available
9389,Final Truth,Movie,Sci-Fi,Tamil,2023-01-07,210,3.9,504389.0,Removed
9390,Blue Promise,Movie,Action,Kannada,2023-01-08,211,4.0,504390.0,Upcoming
9391,Red Secrets,Series,Drama,Malayalam,2023-01-09,212,4.1,504391.0,available
9392,Black Chronicles,Documentary,Comedy,Telugu,2023-01-10,213,4.2,504392.0,Available
9393,White Tales,Sports,Thriller,Hindi,2023-01-11,214,4.3,504393.0,Removed
9394,Crimson Dreams,Movie,Romance,English,2023-01-12,215,4.4,504394.0,Upcoming
9395,Storm Valley,Movie,action,Tamil,2023-01-13,216,4.5,504395.0,available
9396,Fire Mountain,Series,DRAMA,Kannada,2023-01-14,217,4.6,504396.0,Available
9397,Ice River,Documentary,Comedy,Malayalam,2023-01-15,218,4.7,504397.0,Removed
9398,Steel Sky,Sports,Horror,Telugu,2023-01-16,219,4.8,504398.0,Upcoming
9399,Thunder Ocean,Movie,Sci-Fi,Hindi,2023-01-17,220,4.9,504399.0,available
9400,Dark Horizon,Movie,Action,English,2023-01-18,221,1.0,504400.0,Available
9401,Golden Legacy,Series,Drama,Tamil,2023-01-19,222,1.1,504401.0,Removed
9402,Silent Empire,Documentary,Comedy,Kannada,2023-01-20,223,1.2,504402.0,Upcoming
9403,Rising Dawn,Sports,Thriller,,2023-01-21,224,1.3,504403.0,available
9404,Broken Night,Movie,Romance,Telugu,2023-01-22,225,1.4,504404.0,Available
9405,Lost Warriors,Movie,action,Hindi,2023-01-23,226,1.5,504405.0,Removed
9406,Hidden Destiny,Series,DRAMA,English,2023-01-24,227,1.6,504406.0,Upcoming
9407,Sacred Journey,Documentary,Comedy,Tamil,2023-01-25,228,1.7,504407.0,available
9408,Wild Path,Sports,Horror,Kannada,2023-01-26,229,1.8,504408.0,Available
9409,Iron Truth,Movie,Sci-Fi,Malayalam,2023-01-27,230,1.9,504409.0,Removed
9410,Shadow Promise,Movie,Action,Telugu,2023-01-28,231,2.0,504410.0,Upcoming
9411,Burning Secrets,Series,Drama,Hindi,2023-01-29,232,2.1,504411.0,available
9412,Last Chronicles,Documentary,Comedy,English,2023-01-30,233,2.2,504412.0,Available
9413,First Tales,Sports,Thriller,Tamil,2023-01-31,234,2.3,504413.0,Removed
9414,Final Dreams,Movie,Romance,Kannada,2023-02-01,235,2.4,504414.0,Upcoming
9415,Blue Valley,Movie,action,Malayalam,2023-02-02,236,2.5,504415.0,available
9416,Red Mountain,Series,DRAMA,Telugu,2023-02-03,237,2.6,504416.0,Available
9417,Black River,Documentary,Comedy,Hindi,2023-02-04,238,2.7,504417.0,Removed
9418,White Sky,Sports,Horror,English,2023-02-05,239,2.8,504418.0,Upcoming
9419,Crimson Ocean,Movie,Sci-Fi,Tamil,2023-02-06,240,2.9,504419.0,available
9420,Storm Horizon,Movie,Action,,2023-02-07,20,3.0,504420.0,Available
9421,Fire Legacy,Series,Drama,Malayalam,2023-02-08,21,3.1,504421.0,Removed
9422,Ice Empire,Documentary,Comedy,Telugu,2023-02-09,22,3.2,504422.0,Upcoming
9423,Steel Dawn,Sports,Thriller,Hindi,2023-02-10,23,3.3,504423.0,available
9424,Thunder Night,Movie,Romance,English,2023-02-11,24,3.4,504424.0,Available
9425,Dark Warriors,Movie,action,Tamil,2023-02-12,25,3.5,504425.0,Removed
9426,Golden Destiny,Series,DRAMA,Kannada,2023-02-13,26,3.6,504426.0,Upcoming
9427,Silent Journey,Documentary,Comedy,Malayalam,2023-02-14,27,3.7,504427.0,available
9428,Rising Path,Sports,Horror,Telugu,2023-02-15,28,3.8,504428.0,Available
9429,Broken Truth,Movie,Sci-Fi,Hindi,2023-02-16,29,3.9,504429.0,Removed
9430,Lost Promise,Movie,Action,English,2023-02-17,30,4.0,504430.0,Upcoming
9431,Hidden Secrets,Series,Drama,Tamil,2023-02-18,31,4.1,504431.0,available
9432,Sacred Chronicles,Documentary,Comedy,Kannada,2023-02-19,32,4.2,504432.0,Available
9433,Wild Tales,Sports,Thriller,Malayalam,2023-02-20,33,4.3,504433.0,Removed
9434,Iron Dreams,Movie,Romance,Telugu,2023-02-21,34,4.4,504434.0,Upcoming
9435,Shadow Valley,Movie,action,Hindi,2023-02-22,35,4.5,504435.0,available
9436,Burning Mountain,Series,DRAMA,English,2023-02-23,36,4.6,504436.0,Available
9437,Last River,Documentary,Comedy,,2023-02-24,37,4.7,504437.0,Removed
9438,First Sky,Sports,Horror,Kannada,2023-02-25,38,4.8,504438.0,Upcoming
9439,Final Ocean,Movie,Sci-Fi,Malayalam,2023-02-26,39,4.9,504439.0,available
9440,Blue Horizon,Movie,Action,Telugu,2023-02-27,40,1.0,504440.0,Available
9441,Red Legacy,Series,Drama,Hindi,2023-02-28,41,1.1,504441.0,Removed
9442,Black Empire,Documentary,Comedy,English,2023-03-01,42,1.2,504442.0,Upcoming
9443,White Dawn,Sports,Thriller,Tamil,2023-03-02,43,1.3,504443.0,available
9444,Crimson Night,Movie,Romance,Kannada,2023-03-03,44,1.4,504444.0,Available
9445,Storm Warriors,Movie,action,Malayalam,2023-03-04,45,1.5,504445.0,Removed
9446,Fire Destiny,Series,DRAMA,Telugu,2023-03-05,46,1.6,504446.0,Upcoming
9447,Ice Journey,Documentary,Comedy,Hindi,2023-03-06,47,1.7,504447.0,available
9448,Steel Path,Sports,Horror,English,2023-03-07,48,1.8,504448.0,Available
9449,Thunder Truth,Movie,Sci-Fi,Tamil,2023-03-08,49,1.9,504449.0,Removed
9450,Dark Promise,Movie,Action,Kannada,2023-03-09,50,2.0,504450.0,Upcoming
9451,Golden Secrets,Series,Drama,Malayalam,2023-03-10,51,2.1,504451.0,available
9452,Silent Chronicles,Documentary,Comedy,Telugu,2023-03-11,52,2.2,504452.0,Available
9453,Rising Tales,Sports,Thriller,Hindi,2023-03-12,53,2.3,504453.0,Removed
9454,Broken Dreams,Movie,Romance,,2023-03-13,54,2.4,504454.0,Upcoming
9455,Lost Valley,Movie,action,Tamil,2023-03-14,55,2.5,504455.0,available
9456,Hidden Mountain,Series,DRAMA,Kannada,2023-03-15,56,2.6,504456.0,Available
9457,Sacred River,Documentary,Comedy,Malayalam,2023-03-16,57,2.7,504457.0,Removed
9458,Wild Sky,Sports,Horror,Telugu,2023-03-17,58,2.8,504458.0,Upcoming
9459,Iron Ocean,Movie,Sci-Fi,Hindi,2023-03-18,59,2.9,504459.0,available
9460,Shadow Horizon,Movie,Action,English,2023-03-19,60,3.0,504460.0,Available
9461,Burning Legacy,Series,Drama,Tamil,2023-03-20,61,3.1,504461.0,Removed
9462,Last Empire,Documentary,Comedy,Kannada,2023-03-21,62,3.2,504462.0,Upcoming
9463,First Dawn,Sports,Thriller,Malayalam,2023-03-22,63,3.3,504463.0,available
9464,Final Night,Movie,Romance,Telugu,2023-03-23,64,3.4,504464.0,Available
9465,Blue Warriors,Movie,action,Hindi,2023-03-24,65,3.5,504465.0,Removed
9466,Red Destiny,Series,DRAMA,English,2023-03-25,66,3.6,504466.0,Upcoming
9467,Black Journey,Documentary,Comedy,Tamil,2023-03-26,67,3.7,504467.0,available
9468,White Path,Sports,Horror,Kannada,2023-03-27,68,3.8,504468.0,Available
9469,Crimson Truth,Movie,Sci-Fi,Malayalam,2023-03-28,69,3.9,504469.0,Removed
9470,Storm Promise,Movie,Action,Telugu,2023-03-29,70,4.0,504470.0,Upcoming
9471,Fire Secrets,Series,Drama,,2023-03-30,71,4.1,504471.0,available
9472,Ice Chronicles,Documentary,Comedy,English,2023-03-31,72,4.2,504472.0,Available
9473,Steel Tales,Sports,Thriller,Tamil,2023-04-01,73,4.3,504473.0,Removed
9474,Thunder Dreams,Movie,Romance,Kannada,2023-04-02,74,4.4,504474.0,Upcoming
9475,Dark Valley,Movie,action,Malayalam,2023-04-03,75,4.5,504475.0,available
9476,Golden Mountain,Series,DRAMA,Telugu,2023-04-04,76,4.6,504476.0,Available
9477,Silent River,Documentary,Comedy,Hindi,2023-04-05,77,4.7,504477.0,Removed
9478,Rising Sky,Sports,Horror,English,2023-04-06,78,4.8,504478.0,Upcoming
9479,Broken Ocean,Movie,Sci-Fi,Tamil,2023-04-07,79,4.9,504479.0,available
9480,Lost Horizon,Movie,Action,Kannada,2023-04-08,80,1.0,504480.0,Available
9481,Hidden Legacy,Series,Drama,Malayalam,2023-04-09,81,1.1,504481.0,Removed
9482,Sacred Empire,Documentary,Comedy,Telugu,2023-04-10,82,1.2,504482.0,Upcoming
9483,Wild Dawn,Sports,Thriller,Hindi,2023-04-11,83,1.3,504483.0,available
9484,Iron Night,Movie,Romance,English,2023-04-12,84,1.4,504484.0,Available
9485,Shadow Warriors,Movie,action,Tamil,2023-04-13,85,1.5,504485.0,Removed
9486,Burning Destiny,Series,DRAMA,Kannada,2023-04-14,86,1.6,504486.0,Upcoming
9487,Last Journey,Documentary,Comedy,Malayalam,2023-04-15,87,1.7,504487.0,available
9488,First Path,Sports,Horror,,2023-04-16,88,1.8,504488.0,Available
9489,Final Truth,Movie,Sci-Fi,Hindi,2023-04-17,89,1.9,504489.0,Removed
9490,Blue Promise,Movie,Action,English,2023-04-18,90,2.0,504490.0,Upcoming
9491,Red Secrets,Series,Drama,Tamil,2023-04-19,91,2.1,504491.0,available
9492,Black Chronicles,Documentary,Comedy,Kannada,2023-04-20,92,2.2,504492.0,Available
9493,White Tales,Sports,Thriller,Malayalam,2023-04-21,93,2.3,504493.0,Removed
9494,Crimson Dreams,Movie,Romance,Telugu,2023-04-22,94,2.4,504494.0,Upcoming
9495,Storm Valley,Movie,action,Hindi,2023-04-23,95,2.5,504495.0,available
9496,Fire Mountain,Series,DRAMA,English,2023-04-24,96,2.6,504496.0,Available
9497,Ice River,Documentary,Comedy,Tamil,2023-04-25,97,2.7,504497.0,Removed
9498,Steel Sky,Sports,Horror,Kannada,2023-04-26,98,2.8,504498.0,Upcoming
9499,Thunder Ocean,Movie,Sci-Fi,Malayalam,2023-04-27,99,2.9,504499.0,available
9500,Dark Horizon,Movie,Action,Telugu,2023-04-28,100,3.0,504500.0,Available
9501,Golden Legacy,Series,Drama,Hindi,2023-04-29,101,3.1,504501.0,Removed
9502,Silent Empire,Documentary,Comedy,English,2023-04-30,102,3.2,504502.0,Upcoming
9503,Rising Dawn,Sports,Thriller,Tamil,2023-05-01,103,3.3,504503.0,available
9504,Broken Night,Movie,Romance,Kannada,2023-05-02,104,3.4,504504.0,Available
9505,Lost Warriors,Movie,action,,2023-05-03,105,3.5,504505.0,Removed
9506,Hidden Destiny,Series,DRAMA,Telugu,2023-05-04,106,3.6,504506.0,Upcoming
9507,Sacred Journey,Documentary,Comedy,Hindi,2023-05-05,107,3.7,504507.0,available
9508,Wild Path,Sports,Horror,English,2023-05-06,108,3.8,504508.0,Available
9509,Iron Truth,Movie,Sci-Fi,Tamil,2023-05-07,109,3.9,504509.0,Removed
9510,Shadow Promise,Movie,Action,Kannada,2023-05-08,110,4.0,504510.0,Upcoming
9511,Burning Secrets,Series,Drama,Malayalam,2023-05-09,111,4.1,504511.0,available
9512,Last Chronicles,Documentary,Comedy,Telugu,2023-05-10,112,4.2,504512.0,Available
9513,First Tales,Sports,Thriller,Hindi,2023-05-11,113,4.3,504513.0,Removed
9514,Final Dreams,Movie,Romance,English,2023-05-12,114,4.4,504514.0,Upcoming
9515,Blue Valley,Movie,action,Tamil,2023-05-13,115,4.5,504515.0,available
9516,Red Mountain,Series,DRAMA,Kannada,2023-05-14,116,4.6,504516.0,Available
9517,Black River,Documentary,Comedy,Malayalam,2023-05-15,117,4.7,504517.0,Removed
9518,White Sky,Sports,Horror,Telugu,2023-05-16,118,4.8,504518.0,Upcoming
9519,Crimson Ocean,Movie,Sci-Fi,Hindi,2023-05-17,119,4.9,504519.0,available
9520,Storm Horizon,Movie,Action,English,2023-05-18,120,1.0,504520.0,Available
9521,Fire Legacy,Series,Drama,Tamil,2023-05-19,121,1.1,504521.0,Removed
9522,Ice Empire,Documentary,Comedy,,2023-05-20,122,1.2,504522.0,Upcoming
9523,Steel Dawn,Sports,Thriller,Malayalam,2023-05-21,123,1.3,504523.0,available
9524,Thunder Night,Movie,Romance,Telugu,2023-05-22,124,1.4,504524.0,Available
9525,Dark Warriors,Movie,action,Hindi,2023-05-23,125,1.5,504525.0,Removed
9526,Golden Destiny,Series,DRAMA,English,2023-05-24,126,1.6,504526.0,Upcoming
9527,Silent Journey,Documentary,Comedy,Tamil,2023-05-25,127,1.7,504527.0,available
9528,Rising Path,Sports,Horror,Kannada,2023-05-26,128,1.8,504528.0,Available
9529,Broken Truth,Movie,Sci-Fi,Malayalam,2023-05-27,129,1.9,504529.0,Removed
9530,Lost Promise,Movie,Action,Telugu,2023-05-28,130,2.0,504530.0,Upcoming
9531,Hidden Secrets,Series,Drama,Hindi,2023-05-29,131,2.1,504531.0,available
9532,Sacred Chronicles,Documentary,Comedy,English,2023-05-30,132,2.2,504532.0,Available
9533,Wild Tales,Sports,Thriller,Tamil,2023-05-31,133,2.3,504533.0,Removed
9534,Iron Dreams,Movie,Romance,Kannada,2023-06-01,134,2.4,504534.0,Upcoming
9535,Shadow Valley,Movie,action,Malayalam,2023-06-02,135,2.5,504535.0,available
9536,Burning Mountain,Series,DRAMA,Telugu,2023-06-03,136,2.6,504536.0,Available
9537,Last River,Documentary,Comedy,Hindi,2023-06-04,137,2.7,504537.0,Removed
9538,First Sky,Sports,Horror,English,2023-06-05,138,2.8,504538.0,Upcoming
9539,Final Ocean,Movie,Sci-Fi,,2023-06-06,139,2.9,504539.0,available
9540,Blue Horizon,Movie,Action,Kannada,2023-06-07,140,3.0,504540.0,Available
9541,Red Legacy,Series,Drama,Malayalam,2023-06-08,141,3.1,504541.0,Removed
9542,Black Empire,Documentary,Comedy,Telugu,2023-06-09,142,3.2,504542.0,Upcoming
9543,White Dawn,Sports,Thriller,Hindi,2023-06-10,143,3.3,504543.0,available
9544,Crimson Night,Movie,Romance,English,2023-06-11,144,3.4,504544.0,Available
9545,Storm Warriors,Movie,action,Tamil,2023-06-12,145,3.5,504545.0,Removed
9546,Fire Destiny,Series,DRAMA,Kannada,2023-06-13,146,3.6,504546.0,Upcoming
9547,Ice Journey,Documentary,Comedy,Malayalam,2023-06-14,147,3.7,504547.0,available
9548,Steel Path,Sports,Horror,Telugu,2023-06-15,148,3.8,504548.0,Available
9549,Thunder Truth,Movie,Sci-Fi,Hindi,2023-06-16,149,3.9,504549.0,Removed
9550,Dark Promise,Movie,Action,English,2023-06-17,150,4.0,504550.0,Upcoming
9551,Golden Secrets,Series,Drama,Tamil,2023-06-18,151,4.1,504551.0,available
9552,Silent Chronicles,Documentary,Comedy,Kannada,2023-06-19,152,4.2,504552.0,Available
9553,Rising Tales,Sports,Thriller,Malayalam,2023-06-20,153,4.3,504553.0,Removed
9554,Broken Dreams,Movie,Romance,Telugu,2023-06-21,154,4.4,504554.0,Upcoming
9555,Lost Valley,Movie,action,Hindi,2023-06-22,155,4.5,504555.0,available
9556,Hidden Mountain,Series,DRAMA,,2023-06-23,156,4.6,504556.0,Available
9557,Sacred River,Documentary,Comedy,Tamil,2023-06-24,157,4.7,504557.0,Removed
9558,Wild Sky,Sports,Horror,Kannada,2023-06-25,158,4.8,504558.0,Upcoming
9559,Iron Ocean,Movie,Sci-Fi,Malayalam,2023-06-26,159,4.9,504559.0,available
9560,Shadow Horizon,Movie,Action,Telugu,2023-06-27,160,1.0,504560.0,Available
9561,Burning Legacy,Series,Drama,Hindi,2023-06-28,161,1.1,504561.0,Removed
9562,Last Empire,Documentary,Comedy,English,2023-06-29,162,1.2,504562.0,Upcoming
9563,First Dawn,Sports,Thriller,Tamil,2023-06-30,163,1.3,504563.0,available
9564,Final Night,Movie,Romance,Kannada,2023-07-01,164,1.4,504564.0,Available
9565,Blue Warriors,Movie,action,Malayalam,2023-07-02,165,1.5,504565.0,Removed
9566,Red Destiny,Series,DRAMA,Telugu,2023-07-03,166,1.6,504566.0,Upcoming
9567,Black Journey,Documentary,Comedy,Hindi,2023-07-04,167,1.7,504567.0,available
9568,White Path,Sports,Horror,English,2023-07-05,168,1.8,504568.0,Available
9569,Crimson Truth,Movie,Sci-Fi,Tamil,2023-07-06,169,1.9,504569.0,Removed
9570,Storm Promise,Movie,Action,Kannada,2023-07-07,170,2.0,504570.0,Upcoming
9571,Fire Secrets,Series,Drama,Malayalam,2023-07-08,171,2.1,504571.0,available
9572,Ice Chronicles,Documentary,Comedy,Telugu,2023-07-09,172,2.2,504572.0,Available
9573,Steel Tales,Sports,Thriller,,2023-07-10,173,2.3,504573.0,Removed
9574,Thunder Dreams,Movie,Romance,English,2023-07-11,174,2.4,504574.0,Upcoming
9575,Dark Valley,Movie,action,Tamil,2023-07-12,175,2.5,504575.0,available
9576,Golden Mountain,Series,DRAMA,Kannada,2023-07-13,176,2.6,504576.0,Available
9577,Silent River,Documentary,Comedy,Malayalam,2023-07-14,177,2.7,504577.0,Removed
9578,Rising Sky,Sports,Horror,Telugu,2023-07-15,178,2.8,504578.0,Upcoming
9579,Broken Ocean,Movie,Sci-Fi,Hindi,2023-07-16,179,2.9,504579.0,available
9580,Lost Horizon,Movie,Action,English,2023-07-17,180,3.0,504580.0,Available
9581,Hidden Legacy,Series,Drama,Tamil,2023-07-18,181,3.1,504581.0,Removed
9582,Sacred Empire,Documentary,Comedy,Kannada,2023-07-19,182,3.2,504582.0,Upcoming
9583,Wild Dawn,Sports,Thriller,Malayalam,2023-07-20,183,3.3,504583.0,available
9584,Iron Night,Movie,Romance,Telugu,2023-07-21,184,3.4,504584.0,Available
9585,Shadow Warriors,Movie,action,Hindi,2023-07-22,185,3.5,504585.0,Removed
9586,Burning Destiny,Series,DRAMA,English,2023-07-23,186,3.6,504586.0,Upcoming
9587,Last Journey,Documentary,Comedy,Tamil,2023-07-24,187,3.7,504587.0,available
9588,First Path,Sports,Horror,Kannada,2023-07-25,188,3.8,504588.0,Available
9589,Final Truth,Movie,Sci-Fi,Malayalam,2023-07-26,189,3.9,504589.0,Removed
9590,Blue Promise,Movie,Action,,2023-07-27,190,4.0,504590.0,Upcoming
9591,Red Secrets,Series,Drama,Hindi,2023-07-28,191,4.1,504591.0,available
9592,Black Chronicles,Documentary,Comedy,English,2023-07-29,192,4.2,504592.0,Available
9593,White Tales,Sports,Thriller,Tamil,2023-07-30,193,4.3,504593.0,Removed
9594,Crimson Dreams,Movie,Romance,Kannada,2023-07-31,194,4.4,504594.0,Upcoming
9595,Storm Valley,Movie,action,Malayalam,2023-08-01,195,4.5,504595.0,available
9596,Fire Mountain,Series,DRAMA,Telugu,2023-08-02,196,4.6,504596.0,Available
9597,Ice River,Documentary,Comedy,Hindi,2023-08-03,197,4.7,504597.0,Removed
9598,Steel Sky,Sports,Horror,English,2023-08-04,198,4.8,504598.0,Upcoming
9599,Thunder Ocean,Movie,Sci-Fi,Tamil,2023-08-05,199,4.9,504599.0,available
9600,Dark Horizon,Movie,Action,Kannada,2023-08-06,200,1.0,504600.0,Available
9601,Golden Legacy,Series,Drama,Malayalam,2023-08-07,201,1.1,504601.0,Removed
9602,Silent Empire,Documentary,Comedy,Telugu,2023-08-08,202,1.2,504602.0,Upcoming
9603,Rising Dawn,Sports,Thriller,Hindi,2023-08-09,203,1.3,504603.0,available
9604,Broken Night,Movie,Romance,English,2023-08-10,204,1.4,504604.0,Available
9605,Lost Warriors,Movie,action,Tamil,2023-08-11,205,1.5,504605.0,Removed
9606,Hidden Destiny,Series,DRAMA,Kannada,2023-08-12,206,1.6,504606.0,Upcoming
9607,Sacred Journey,Documentary,Comedy,,2023-08-13,207,1.7,504607.0,available
9608,Wild Path,Sports,Horror,Telugu,2023-08-14,208,1.8,504608.0,Available
9609,Iron Truth,Movie,Sci-Fi,Hindi,2023-08-15,209,1.9,504609.0,Removed
9610,Shadow Promise,Movie,Action,English,2023-08-16,210,2.0,504610.0,Upcoming
9611,Burning Secrets,Series,Drama,Tamil,2023-08-17,211,2.1,504611.0,available
9612,Last Chronicles,Documentary,Comedy,Kannada,2023-08-18,212,2.2,504612.0,Available
9613,First Tales,Sports,Thriller,Malayalam,2023-08-19,213,2.3,504613.0,Removed
9614,Final Dreams,Movie,Romance,Telugu,2023-08-20,214,2.4,504614.0,Upcoming
9615,Blue Valley,Movie,action,Hindi,2023-08-21,215,2.5,504615.0,available
9616,Red Mountain,Series,DRAMA,English,2023-08-22,216,2.6,504616.0,Available
9617,Black River,Documentary,Comedy,Tamil,2023-08-23,217,2.7,504617.0,Removed
9618,White Sky,Sports,Horror,Kannada,2023-08-24,218,2.8,504618.0,Upcoming
9619,Crimson Ocean,Movie,Sci-Fi,Malayalam,2023-08-25,219,2.9,504619.0,available
9620,Storm Horizon,Movie,Action,Telugu,2023-08-26,220,3.0,504620.0,Available
9621,Fire Legacy,Series,Drama,Hindi,2023-08-27,221,3.1,504621.0,Removed
9622,Ice Empire,Documentary,Comedy,English,2023-08-28,222,3.2,504622.0,Upcoming
9623,Steel Dawn,Sports,Thriller,Tamil,2023-08-29,223,3.3,504623.0,available
9624,Thunder Night,Movie,Romance,,2023-08-30,224,3.4,504624.0,Available
9625,Dark Warriors,Movie,action,Malayalam,2023-08-31,225,3.5,504625.0,Removed
9626,Golden Destiny,Series,DRAMA,Telugu,2023-09-01,226,3.6,504626.0,Upcoming
9627,Silent Journey,Documentary,Comedy,Hindi,2023-09-02,227,3.7,504627.0,available
9628,Rising Path,Sports,Horror,English,2023-09-03,228,3.8,504628.0,Available
9629,Broken Truth,Movie,Sci-Fi,Tamil,2023-09-04,229,3.9,504629.0,Removed
9630,Lost Promise,Movie,Action,Kannada,2023-09-05,230,4.0,504630.0,Upcoming
9631,Hidden Secrets,Series,Drama,Malayalam,2023-09-06,231,4.1,504631.0,available
9632,Sacred Chronicles,Documentary,Comedy,Telugu,2023-09-07,232,4.2,504632.0,Available
9633,Wild Tales,Sports,Thriller,Hindi,2023-09-08,233,4.3,504633.0,Removed
9634,Iron Dreams,Movie,Romance,English,2023-09-09,234,4.4,504634.0,Upcoming
9635,Shadow Valley,Movie,action,Tamil,2023-09-10,235,4.5,504635.0,available
9636,Burning Mountain,Series,DRAMA,Kannada,2023-09-11,236,4.6,504636.0,Available
9637,Last River,Documentary,Comedy,Malayalam,2023-09-12,237,4.7,504637.0,Removed
9638,First Sky,Sports,Horror,Telugu,2023-09-13,238,4.8,504638.0,Upcoming
9639,Final Ocean,Movie,Sci-Fi,Hindi,2023-09-14,239,4.9,504639.0,available
9640,Blue Horizon,Movie,Action,English,2023-09-15,240,1.0,504640.0,Available
9641,Red Legacy,Series,Drama,,2023-09-16,20,1.1,504641.0,Removed
9642,Black Empire,Documentary,Comedy,Kannada,2023-09-17,21,1.2,504642.0,Upcoming
9643,White Dawn,Sports,Thriller,Malayalam,2023-09-18,22,1.3,504643.0,available
9644,Crimson Night,Movie,Romance,Telugu,2023-09-19,23,1.4,504644.0,Available
9645,Storm Warriors,Movie,action,Hindi,2023-09-20,24,1.5,504645.0,Removed
9646,Fire Destiny,Series,DRAMA,English,2023-09-21,25,1.6,504646.0,Upcoming
9647,Ice Journey,Documentary,Comedy,Tamil,2023-09-22,26,1.7,504647.0,available
9648,Steel Path,Sports,Horror,Kannada,2023-09-23,27,1.8,504648.0,Available
9649,Thunder Truth,Movie,Sci-Fi,Malayalam,2023-09-24,28,1.9,504649.0,Removed
9650,Dark Promise,Movie,Action,Telugu,2023-09-25,29,2.0,504650.0,Upcoming
9651,Golden Secrets,Series,Drama,Hindi,2023-09-26,30,2.1,504651.0,available
9652,Silent Chronicles,Documentary,Comedy,English,2023-09-27,31,2.2,504652.0,Available
9653,Rising Tales,Sports,Thriller,Tamil,2023-09-28,32,2.3,504653.0,Removed
9654,Broken Dreams,Movie,Romance,Kannada,2023-09-29,33,2.4,504654.0,Upcoming
9655,Lost Valley,Movie,action,Malayalam,2023-09-30,34,2.5,504655.0,available
9656,Hidden Mountain,Series,DRAMA,Telugu,2023-10-01,35,2.6,504656.0,Available
9657,Sacred River,Documentary,Comedy,Hindi,2023-10-02,36,2.7,504657.0,Removed
9658,Wild Sky,Sports,Horror,,2023-10-03,37,2.8,504658.0,Upcoming
9659,Iron Ocean,Movie,Sci-Fi,Tamil,2023-10-04,38,2.9,504659.0,available
9660,Shadow Horizon,Movie,Action,Kannada,2023-10-05,39,3.0,504660.0,Available
9661,Burning Legacy,Series,Drama,Malayalam,2023-10-06,40,3.1,504661.0,Removed
9662,Last Empire,Documentary,Comedy,Telugu,2023-10-07,41,3.2,504662.0,Upcoming
9663,First Dawn,Sports,Thriller,Hindi,2023-10-08,42,3.3,504663.0,available
9664,Final Night,Movie,Romance,English,2023-10-09,43,3.4,504664.0,Available
9665,Blue Warriors,Movie,action,Tamil,2023-10-10,44,3.5,504665.0,Removed
9666,Red Destiny,Series,DRAMA,Kannada,2023-10-11,45,3.6,504666.0,Upcoming
9667,Black Journey,Documentary,Comedy,Malayalam,2023-10-12,46,3.7,504667.0,available
9668,White Path,Sports,Horror,Telugu,2023-10-13,47,3.8,504668.0,Available
9669,Crimson Truth,Movie,Sci-Fi,Hindi,2023-10-14,48,3.9,504669.0,Removed
9670,Storm Promise,Movie,Action,English,2023-10-15,49,4.0,504670.0,Upcoming
9671,Fire Secrets,Series,Drama,Tamil,2023-10-16,50,4.1,504671.0,available
9672,Ice Chronicles,Documentary,Comedy,Kannada,2023-10-17,51,4.2,504672.0,Available
9673,Steel Tales,Sports,Thriller,Malayalam,2023-10-18,52,4.3,504673.0,Removed
9674,Thunder Dreams,Movie,Romance,Telugu,2023-10-19,53,4.4,504674.0,Upcoming
9675,Dark Valley,Movie,action,,2023-10-20,54,4.5,504675.0,available
9676,Golden Mountain,Series,DRAMA,English,2023-10-21,55,4.6,504676.0,Available
9677,Silent River,Documentary,Comedy,Tamil,2023-10-22,56,4.7,504677.0,Removed
9678,Rising Sky,Sports,Horror,Kannada,2023-10-23,57,4.8,504678.0,Upcoming
9679,Broken Ocean,Movie,Sci-Fi,Malayalam,2023-10-24,58,4.9,504679.0,available
9680,Lost Horizon,Movie,Action,Telugu,2023-10-25,59,1.0,504680.0,Available
9681,Hidden Legacy,Series,Drama,Hindi,2023-10-26,60,1.1,504681.0,Removed
9682,Sacred Empire,Documentary,Comedy,English,2023-10-27,61,1.2,504682.0,Upcoming
9683,Wild Dawn,Sports,Thriller,Tamil,2023-10-28,62,1.3,504683.0,available
9684,Iron Night,Movie,Romance,Kannada,2023-10-29,63,1.4,504684.0,Available
9685,Shadow Warriors,Movie,action,Malayalam,2023-10-30,64,1.5,504685.0,Removed
9686,Burning Destiny,Series,DRAMA,Telugu,2023-10-31,65,1.6,504686.0,Upcoming
9687,Last Journey,Documentary,Comedy,Hindi,2023-11-01,66,1.7,504687.0,available
9688,First Path,Sports,Horror,English,2023-11-02,67,1.8,504688.0,Available
9689,Final Truth,Movie,Sci-Fi,Tamil,2023-11-03,68,1.9,504689.0,Removed
9690,Blue Promise,Movie,Action,Kannada,2023-11-04,69,2.0,504690.0,Upcoming
9691,Red Secrets,Series,Drama,Malayalam,2023-11-05,70,2.1,504691.0,available
9692,Black Chronicles,Documentary,Comedy,,2023-11-06,71,2.2,504692.0,Available
9693,White Tales,Sports,Thriller,Hindi,2023-11-07,72,2.3,504693.0,Removed
9694,Crimson Dreams,Movie,Romance,English,2023-11-08,73,2.4,504694.0,Upcoming
9695,Storm Valley,Movie,action,Tamil,2023-11-09,74,2.5,504695.0,available
9696,Fire Mountain,Series,DRAMA,Kannada,2023-11-10,75,2.6,504696.0,Available
9697,Ice River,Documentary,Comedy,Malayalam,2023-11-11,76,2.7,504697.0,Removed
9698,Steel Sky,Sports,Horror,Telugu,2023-11-12,77,2.8,504698.0,Upcoming
9699,Thunder Ocean,Movie,Sci-Fi,Hindi,2023-11-13,78,2.9,504699.0,available
9700,Dark Horizon,Movie,Action,English,2023-11-14,79,3.0,504700.0,Available
9701,Golden Legacy,Series,Drama,Tamil,2023-11-15,80,3.1,504701.0,Removed
9702,Silent Empire,Documentary,Comedy,Kannada,2023-11-16,81,3.2,504702.0,Upcoming
9703,Rising Dawn,Sports,Thriller,Malayalam,2023-11-17,82,3.3,504703.0,available
9704,Broken Night,Movie,Romance,Telugu,2023-11-18,83,3.4,504704.0,Available
9705,Lost Warriors,Movie,action,Hindi,2023-11-19,84,3.5,504705.0,Removed
9706,Hidden Destiny,Series,DRAMA,English,2023-11-20,85,3.6,504706.0,Upcoming
9707,Sacred Journey,Documentary,Comedy,Tamil,2023-11-21,86,3.7,504707.0,available
9708,Wild Path,Sports,Horror,Kannada,2023-11-22,87,3.8,504708.0,Available
9709,Iron Truth,Movie,Sci-Fi,,2023-11-23,88,3.9,504709.0,Removed
9710,Shadow Promise,Movie,Action,Telugu,2023-11-24,89,4.0,504710.0,Upcoming
9711,Burning Secrets,Series,Drama,Hindi,2023-11-25,90,4.1,504711.0,available
9712,Last Chronicles,Documentary,Comedy,English,2023-11-26,91,4.2,504712.0,Available
9713,First Tales,Sports,Thriller,Tamil,2023-11-27,92,4.3,504713.0,Removed
9714,Final Dreams,Movie,Romance,Kannada,2023-11-28,93,4.4,504714.0,Upcoming
9715,Blue Valley,Movie,action,Malayalam,2023-11-29,94,4.5,504715.0,available
9716,Red Mountain,Series,DRAMA,Telugu,2023-11-30,95,4.6,504716.0,Available
9717,Black River,Documentary,Comedy,Hindi,2023-12-01,96,4.7,504717.0,Removed
9718,White Sky,Sports,Horror,English,2023-12-02,97,4.8,504718.0,Upcoming
9719,Crimson Ocean,Movie,Sci-Fi,Tamil,2023-12-03,98,4.9,504719.0,available
9720,Storm Horizon,Movie,Action,Kannada,2023-12-04,99,1.0,504720.0,Available
9721,Fire Legacy,Series,Drama,Malayalam,2023-12-05,100,1.1,504721.0,Removed
9722,Ice Empire,Documentary,Comedy,Telugu,2023-12-06,101,1.2,504722.0,Upcoming
9723,Steel Dawn,Sports,Thriller,Hindi,2023-12-07,102,1.3,504723.0,available
9724,Thunder Night,Movie,Romance,English,2023-12-08,103,1.4,504724.0,Available
9725,Dark Warriors,Movie,action,Tamil,2023-12-09,104,1.5,504725.0,Removed
9726,Golden Destiny,Series,DRAMA,,2023-12-10,105,1.6,504726.0,Upcoming
9727,Silent Journey,Documentary,Comedy,Malayalam,2023-12-11,106,1.7,504727.0,available
9728,Rising Path,Sports,Horror,Telugu,2023-12-12,107,1.8,504728.0,Available
9729,Broken Truth,Movie,Sci-Fi,Hindi,2023-12-13,108,1.9,504729.0,Removed
9730,Lost Promise,Movie,Action,English,2023-12-14,109,2.0,504730.0,Upcoming
9731,Hidden Secrets,Series,Drama,Tamil,2023-12-15,110,2.1,504731.0,available
9732,Sacred Chronicles,Documentary,Comedy,Kannada,2023-12-16,111,2.2,504732.0,Available
9733,Wild Tales,Sports,Thriller,Malayalam,2023-12-17,112,2.3,504733.0,Removed
9734,Iron Dreams,Movie,Romance,Telugu,2023-12-18,113,2.4,504734.0,Upcoming
9735,Shadow Valley,Movie,action,Hindi,2023-12-19,114,2.5,504735.0,available
9736,Burning Mountain,Series,DRAMA,English,2023-12-20,115,2.6,504736.0,Available
9737,Last River,Documentary,Comedy,Tamil,2023-12-21,116,2.7,504737.0,Removed
9738,First Sky,Sports,Horror,Kannada,2023-12-22,117,2.8,504738.0,Upcoming
9739,Final Ocean,Movie,Sci-Fi,Malayalam,2023-12-23,118,2.9,504739.0,available
9740,Blue Horizon,Movie,Action,Telugu,2023-12-24,119,3.0,504740.0,Available
9741,Red Legacy,Series,Drama,Hindi,2023-12-25,120,3.1,504741.0,Removed
9742,Black Empire,Documentary,Comedy,English,2023-12-26,121,3.2,504742.0,Upcoming
9743,White Dawn,Sports,Thriller,,2023-12-27,122,3.3,504743.0,available
9744,Crimson Night,Movie,Romance,Kannada,2023-12-28,123,3.4,504744.0,Available
9745,Storm Warriors,Movie,action,Malayalam,2023-12-29,124,3.5,504745.0,Removed
9746,Fire Destiny,Series,DRAMA,Telugu,2023-12-30,125,3.6,504746.0,Upcoming
9747,Ice Journey,Documentary,Comedy,Hindi,2023-12-31,126,3.7,504747.0,available
9748,Steel Path,Sports,Horror,English,2024-01-01,127,3.8,504748.0,Available
9749,Thunder Truth,Movie,Sci-Fi,Tamil,2024-01-02,128,3.9,504749.0,Removed
9750,Dark Promise,Movie,Action,Kannada,2024-01-03,129,4.0,504750.0,Upcoming
9751,Golden Secrets,Series,Drama,Malayalam,2024-01-04,130,4.1,504751.0,available
9752,Silent Chronicles,Documentary,Comedy,Telugu,2024-01-05,131,4.2,504752.0,Available
9753,Rising Tales,Sports,Thriller,Hindi,2024-01-06,132,4.3,504753.0,Removed
9754,Broken Dreams,Movie,Romance,English,2024-01-07,133,4.4,504754.0,Upcoming
9755,Lost Valley,Movie,action,Tamil,2024-01-08,134,4.5,504755.0,available
9756,Hidden Mountain,Series,DRAMA,Kannada,2024-01-09,135,4.6,504756.0,Available
9757,Sacred River,Documentary,Comedy,Malayalam,2024-01-10,136,4.7,504757.0,Removed
9758,Wild Sky,Sports,Horror,Telugu,2024-01-11,137,4.8,504758.0,Upcoming
9759,Iron Ocean,Movie,Sci-Fi,Hindi,2024-01-12,138,4.9,504759.0,available
9760,Shadow Horizon,Movie,Action,,2024-01-13,139,1.0,504760.0,Available
9761,Burning Legacy,Series,Drama,Tamil,2024-01-14,140,1.1,504761.0,Removed
9762,Last Empire,Documentary,Comedy,Kannada,2024-01-15,141,1.2,504762.0,Upcoming
9763,First Dawn,Sports,Thriller,Malayalam,2024-01-16,142,1.3,504763.0,available
9764,Final Night,Movie,Romance,Telugu,2024-01-17,143,1.4,504764.0,Available
9765,Blue Warriors,Movie,action,Hindi,2024-01-18,144,1.5,504765.0,Removed
9766,Red Destiny,Series,DRAMA,English,2024-01-19,145,1.6,504766.0,Upcoming
9767,Black Journey,Documentary,Comedy,Tamil,2024-01-20,146,1.7,504767.0,available
9768,White Path,Sports,Horror,Kannada,2024-01-21,147,1.8,504768.0,Available
9769,Crimson Truth,Movie,Sci-Fi,Malayalam,2024-01-22,148,1.9,504769.0,Removed
9770,Storm Promise,Movie,Action,Telugu,2024-01-23,149,2.0,504770.0,Upcoming
9771,Fire Secrets,Series,Drama,Hindi,2024-01-24,150,2.1,504771.0,available
9772,Ice Chronicles,Documentary,Comedy,English,2024-01-25,151,2.2,504772.0,Available
9773,Steel Tales,Sports,Thriller,Tamil,2024-01-26,152,2.3,504773.0,Removed
9774,Thunder Dreams,Movie,Romance,Kannada,2024-01-27,153,2.4,504774.0,Upcoming
9775,Dark Valley,Movie,action,Malayalam,2024-01-28,154,2.5,504775.0,available
9776,Golden Mountain,Series,DRAMA,Telugu,2024-01-29,155,2.6,504776.0,Available
9777,Silent River,Documentary,Comedy,,2024-01-30,156,2.7,504777.0,Removed
9778,Rising Sky,Sports,Horror,English,2024-01-31,157,2.8,504778.0,Upcoming
9779,Broken Ocean,Movie,Sci-Fi,Tamil,2024-02-01,158,2.9,504779.0,available
9780,Lost Horizon,Movie,Action,Kannada,2024-02-02,159,3.0,504780.0,Available
9781,Hidden Legacy,Series,Drama,Malayalam,2024-02-03,160,3.1,504781.0,Removed
9782,Sacred Empire,Documentary,Comedy,Telugu,2024-02-04,161,3.2,504782.0,Upcoming
9783,Wild Dawn,Sports,Thriller,Hindi,2024-02-05,162,3.3,504783.0,available
9784,Iron Night,Movie,Romance,English,2024-02-06,163,3.4,504784.0,Available
9785,Shadow Warriors,Movie,action,Tamil,2024-02-07,164,3.5,504785.0,Removed
9786,Burning Destiny,Series,DRAMA,Kannada,2024-02-08,165,3.6,504786.0,Upcoming
9787,Last Journey,Documentary,Comedy,Malayalam,2024-02-09,166,3.7,504787.0,available
9788,First Path,Sports,Horror,Telugu,2024-02-10,167,3.8,504788.0,Available
9789,Final Truth,Movie,Sci-Fi,Hindi,2024-02-11,168,3.9,504789.0,Removed
9790,Blue Promise,Movie,Action,English,2024-02-12,169,4.0,504790.0,Upcoming
9791,Red Secrets,Series,Drama,Tamil,2024-02-13,170,4.1,504791.0,available
9792,Black Chronicles,Documentary,Comedy,Kannada,2024-02-14,171,4.2,504792.0,Available
9793,White Tales,Sports,Thriller,Malayalam,2024-02-15,172,4.3,504793.0,Removed
9794,Crimson Dreams,Movie,Romance,,2024-02-16,173,4.4,504794.0,Upcoming
9795,Storm Valley,Movie,action,Hindi,2024-02-17,174,4.5,504795.0,available
9796,Fire Mountain,Series,DRAMA,English,2024-02-18,175,4.6,504796.0,Available
9797,Ice River,Documentary,Comedy,Tamil,2024-02-19,176,4.7,504797.0,Removed
9798,Steel Sky,Sports,Horror,Kannada,2024-02-20,177,4.8,504798.0,Upcoming
9799,Thunder Ocean,Movie,Sci-Fi,Malayalam,2024-02-21,178,4.9,504799.0,available
9800,Dark Horizon,Movie,Action,Telugu,2024-02-22,179,1.0,504800.0,Available
9801,Golden Legacy,Series,Drama,Hindi,2024-02-23,180,1.1,504801.0,Removed
9802,Silent Empire,Documentary,Comedy,English,2024-02-24,181,1.2,504802.0,Upcoming
9803,Rising Dawn,Sports,Thriller,Tamil,2024-02-25,182,1.3,504803.0,available
9804,Broken Night,Movie,Romance,Kannada,2024-02-26,183,1.4,504804.0,Available
9805,Lost Warriors,Movie,action,Malayalam,2024-02-27,184,1.5,504805.0,Removed
9806,Hidden Destiny,Series,DRAMA,Telugu,2024-02-28,185,1.6,504806.0,Upcoming
9807,Sacred Journey,Documentary,Comedy,Hindi,2024-02-29,186,1.7,504807.0,available
9808,Wild Path,Sports,Horror,English,2024-03-01,187,1.8,504808.0,Available
9809,Iron Truth,Movie,Sci-Fi,Tamil,2024-03-02,188,1.9,504809.0,Removed
9810,Shadow Promise,Movie,Action,Kannada,2024-03-03,189,2.0,504810.0,Upcoming
9811,Burning Secrets,Series,Drama,,2024-03-04,190,2.1,504811.0,available
9812,Last Chronicles,Documentary,Comedy,Telugu,2024-03-05,191,2.2,504812.0,Available
9813,First Tales,Sports,Thriller,Hindi,2024-03-06,192,2.3,504813.0,Removed
9814,Final Dreams,Movie,Romance,English,2024-03-07,193,2.4,504814.0,Upcoming
9815,Blue Valley,Movie,action,Tamil,2024-03-08,194,2.5,504815.0,available
9816,Red Mountain,Series,DRAMA,Kannada,2024-03-09,195,2.6,504816.0,Available
9817,Black River,Documentary,Comedy,Malayalam,2024-03-10,196,2.7,504817.0,Removed
9818,White Sky,Sports,Horror,Telugu,2024-03-11,197,2.8,504818.0,Upcoming
9819,Crimson Ocean,Movie,Sci-Fi,Hindi,2024-03-12,198,2.9,504819.0,available
9820,Storm Horizon,Movie,Action,English,2024-03-13,199,3.0,504820.0,Available
9821,Fire Legacy,Series,Drama,Tamil,2024-03-14,200,3.1,504821.0,Removed
9822,Ice Empire,Documentary,Comedy,Kannada,2024-03-15,201,3.2,504822.0,Upcoming
9823,Steel Dawn,Sports,Thriller,Malayalam,2024-03-16,202,3.3,504823.0,available
9824,Thunder Night,Movie,Romance,Telugu,2024-03-17,203,3.4,504824.0,Available
9825,Dark Warriors,Movie,action,Hindi,2024-03-18,204,3.5,504825.0,Removed
9826,Golden Destiny,Series,DRAMA,English,2024-03-19,205,3.6,504826.0,Upcoming
9827,Silent Journey,Documentary,Comedy,Tamil,2024-03-20,206,3.7,504827.0,available
9828,Rising Path,Sports,Horror,,2024-03-21,207,3.8,504828.0,Available
9829,Broken Truth,Movie,Sci-Fi,Malayalam,2024-03-22,208,3.9,504829.0,Removed
9830,Lost Promise,Movie,Action,Telugu,2024-03-23,209,4.0,504830.0,Upcoming
9831,Hidden Secrets,Series,Drama,Hindi,2024-03-24,210,4.1,504831.0,available
9832,Sacred Chronicles,Documentary,Comedy,English,2024-03-25,211,4.2,504832.0,Available
9833,Wild Tales,Sports,Thriller,Tamil,2024-03-26,212,4.3,504833.0,Removed
9834,Iron Dreams,Movie,Romance,Kannada,2024-03-27,213,4.4,504834.0,Upcoming
9835,Shadow Valley,Movie,action,Malayalam,2024-03-28,214,4.5,504835.0,available
9836,Burning Mountain,Series,DRAMA,Telugu,2024-03-29,215,4.6,504836.0,Available
9837,Last River,Documentary,Comedy,Hindi,2024-03-30,216,4.7,504837.0,Removed
9838,First Sky,Sports,Horror,English,2024-03-31,217,4.8,504838.0,Upcoming
9839,Final Ocean,Movie,Sci-Fi,Tamil,2024-04-01,218,4.9,504839.0,available
9840,Blue Horizon,Movie,Action,Kannada,2024-04-02,219,1.0,504840.0,Available
9841,Red Legacy,Series,Drama,Malayalam,2024-04-03,220,1.1,504841.0,Removed
9842,Black Empire,Documentary,Comedy,Telugu,2024-04-04,221,1.2,504842.0,Upcoming
9843,White Dawn,Sports,Thriller,Hindi,2024-04-05,222,1.3,504843.0,available
9844,Crimson Night,Movie,Romance,English,2024-04-06,223,1.4,504844.0,Available
9845,Storm Warriors,Movie,action,,2024-04-07,224,1.5,504845.0,Removed
9846,Fire Destiny,Series,DRAMA,Kannada,2024-04-08,225,1.6,504846.0,Upcoming
9847,Ice Journey,Documentary,Comedy,Malayalam,2024-04-09,226,1.7,504847.0,available
9848,Steel Path,Sports,Horror,Telugu,2024-04-10,227,1.8,504848.0,Available
9849,Thunder Truth,Movie,Sci-Fi,Hindi,2024-04-11,228,1.9,504849.0,Removed
9850,Dark Promise,Movie,Action,English,2024-04-12,229,2.0,504850.0,Upcoming
9851,Golden Secrets,Series,Drama,Tamil,2024-04-13,230,2.1,504851.0,available
9852,Silent Chronicles,Documentary,Comedy,Kannada,2024-04-14,231,2.2,504852.0,Available
9853,Rising Tales,Sports,Thriller,Malayalam,2024-04-15,232,2.3,504853.0,Removed
9854,Broken Dreams,Movie,Romance,Telugu,2024-04-16,233,2.4,504854.0,Upcoming
9855,Lost Valley,Movie,action,Hindi,2024-04-17,234,2.5,504855.0,available
9856,Hidden Mountain,Series,DRAMA,English,2024-04-18,235,2.6,504856.0,Available
9857,Sacred River,Documentary,Comedy,Tamil,2024-04-19,236,2.7,504857.0,Removed
9858,Wild Sky,Sports,Horror,Kannada,2024-04-20,237,2.8,504858.0,Upcoming
9859,Iron Ocean,Movie,Sci-Fi,Malayalam,2024-04-21,238,2.9,504859.0,available
9860,Shadow Horizon,Movie,Action,Telugu,2024-04-22,239,3.0,504860.0,Available
9861,Burning Legacy,Series,Drama,Hindi,2024-04-23,240,3.1,504861.0,Removed
9862,Last Empire,Documentary,Comedy,,2024-04-24,20,3.2,504862.0,Upcoming
9863,First Dawn,Sports,Thriller,Tamil,2024-04-25,21,3.3,504863.0,available
9864,Final Night,Movie,Romance,Kannada,2024-04-26,22,3.4,504864.0,Available
9865,Blue Warriors,Movie,action,Malayalam,2024-04-27,23,3.5,504865.0,Removed
9866,Red Destiny,Series,DRAMA,Telugu,2024-04-28,24,3.6,504866.0,Upcoming
9867,Black Journey,Documentary,Comedy,Hindi,2024-04-29,25,3.7,504867.0,available
9868,White Path,Sports,Horror,English,2024-04-30,26,3.8,504868.0,Available
9869,Crimson Truth,Movie,Sci-Fi,Tamil,2024-05-01,27,3.9,504869.0,Removed
9870,Storm Promise,Movie,Action,Kannada,2024-05-02,28,4.0,504870.0,Upcoming
9871,Fire Secrets,Series,Drama,Malayalam,2024-05-03,29,4.1,504871.0,available
9872,Ice Chronicles,Documentary,Comedy,Telugu,2024-05-04,30,4.2,504872.0,Available
9873,Steel Tales,Sports,Thriller,Hindi,2024-05-05,31,4.3,504873.0,Removed
9874,Thunder Dreams,Movie,Romance,English,2024-05-06,32,4.4,504874.0,Upcoming
9875,Dark Valley,Movie,action,Tamil,2024-05-07,33,4.5,504875.0,available
9876,Golden Mountain,Series,DRAMA,Kannada,2024-05-08,34,4.6,504876.0,Available
9877,Silent River,Documentary,Comedy,Malayalam,2024-05-09,35,4.7,504877.0,Removed
9878,Rising Sky,Sports,Horror,Telugu,2024-05-10,36,4.8,504878.0,Upcoming
9879,Broken Ocean,Movie,Sci-Fi,,2024-05-11,37,4.9,504879.0,available
9880,Lost Horizon,Movie,Action,English,2024-05-12,38,1.0,504880.0,Available
9881,Hidden Legacy,Series,Drama,Tamil,2024-05-13,39,1.1,504881.0,Removed
9882,Sacred Empire,Documentary,Comedy,Kannada,2024-05-14,40,1.2,504882.0,Upcoming
9883,Wild Dawn,Sports,Thriller,Malayalam,2024-05-15,41,1.3,504883.0,available
9884,Iron Night,Movie,Romance,Telugu,2024-05-16,42,1.4,504884.0,Available
9885,Shadow Warriors,Movie,action,Hindi,2024-05-17,43,1.5,504885.0,Removed
9886,Burning Destiny,Series,DRAMA,English,2024-05-18,44,1.6,504886.0,Upcoming
9887,Last Journey,Documentary,Comedy,Tamil,2024-05-19,45,1.7,504887.0,available
9888,First Path,Sports,Horror,Kannada,2024-05-20,46,1.8,504888.0,Available
9889,Final Truth,Movie,Sci-Fi,Malayalam,2024-05-21,47,1.9,504889.0,Removed
9890,Blue Promise,Movie,Action,Telugu,2024-05-22,48,2.0,504890.0,Upcoming
9891,Red Secrets,Series,Drama,Hindi,2024-05-23,49,2.1,504891.0,available
9892,Black Chronicles,Documentary,Comedy,English,2024-05-24,50,2.2,504892.0,Available
9893,White Tales,Sports,Thriller,Tamil,2024-05-25,51,2.3,504893.0,Removed
9894,Crimson Dreams,Movie,Romance,Kannada,2024-05-26,52,2.4,504894.0,Upcoming
9895,Storm Valley,Movie,action,Malayalam,2024-05-27,53,2.5,504895.0,available
9896,Fire Mountain,Series,DRAMA,,2024-05-28,54,2.6,504896.0,Available
9897,Ice River,Documentary,Comedy,Hindi,2024-05-29,55,2.7,504897.0,Removed
9898,Steel Sky,Sports,Horror,English,2024-05-30,56,2.8,504898.0,Upcoming
9899,Thunder Ocean,Movie,Sci-Fi,Tamil,2024-05-31,57,2.9,504899.0,available
9900,Dark Horizon,Movie,Action,Kannada,2024-06-01,58,3.0,504900.0,Available
9901,Golden Legacy,Series,Drama,Malayalam,2024-06-02,59,3.1,504901.0,Removed
9902,Silent Empire,Documentary,Comedy,Telugu,2024-06-03,60,3.2,504902.0,Upcoming
9903,Rising Dawn,Sports,Thriller,Hindi,2024-06-04,61,3.3,504903.0,available
9904,Broken Night,Movie,Romance,English,2024-06-05,62,3.4,504904.0,Available
9905,Lost Warriors,Movie,action,Tamil,2024-06-06,63,3.5,504905.0,Removed
9906,Hidden Destiny,Series,DRAMA,Kannada,2024-06-07,64,3.6,504906.0,Upcoming
9907,Sacred Journey,Documentary,Comedy,Malayalam,2024-06-08,65,3.7,504907.0,available
9908,Wild Path,Sports,Horror,Telugu,2024-06-09,66,3.8,504908.0,Available
9909,Iron Truth,Movie,Sci-Fi,Hindi,2024-06-10,67,3.9,504909.0,Removed
9910,Shadow Promise,Movie,Action,English,2024-06-11,68,4.0,504910.0,Upcoming
9911,Burning Secrets,Series,Drama,Tamil,2024-06-12,69,4.1,504911.0,available
9912,Last Chronicles,Documentary,Comedy,Kannada,2024-06-13,70,4.2,504912.0,Available
9913,First Tales,Sports,Thriller,,2024-06-14,71,4.3,504913.0,Removed
9914,Final Dreams,Movie,Romance,Telugu,2024-06-15,72,4.4,504914.0,Upcoming
9915,Blue Valley,Movie,action,Hindi,2024-06-16,73,4.5,504915.0,available
9916,Red Mountain,Series,DRAMA,English,2024-06-17,74,4.6,504916.0,Available
9917,Black River,Documentary,Comedy,Tamil,2024-06-18,75,4.7,504917.0,Removed
9918,White Sky,Sports,Horror,Kannada,2024-06-19,76,4.8,504918.0,Upcoming
9919,Crimson Ocean,Movie,Sci-Fi,Malayalam,2024-06-20,77,4.9,504919.0,available
9920,Storm Horizon,Movie,Action,Telugu,2024-06-21,78,1.0,504920.0,Available
9921,Fire Legacy,Series,Drama,Hindi,2024-06-22,79,1.1,504921.0,Removed
9922,Ice Empire,Documentary,Comedy,English,2024-06-23,80,1.2,504922.0,Upcoming
9923,Steel Dawn,Sports,Thriller,Tamil,2024-06-24,81,1.3,504923.0,available
9924,Thunder Night,Movie,Romance,Kannada,2024-06-25,82,1.4,504924.0,Available
9925,Dark Warriors,Movie,action,Malayalam,2024-06-26,83,1.5,504925.0,Removed
9926,Golden Destiny,Series,DRAMA,Telugu,2024-06-27,84,1.6,504926.0,Upcoming
9927,Silent Journey,Documentary,Comedy,Hindi,2024-06-28,85,1.7,504927.0,available
9928,Rising Path,Sports,Horror,English,2024-06-29,86,1.8,504928.0,Available
9929,Broken Truth,Movie,Sci-Fi,Tamil,2024-06-30,87,1.9,504929.0,Removed
9930,Lost Promise,Movie,Action,,2024-07-01,88,2.0,504930.0,Upcoming
9931,Hidden Secrets,Series,Drama,Malayalam,2024-07-02,89,2.1,504931.0,available
9932,Sacred Chronicles,Documentary,Comedy,Telugu,2024-07-03,90,2.2,504932.0,Available
9933,Wild Tales,Sports,Thriller,Hindi,2024-07-04,91,2.3,504933.0,Removed
9934,Iron Dreams,Movie,Romance,English,2024-07-05,92,2.4,504934.0,Upcoming
9935,Shadow Valley,Movie,action,Tamil,2024-07-06,93,2.5,504935.0,available
9936,Burning Mountain,Series,DRAMA,Kannada,2024-07-07,94,2.6,504936.0,Available
9937,Last River,Documentary,Comedy,Malayalam,2024-07-08,95,2.7,504937.0,Removed
9938,First Sky,Sports,Horror,Telugu,2024-07-09,96,2.8,504938.0,Upcoming
9939,Final Ocean,Movie,Sci-Fi,Hindi,2024-07-10,97,2.9,504939.0,available
9940,Blue Horizon,Movie,Action,English,2024-07-11,98,3.0,504940.0,Available
9941,Red Legacy,Series,Drama,Tamil,2024-07-12,99,3.1,504941.0,Removed
9942,Black Empire,Documentary,Comedy,Kannada,2024-07-13,100,3.2,504942.0,Upcoming
9943,White Dawn,Sports,Thriller,Malayalam,2024-07-14,101,3.3,504943.0,available
9944,Crimson Night,Movie,Romance,Telugu,2024-07-15,102,3.4,504944.0,Available
9945,Storm Warriors,Movie,action,Hindi,2024-07-16,103,3.5,504945.0,Removed
9946,Fire Destiny,Series,DRAMA,English,2024-07-17,104,3.6,504946.0,Upcoming
9947,Ice Journey,Documentary,Comedy,,2024-07-18,105,3.7,504947.0,available
9948,Steel Path,Sports,Horror,Kannada,2024-07-19,106,3.8,504948.0,Available
9949,Thunder Truth,Movie,Sci-Fi,Malayalam,2024-07-20,107,3.9,504949.0,Removed
9950,Dark Promise,Movie,Action,Telugu,2024-07-21,108,4.0,504950.0,Upcoming
9951,Golden Secrets,Series,Drama,Hindi,2024-07-22,109,4.1,504951.0,available
9952,Silent Chronicles,Documentary,Comedy,English,2024-07-23,110,4.2,504952.0,Available
9953,Rising Tales,Sports,Thriller,Tamil,2024-07-24,111,4.3,504953.0,Removed
9954,Broken Dreams,Movie,Romance,Kannada,2024-07-25,112,4.4,504954.0,Upcoming
9955,Lost Valley,Movie,action,Malayalam,2024-07-26,113,4.5,504955.0,available
9956,Hidden Mountain,Series,DRAMA,Telugu,2024-07-27,114,4.6,504956.0,Available
9957,Sacred River,Documentary,Comedy,Hindi,2024-07-28,115,4.7,504957.0,Removed
9958,Wild Sky,Sports,Horror,English,2024-07-29,116,4.8,504958.0,Upcoming
9959,Iron Ocean,Movie,Sci-Fi,Tamil,2024-07-30,117,4.9,504959.0,available
9960,Shadow Horizon,Movie,Action,Kannada,2024-07-31,118,1.0,504960.0,Available
9961,Burning Legacy,Series,Drama,Malayalam,2024-08-01,119,1.1,504961.0,Removed
9962,Last Empire,Documentary,Comedy,Telugu,2024-08-02,120,1.2,504962.0,Upcoming
9963,First Dawn,Sports,Thriller,Hindi,2024-08-03,121,1.3,504963.0,available
9964,Final Night,Movie,Romance,,2024-08-04,122,1.4,504964.0,Available
9965,Blue Warriors,Movie,action,Tamil,2024-08-05,123,1.5,504965.0,Removed
9966,Red Destiny,Series,DRAMA,Kannada,2024-08-06,124,1.6,504966.0,Upcoming
9967,Black Journey,Documentary,Comedy,Malayalam,2024-08-07,125,1.7,504967.0,available
9968,White Path,Sports,Horror,Telugu,2024-08-08,126,1.8,504968.0,Available
9969,Crimson Truth,Movie,Sci-Fi,Hindi,2024-08-09,127,1.9,504969.0,Removed
9970,Storm Promise,Movie,Action,English,2024-08-10,128,2.0,504970.0,Upcoming
9971,Fire Secrets,Series,Drama,Tamil,2024-08-11,129,2.1,504971.0,available
9972,Ice Chronicles,Documentary,Comedy,Kannada,2024-08-12,130,2.2,504972.0,Available
9973,Steel Tales,Sports,Thriller,Malayalam,2024-08-13,131,2.3,504973.0,Removed
9974,Thunder Dreams,Movie,Romance,Telugu,2024-08-14,132,2.4,504974.0,Upcoming
9975,Dark Valley,Movie,action,Hindi,2024-08-15,133,2.5,504975.0,available
9976,Golden Mountain,Series,DRAMA,English,2024-08-16,134,2.6,504976.0,Available
9977,Silent River,Documentary,Comedy,Tamil,2024-08-17,135,2.7,504977.0,Removed
9978,Rising Sky,Sports,Horror,Kannada,2024-08-18,136,2.8,504978.0,Upcoming
9979,Broken Ocean,Movie,Sci-Fi,Malayalam,2024-08-19,137,2.9,504979.0,available
9980,Lost Horizon,Movie,Action,Telugu,2024-08-20,138,3.0,504980.0,Available
9981,Hidden Legacy,Series,Drama,,2024-08-21,139,3.1,504981.0,Removed
9982,Sacred Empire,Documentary,Comedy,English,2024-08-22,140,3.2,504982.0,Upcoming
9983,Wild Dawn,Sports,Thriller,Tamil,2024-08-23,141,3.3,504983.0,available
9984,Iron Night,Movie,Romance,Kannada,2024-08-24,142,3.4,504984.0,Available
9985,Shadow Warriors,Movie,action,Malayalam,2024-08-25,143,3.5,504985.0,Removed
9986,Burning Destiny,Series,DRAMA,Telugu,2024-08-26,144,3.6,504986.0,Upcoming
9987,Last Journey,Documentary,Comedy,Hindi,2024-08-27,145,3.7,504987.0,available
9988,First Path,Sports,Horror,English,2024-08-28,146,3.8,504988.0,Available
9989,Final Truth,Movie,Sci-Fi,Tamil,2024-08-29,147,3.9,504989.0,Removed
9990,Blue Promise,Movie,Action,Kannada,2024-08-30,148,4.0,504990.0,Upcoming
9991,Red Secrets,Series,Drama,Malayalam,2024-08-31,149,4.1,504991.0,available
9992,Black Chronicles,Documentary,Comedy,Telugu,2024-09-01,150,4.2,504992.0,Available
9993,White Tales,Sports,Thriller,Hindi,2024-09-02,151,4.3,504993.0,Removed
9994,Crimson Dreams,Movie,Romance,English,2024-09-03,152,4.4,504994.0,Upcoming
9995,Storm Valley,Movie,action,Tamil,2024-09-04,153,4.5,504995.0,available
9996,Fire Mountain,Series,DRAMA,Kannada,2024-09-05,154,4.6,504996.0,Available
9997,Ice River,Documentary,Comedy,Malayalam,2024-09-06,155,4.7,504997.0,Removed
9998,Steel Sky,Sports,Horror,,2024-09-07,156,4.8,504998.0,Upcoming
9999,Thunder Ocean,Movie,Sci-Fi,Hindi,2024-09-08,157,4.9,504999.0,available
10000,Dark Horizon,Movie,Action,English,2024-09-09,158,1.0,505000.0,Available
